3aaed3bd32ad0d82813d2ec1c53771053041c1b6,7d9052542009f8a7a37e5e4dd3f234dc9f2bcdce
fc2cac4bf4312c67b1c974021402c47d133d6c55,ea7eb3ca48a5078ec9fda215d096c3e5f6167439
fc2cac4bf4312c67b1c974021402c47d133d6c55,80ad6d5fe8f970f214966cd0d968977529887bf7
52363336f204a1f53c3b547ef931c11cb6e06428,d9d140efb49dcdf97f15f04a7f71d6d38775e4a0
5aeac601c2a6098433012a9301cbea391b1ba4ed,40d3b0eb230dff0aaf3d97e330fe252927e95725
5fe947f2eb0c080bd430219cb9f3fddbc629959f,7ec911802a55e93aefcdabd75ae268c2782d9f24
89b4261fa172f4c2d5b5bfb9373a9bb9a99a8bc5,50947f0cd0b98669e045e36924a663a122f7dacc
066b7615a400df339d647f00c2271eba5f5c38b0,91e910cc20bbf7a0adf8abe516dbc13b08ef7852
b1fb0101019b72f7895c1fe0290f6009d089de00,34a8b5fe728a8ddf21de1377706a63abea1903f7
34a8b5fe728a8ddf21de1377706a63abea1903f7,045b1525bb64483c17e146dd8a114ac0416bbfab
efdda660ec68177efa3a50808e8b0fe323ddc6fc,fbb9c755d909e558423ae2b8354b08dc12b3ef6b
efdda660ec68177efa3a50808e8b0fe323ddc6fc,bffa6b43e7a7b06c9d74ec4c5069367b6d06cf37
b5537ed7f0bdfeb74da770a37d930a168549a3d7,2d3aedcbfed2b84d42313e267d087aeba25f904d
a9df63890490fe4a0d10f16135411ed604a490d0,fc7afc980af46f70ada6fa28d0dbf0a295773d10
b1bdc26b35e012c981cd111262cdb007c16e2a86,912a314402a1f7d4e3c164082d142b98474f4aec
3f3dc1de52a88fa07f0d509e3f390c75361219fe,a70ea5a1736f9f9e8b68257d2ec78f39a87b6749
c34c2e77f742f0bcaef7d2596b1a5e7ce1c14518,f79cd980a5e03c6d0bf72c1c254c4cf544dd7003
c34c2e77f742f0bcaef7d2596b1a5e7ce1c14518,f0698cc457d742b5fb9035a5e67aa532ead89828
a70ea5a1736f9f9e8b68257d2ec78f39a87b6749,6d755076d12b15ad552ceab35980c086bbe84bd3
a70ea5a1736f9f9e8b68257d2ec78f39a87b6749,47f5e0edc5aec0f7851f1994e2ca2902b7c66651
a70ea5a1736f9f9e8b68257d2ec78f39a87b6749,9e250bb3aebbd246e6a6bba0dace72419fe738e4
7b236a3283deb0cd620e7b28ad00467b87d57b01,77a289d29b91f431663b71ca0ceba641125cfc30
7b236a3283deb0cd620e7b28ad00467b87d57b01,2f11131c9fae2c13d5505af2eba78dffa1d0e3de
7b236a3283deb0cd620e7b28ad00467b87d57b01,5acebc39ab170373d4e26ea3d004091ea5eec459
7b236a3283deb0cd620e7b28ad00467b87d57b01,f14b93d95fdf824cd97d2b4a10b49a8952e3c121
7b236a3283deb0cd620e7b28ad00467b87d57b01,7d745ecfe56195a972be6c53ed61d6dcc21b8f59
7b236a3283deb0cd620e7b28ad00467b87d57b01,1371ebf633035988e8b5a39cbd310aaa195afa1b
82284c30c83c89cda9673683fff7afa5a1263288,047d6fc6b43ba9500736ff1b1be8e9b21c4ae299
142e9378a3328f1b40e44fb9ebdb6346c0482a82,e57bcf9efa83226694903b94f447d411883bd3f9
a24375e08754735e8828edc68554c3054c5b9f36,a46a0ef95618c3e1070178bf5ac24b41378ef6d4
a24375e08754735e8828edc68554c3054c5b9f36,915951c1ae4f20074bc037f3260be6f0e2bc708d
3273552ffdb0960ebc8ac713dace95185dc7a8d4,f8371a5a0076f8808ad1fdaabb6ecd30fb79c417
7fb5089f8107648079e8759b7586d70f7102a276,3a50725cdd5dc2bc5ae006b3627a410479b7eaf9
0683eb9ff60a26c260db83648162c793eda36ec8,f2959d7ad42ade609ec5464d8492f5782cf7dfc5
702a22a8ace632ab9f41fc55ae9597573ab717c6,6ff2e6b9d4074d0e9248b9d26b133e89470fb552
702a22a8ace632ab9f41fc55ae9597573ab717c6,686fb44b02bd858795e87885ed656be19ec644f3
ef4b3c60b388f53983208970decb8f730a075176,6c544815bcc94b187e51493e11ade48d045d3b5f
0af4cf356e56e3566e502265296070753fd1eda3,41c665a8d4a540a4112c4f755210a298dd18b064
cf37e34f0da47c3e5c4e661bc8d823dc66a02425,87e9d70aced65e7b9b76fb16318ce132e25823c3
cf37e34f0da47c3e5c4e661bc8d823dc66a02425,b261f0928622bc0f31fdcd4fe853f3a3826ff891
81295005ea834db4f6bb13d12c97ce286b5b24ed,5a9bb5c83c8300019fc52ab706f1432ebbf2c319
81295005ea834db4f6bb13d12c97ce286b5b24ed,2c255c487173bba03e23fc28424ba6383893394e
81295005ea834db4f6bb13d12c97ce286b5b24ed,80907c77a9e4dd5497166393bc7f85907c237da6
81295005ea834db4f6bb13d12c97ce286b5b24ed,354afcf98b349dca45c0ad9b4cda8f8aa8ad0d9b
81295005ea834db4f6bb13d12c97ce286b5b24ed,04d36186146e7ab19ef6b8e619404463314693e6
81295005ea834db4f6bb13d12c97ce286b5b24ed,e49fad312f7963aa470b0120140347b946505f49
81295005ea834db4f6bb13d12c97ce286b5b24ed,08bfbf491eb8032ffaf12f5943831545f8c87c61
81295005ea834db4f6bb13d12c97ce286b5b24ed,b97924f14b79c3ca66037746f3170c6aff11b778
81295005ea834db4f6bb13d12c97ce286b5b24ed,093ba87f6c095cbe05616f85622fb936552821a9
81295005ea834db4f6bb13d12c97ce286b5b24ed,430d3c081f84beeb1cfdcae2fc2a0ca6443f00d0
81295005ea834db4f6bb13d12c97ce286b5b24ed,fe4ccf09c2c21d9b1499429f5531b765d9c928e2
81295005ea834db4f6bb13d12c97ce286b5b24ed,799ff7222a7e70d085c06d795a1052435646c47e
81295005ea834db4f6bb13d12c97ce286b5b24ed,dfefd19efe1afc36a4bcd3332d69f0e9d0ff21cb
81295005ea834db4f6bb13d12c97ce286b5b24ed,8052cec4de66f7a9822a688dda8a4fcd756e9def
81295005ea834db4f6bb13d12c97ce286b5b24ed,5a06158a7193a684a35734ec3c6cd7604e60580b
81295005ea834db4f6bb13d12c97ce286b5b24ed,a6aae6c63175f7bb90d5a88f205d90ba6c74e485
81295005ea834db4f6bb13d12c97ce286b5b24ed,c4a7e985b75966e02bd1316201e0fd441b658410
81295005ea834db4f6bb13d12c97ce286b5b24ed,d13c1073a5ccdaa9ca9fd183a061e4b66ce3c7dd
37505c16f50f48bca60d050902ffe674ca90b9f6,7396a9e599c7ced0fd3651b18399555b74ae228f
1b91b166d7a5c5f70c07e21690d32601ede5c305,a09ed487f254a41c8c446b999e0ea2985371af86
a6e0e1e167c6cd10dffdd5912406a8ce03049fba,f3ca2d2dc249339d42f4ec3f8d048a77835bee50
4d7e91fa3dc7374a1a15966206f1d1ccf962704d,25e2390417b71a4c534f0cb4b3c0285764e23cae
b261f0928622bc0f31fdcd4fe853f3a3826ff891,905310204dc85b67969db480bf01eb174d8463d1
b261f0928622bc0f31fdcd4fe853f3a3826ff891,689ca54a269fe1bb85c1a2d58abf4e5b797cf6c4
b261f0928622bc0f31fdcd4fe853f3a3826ff891,fad4fdb5d215da2ee5d177dd151a36a3c2074d4e
b261f0928622bc0f31fdcd4fe853f3a3826ff891,5926dacf2f85a6a1574f43650b24f9c53b718074
b261f0928622bc0f31fdcd4fe853f3a3826ff891,c1582291ea8b0c28d85265ff53285d35bbd8d40b
b261f0928622bc0f31fdcd4fe853f3a3826ff891,c2aed46af1b1a14125b07619472c65bbcf9570ec
b261f0928622bc0f31fdcd4fe853f3a3826ff891,7353397a4fa41e3a62fc543668b870fa5120db26
c2aed46af1b1a14125b07619472c65bbcf9570ec,f9cda01b1822a98ef1757d38dcf7fa0390c2b5a1
512354750bf771404bba347e12aed0405af12053,13f404a2fe01f06bdae2e6a477a3461611e24a58
928e522c3ddbff464f5d8fabb31c99743a40d8f7,12ae209ce878869818fea03c4706880002ddbc97
a6fd07037a6c9a0964deb6fec71ec1ed38be8afa,0498a5b2d186cc137351e4e6d431d7a6b24e0934
a6fd07037a6c9a0964deb6fec71ec1ed38be8afa,ef8c2bf736b5eda3e7b6d6ca0faa0084ec0a03bf
66c140d7cb78a4a0c2a7b7c85591243a54fb8d16,f6daa0b042ca4696a07bc7232505e49e724dd4c7
8f111ebda41fc1eeff459eb40498d2c4e2cccb1e,de99faf3dcbb9fbd26b427193e92e0e01d91cb13
8f79ba4244844ad9a9cc6970a6f58dd6ade634b3,1b92eb6331b23562191a2e59ab68f4365e7688e8
8f79ba4244844ad9a9cc6970a6f58dd6ade634b3,5ddb411fb160f7c2969857888ca8ca571937f307
75deb3ec33619cee9a761568fa5db23f32b911b6,3068730a3f9f2d6e43d078b66609c50d89e8a82b
be44c34cf9cb5b69a50d2218f00d97a1efc944a1,0d04f2011ac80840b43c95000a26cd19342b0ad6
783695f93963830e0df05ddc25146dc1be263caa,af21689c09d0e8568efb59fafd6f549f1d4c46b3
783695f93963830e0df05ddc25146dc1be263caa,97d9bb8a1f66f39660e596eef75b40a8c315ad71
98b31651d1077976ed6cddb7444a9524aa7b1b33,7466969a8223994d09225b1133b4e1ddb2b4a7b0
c53365d01e564f5b9c4a4ca105e469a34560a24e,1e7797a6ef956c31176b92952a7ec09713283316
8d4ee84b7b6e42f0d4f95f1f6367190b1540275d,1a4acbae73ded76635aa70c6a29272532a9a1ab1
8d4ee84b7b6e42f0d4f95f1f6367190b1540275d,6e572cb3ac036a91812eb78fb5f4aadc2932f392
8d4ee84b7b6e42f0d4f95f1f6367190b1540275d,10f69437acf086516276bf28e32339ac61e9f957
9994dc2104e388cf9975d0d0a5bdd97fce5ad555,7705267929fee520eba7d05798a43adc114ca998
d5914cbce6a5abfa9795e3780f38a8c8e1ccef92,146fb4cda919aa524afbf6a39244b8f155c3f2a9
f70b9a0b7c4a151132c00af285fbead184ab48e8,dbf2f9868cbd9b3fdee8948309410a56a66b1187
e2d0d658a527eaa3a9b267d55e6b817f5ef5b518,ba613623f1c136356df59d0316aa7113ab9d1c58
e2d0d658a527eaa3a9b267d55e6b817f5ef5b518,1250c24cc79cb484768bc86b2969d07ba9dee16a
e2d0d658a527eaa3a9b267d55e6b817f5ef5b518,08bde13d0ca126d44777f943a7a5db097f2e0582
b2143a0bb85dee92859799fb11aa4193339fc891,92e3469b3d151aed60a4703e3ad8d4ca754eb5bd
a3007501b4c097ae916932ee1b019a456695a48e,cb29205b63f5c281ea49df6a1d5170f163dc9d07
a3007501b4c097ae916932ee1b019a456695a48e,76f2b66fa1b301f3efeaee6f277447f4477c2855
a3007501b4c097ae916932ee1b019a456695a48e,c4b55eeed55651e88551769d5706b9e06f433e0b
a3007501b4c097ae916932ee1b019a456695a48e,0f11b6d6302f9c4b928e982c2f838f25f676b1c8
9171567414303416e3d2801711b8fd1e4e268565,c1788f19e617ccc9ae83206435fcdb7551251e04
c11c41d67738500b0d1eeea7170a775441578cae,d9796a3e7bb05c92fe3bdd3e6014670ca58c871c
972b159b3e062319f06d00e419eba3fe9126b95d,4f85c45bcd0ad11114dc5c162c97cd8f88035351
972b159b3e062319f06d00e419eba3fe9126b95d,66d8bc5a19009d237ac01fcd27939b9232396abf
201c2b2d9ffd3cbb75c62930462b58a19b3411b9,8910e51e8b9ae0155e3f9649fa76a34b025cb545
201c2b2d9ffd3cbb75c62930462b58a19b3411b9,d0286c1556fd68f8c5b29d298f6c004819862f39
01c771fe7f945a53581a7badb0a6b840e98f572a,b72a10679c823feab5a1789deaabd05618f050ed
6a1b2622bda31c9eadf91d3c136207528cdd4635,cf21430055d8162970748c62d9860ded1a9419b1
6a1b2622bda31c9eadf91d3c136207528cdd4635,219b3c78f54e08e9abec9655916b9d5252ff8678
6a1b2622bda31c9eadf91d3c136207528cdd4635,b7f96dcf675af0885c67d0482f83e9404b7df285
6a1b2622bda31c9eadf91d3c136207528cdd4635,ac35fbaf100c629bacc694cf41e9da146ce05681
a685936cae13b6a51028d1db0d023c5ab8ba09ca,6c87c2a9ae5614b3db5b5a574f579c5082790263
a685936cae13b6a51028d1db0d023c5ab8ba09ca,7e8f0172e81bd448c8c2419b66a2881d85a89c62
a685936cae13b6a51028d1db0d023c5ab8ba09ca,8ab3a1f5bf39bb6fa148ecf605d11583b37c82b5
c198137d69f40c5fe17a399c06e2d2934109d8b1,6b1642cb2098db131453b36cab71526a5c2f7974
c198137d69f40c5fe17a399c06e2d2934109d8b1,66a020ee08fb8cb46fcc98cd4b3243802b41839f
c198137d69f40c5fe17a399c06e2d2934109d8b1,6e9b384489e89ef9c8428710a1d9913de06f18df
c198137d69f40c5fe17a399c06e2d2934109d8b1,b786d62e640b11f3734ff406f07bd881c9bfcf01
92fc8257488f43bff07e19f1774cbb821f2194c3,8b6a5dc64a0045eb359d915ed937cc717a46d3cd
92fc8257488f43bff07e19f1774cbb821f2194c3,34481b283152da388e7b97ce21811ef1fc9e9348
633f35760abd6e2e81a4b4c1c2dc29ddf4e868d5,4c63dd98851aa0f350ccfbf95ced96b2a0efe640
633f35760abd6e2e81a4b4c1c2dc29ddf4e868d5,bd48ca3ad027be0f96f7e9fd8d466767a453e2ea
c1c2841d40908486c32ebf9febdfbf3cea8929cf,6d2443e5394e10a72236064f4af35697b2f2b831
fb7325b80ebd8afaeca7c2b12eae99c282a002bd,2740af53d860ec062df06e58f598103a6977a54a
fb7325b80ebd8afaeca7c2b12eae99c282a002bd,3aad4f4185d0069977ca1a1f497cdd9d430b0b6e
34481b283152da388e7b97ce21811ef1fc9e9348,4620d7a09dbab07dc44541701b9156c461dae26a
34481b283152da388e7b97ce21811ef1fc9e9348,5bea56808a20daf930741f1289dcf23345460ac6
34481b283152da388e7b97ce21811ef1fc9e9348,525dcd30b7109919e57920445def0996e3144faa
34481b283152da388e7b97ce21811ef1fc9e9348,7810f081c5da42ced75d1bc58bd35da85d79413a
74b767ede5213b43023458661446c24359d6e94e,db9a13a1c3c2f857572811cac8512fabcd3db355
f821ea1e341385154dd853a0ea55ff93b6b29b9b,9eade06d26d142977f43a773c83f3f197f94ff6a
f821ea1e341385154dd853a0ea55ff93b6b29b9b,157062b5c5099bf2a6e149c73d3b6ba9d6505b5a
bf44a88f98d60143b66cecf0fa172ad2159aed5e,343134145b8ec81f42da02beb03c867871495131
1e1ee8d7c92b38bf5ee1935f1367f00f4d033f7c,92a957ff83b3050de48e3ab98569863f2a0410fd
05711a847b12b937b441826cca63477ec2ce67b5,9c2a684c7b403459538e05aa1128582118e5c407
05711a847b12b937b441826cca63477ec2ce67b5,5e503e8de85ac258461064095242fdd8576c8cb4
05711a847b12b937b441826cca63477ec2ce67b5,887fdfcc6a19b4a388f45947891b20cce259bbf9
05711a847b12b937b441826cca63477ec2ce67b5,0a691ed7f767d5f136cd43dbe4b36fd9346eca6f
cd27ed3b6b38d9061a2dd3e2ee367baeb49400c2,da5c046beab155aa92f1da353db693dd3a0f3067
9eade06d26d142977f43a773c83f3f197f94ff6a,8203055211962d6d383dd2738f08456be9266229
9eade06d26d142977f43a773c83f3f197f94ff6a,fb61ac89e62a7e78cf112d1a021c62d369500790
9eade06d26d142977f43a773c83f3f197f94ff6a,c68749eccf8492671a5f9432fcb2c9af95c04111
9eade06d26d142977f43a773c83f3f197f94ff6a,57f02e95bf47de6b75cb5ee8c786ff3a7fd54c87
8203055211962d6d383dd2738f08456be9266229,66d91af035b665debf3b5d55453b13c4d2efd695
8203055211962d6d383dd2738f08456be9266229,b691483e910c8440ce51522eabafd689ec91f943
8203055211962d6d383dd2738f08456be9266229,24d819e05c1d70395c6f55fdbfd74f11f86ba876
9814a280d6a98a194fbf2b251937cfe373b55234,3997e2d09a6140cf63b777ce141b194003fe9b97
786dd96f62315b3d4e7bb8c7aa0e71e845ec5c3c,e90cb76227186ab49e52efbd18f16a3947eb8edb
b1bec1c75c8f6eaa0b16911833a92b2b9ce82ae3,a0d693f3c3aa476e73bbf47c4fb7633165a3580e
b1bec1c75c8f6eaa0b16911833a92b2b9ce82ae3,39a6c19a4033ba23c0602e3dea78481f37e989a6
b1bec1c75c8f6eaa0b16911833a92b2b9ce82ae3,ca17d450a17add560036507408be5d9371d481df
b1bec1c75c8f6eaa0b16911833a92b2b9ce82ae3,0c2cacdb205f323a4fd02327fa9a0bdad7dafdec
b1bec1c75c8f6eaa0b16911833a92b2b9ce82ae3,6282a26f23d8e7b92e5df5a82bca512416669fa4
b1bec1c75c8f6eaa0b16911833a92b2b9ce82ae3,ebdf2988d4610d7136364c12dae8f0c1e266eb36
b1bec1c75c8f6eaa0b16911833a92b2b9ce82ae3,9e8ee5759f75de22daeb9950e3fcdb191c91f6d1
b1bec1c75c8f6eaa0b16911833a92b2b9ce82ae3,cbef704f91dc6eccf6a69d7be5065f67642f7b05
b1bec1c75c8f6eaa0b16911833a92b2b9ce82ae3,f30ddc6be8ebb6e8f6d9b995403f86a1cec0bc8c
b1bec1c75c8f6eaa0b16911833a92b2b9ce82ae3,9f13111ff26d2e02931490d95547be5719aa30ae
b1bec1c75c8f6eaa0b16911833a92b2b9ce82ae3,c99adbfb29a68904084bbb17865b63a653332057
b1bec1c75c8f6eaa0b16911833a92b2b9ce82ae3,c146d857d433edf17dc0583739667085cd05cca0
b1bec1c75c8f6eaa0b16911833a92b2b9ce82ae3,a69b56582a834b6854f785d33bbf2c21a6a574fa
b1bec1c75c8f6eaa0b16911833a92b2b9ce82ae3,a8f973ba1bc413217a6a1b997eb8442a99883ef4
b1bec1c75c8f6eaa0b16911833a92b2b9ce82ae3,fa1d1c27c23492adfbbfc7ef54e1dbc4d899f542
f44435a7f8719caf33924ad04368353dcff6cb50,afa8a9002691c37dcf459fdfae2f65b7257c0ecc
58182fc7a6ef5cd6d9c451263f7b03f71f418a32,d5eb25cfb0f7eb8392ee01cd40f97ef505b6ea08
248975b21f67b94663513710054bc69b487bd6f5,b3cb20a2675445807319916fbbe36f013bc106d5
5e09e31e63ab8f759e03f5b1b90dab88d317ba4c,83ad7eacd0185815d75ecd6d240c1939305f72ce
6a7c1b420bdf76af95565045d1daf5d16e4112be,e1f2ebb6b88df16294a1e7eb244f506c550f980b
0498a5b2d186cc137351e4e6d431d7a6b24e0934,819f57a8eb5449c74c51a718b152376877d9c3d6
59c5d18a4278dcd3773b8aab5930050b3ddb5771,03ea9671dab95cc55a04b30f18989075d52ccf37
7ef5f6d69c020a728e4e56997ee684c684341576,9489e15c9b10371d1ae65d8a1005072132ca2e62
9308c996d5a5f02e30f3f509f7988ceafa11bb0b,c7e389f38c269d2998ddf047bb198b82ae430e02
4f46fcd5851e9d537d4cef43674c786dc0315ab9,f3c23d20a204d8b52b5ff15fe7a552d4cb3c61c1
4c70b50a3b2f9c77e0b245c8d68f510519bc1ab9,55b9ffe8d9c524519846b96746734127afc2e6fd
4c70b50a3b2f9c77e0b245c8d68f510519bc1ab9,18a8fa453e948bc4addf552a22ea369d2534a8a1
4c70b50a3b2f9c77e0b245c8d68f510519bc1ab9,9f80cd64cfb742b5f44c7242db55e81e77176db8
18a8fa453e948bc4addf552a22ea369d2534a8a1,f1d9578140fa22ee38508e8070dd632db590d18f
9f80cd64cfb742b5f44c7242db55e81e77176db8,5a8df97226c947d0b12988fe3a0cca2d1f0f00ab
9f80cd64cfb742b5f44c7242db55e81e77176db8,500cefe59f84c34318852ac031b46a9a410843db
9f80cd64cfb742b5f44c7242db55e81e77176db8,bf6d1258dbbbf774f851d410981a45be75ad1eda
181a66e6b533698b7c42839e10824dcfdc89fa91,9725169aa314aa2b0499d3fe2a97c7a06f703f7b
86e0c657b930d03a3bc79980ceab8c4bc601be8b,3cc4b54ad9ffa17d14dd3a5d0b0e7f11644ca578
e0d62d7c72111656ca854c2498a9114e69c6c83a,7e848c132f171617db4f903b50473b1a5f639d8b
e0d62d7c72111656ca854c2498a9114e69c6c83a,29a96cdd6f614018025c957bd5f313ba8caa7607
e0d62d7c72111656ca854c2498a9114e69c6c83a,c1d1942f4d4e182e1c9a388dc1163bf66a354079
e0d62d7c72111656ca854c2498a9114e69c6c83a,b03a9659fbbe1bb77d36d129da65190e37413543
e0d62d7c72111656ca854c2498a9114e69c6c83a,227b48c667c849ba597c1671918489e16f6ee6c4
e0d62d7c72111656ca854c2498a9114e69c6c83a,7ab4c38cedbf521e9c37da993c4038eef1cea192
2ccda1524a9dbf1ae7ef9e30341fff9620acbc2b,c659beac2858f4c10cc9d5a84d0d0a1263e05e17
b5a08c2a218f4d9c57a704eb887bde5319e2b37c,51d302dd67297f3dfdef5c511849ec40930da0ea
b5a08c2a218f4d9c57a704eb887bde5319e2b37c,aae8eafcf7d07846e06c84d1163f0676539b2e6e
b5a08c2a218f4d9c57a704eb887bde5319e2b37c,9fab79459cfe9a34a2798ba0e8a8fe309cec6732
b5a08c2a218f4d9c57a704eb887bde5319e2b37c,40bf11acdd141050b8dd818104ef2877d0c3709a
88d400f2296a4b1a0ec8adb9d505167ca78940a8,3320c9eddabd67330b6d132ba71cfc822f23fa95
783081698d78c748dad2d501d6094a5f80bf5f48,ab686cb0ce14b172f598fda395ef875f0455c253
ab686cb0ce14b172f598fda395ef875f0455c253,7c07e383d577d95ff2e69fc01d225d937808745d
ab686cb0ce14b172f598fda395ef875f0455c253,08bd233dc434ea036de420a0cfebc1ce4ba48254
ab686cb0ce14b172f598fda395ef875f0455c253,6fab8e597137ca8b1507ee505d21c26349c57756
ab686cb0ce14b172f598fda395ef875f0455c253,79300a23ee39492d7884de092cac1a20bd55cf09
2ffdc353f3eb9b15044d2627c75c8a0a2afa8503,f8b92e7ec9b9ec81db4ad9e31f6b4ae2a340c1e3
cb9ec9b7c072a0cbe77aacb482651550cf1ec047,6697facb907f2d4193ac2ab3c7dab7e6e9b0183c
15bdf825628f6c143d5a6e38eb8a933e7f0a4c88,ea10728f856cd9bb157e8f9d99d31b447a710edc
15bdf825628f6c143d5a6e38eb8a933e7f0a4c88,1dadc58fc3cd3c5704b8239cfb617d02c46ea1da
15bdf825628f6c143d5a6e38eb8a933e7f0a4c88,58eac31ae5d5c8f57a7a367833aa89debcd56c14
7a1c013f934e89411b304b81686541d4c95fcb51,db109e51a06bfad840f725f2aa76e8bceba20239
abc28557e2cff5d6298489f370d8dd95bbba32ed,63c2234ba46f95020f158a440dc675c8b6e16c0a
845af4ae26f41e86d2db9399420c19ec04b43d05,4c19fb15a28f3d61c4ec2f7218f34567b072fae0
1f89e46fd05869697bbf89282cb4fc2561307938,61128f0d22cb06a57b54b81e4549aaa8c9e63d42
ee1d147007661b6b79ac5511779031d86d62a50e,b66fe1c5f5adb448304055917d66ddaddd2d0e7d
ee1d147007661b6b79ac5511779031d86d62a50e,940ee0fb7af971cd290c7b584a49cd37e70ce18f
ee1d147007661b6b79ac5511779031d86d62a50e,ff5f041998d2cf8bc63b594eaa0a235bafbe9a53
6258c690fba5e82d9d65439c0cfac1994c73e7a9,87e651313aefbe926744e307cde321f9be11d2d5
6258c690fba5e82d9d65439c0cfac1994c73e7a9,2436f9d74bd7754ae4b8a7b39a89d88df0895d59
6258c690fba5e82d9d65439c0cfac1994c73e7a9,3b4525b760bbffa7306e2d777507b8502b6266cd
6342345d60e94cc4cc7038f6dc0fad78d5627b41,ee1e8df0916b05f61756d77a4b35c5b25fec18c5
68d2ece3420996cf43ea831300aeb907a2b32add,2e88c4f490920d01690b5f0c24377a5b62f71c51
b0d7f9c79d44bb2493ef5f9e4e53af85a8693d0c,594d424d695d1dc800ec366b2c00b2feea8bad08
594d424d695d1dc800ec366b2c00b2feea8bad08,b1fc7a742c8614e16a7bcc45520473df1cdb0ba6
de9dc6ec1fc0ad0add499d4e2366683541e7c0f1,bee0b712747b4882c2d50a72ff6df7794863f5fe
de9dc6ec1fc0ad0add499d4e2366683541e7c0f1,d85298d0ffc6bca9bcb54c3c669cd2b86eeb763d
de9dc6ec1fc0ad0add499d4e2366683541e7c0f1,d0a762cbaa11f1a312f421d60979877e69f40687
b1fc7a742c8614e16a7bcc45520473df1cdb0ba6,07ef48a7cecce035058e0bd66748791f7f3132a9
3b75f4d0fa8efc13a4b2ea0bc7cadbe6a502162e,238b4be6a7471efb49b7bdb6d86f470cd42abc7c
bf6f3b3d4d34883b6a7bbae2cf8bb229c0fcf391,56527abd6592dbd54f645bdce822e707f6ed8297
a5d305092d1edca03ffae49c80b79203eafca99d,eeee2b21659ad69e8eb8fb9fab09cd6a4f573c73
dc66e95b91e1f9506291e6dec6006e393ec36a1b,3b2072dff2688cb619f19f810076a887ee4695bb
e5d3bfcbec70426d12fa5a64122fb1715c754a32,6b4a05024fef401a92278f121e579ea1ba3409cd
e5d3bfcbec70426d12fa5a64122fb1715c754a32,bd77c26cf713129bfdc6a05a19eb4104a73a201b
66a020ee08fb8cb46fcc98cd4b3243802b41839f,9cd42201a88da0593e9e39352e0b794d8fd64616
66a020ee08fb8cb46fcc98cd4b3243802b41839f,ada86fd62f91ce7f48bdb13804c91e602773df57
66a020ee08fb8cb46fcc98cd4b3243802b41839f,5d44cde5d9cdf2645f00379dae629eeb2220ea5b
a7325b688c2acc174bccf4c57c63a7d1735fb165,d0faaca2eaad4463f5e9bd68e9345a7e1e1e998d
4a13f0624fac8f0f60365aed1156782e228aad12,cd8c347fd58ddd4724c26054ab3c38a545811332
4a13f0624fac8f0f60365aed1156782e228aad12,c132055c5dd06859b53d7fbc90d0ea016108d378
50974e5434ac605a3c399bb102815f2d150f2b72,ebbdd625ceecf12f4f9386aec821795365b13104
9ada81d66fe066d62b20101b56b11638d54652ba,ae6a10477b7b6ccf1b0ccc9d1120a57e8e153d14
9ada81d66fe066d62b20101b56b11638d54652ba,c3bc3d4dee9e84f8cf85bce0b30c3cd3b3d61bf2
aea9bf54ed71caa1ee548521485229d5c122bd1d,40e13cd2e6de32a1fa0618bbc72926568758d23d
a0e432bf6814a1fae8e41c02e5f97ae6642385a1,fba6407706ef63c4427614c2dc12dd7d37f9661e
c99b16a07b523e3c451d59ab5bb632470bd930ea,b38da9c7c899c8a141eb53735d874c34f4a6666b
a582b6875769ae94218b16e2883550c1a9065727,eae2b1e7744645273f52e6d53b6747fc3520ee9c
689ca54a269fe1bb85c1a2d58abf4e5b797cf6c4,c1a7952f585a1179c92cb1e3d7f9437538bea624
689ca54a269fe1bb85c1a2d58abf4e5b797cf6c4,32a9400a4b8c500adcdc3b143b6b2975f82b5eb5
689ca54a269fe1bb85c1a2d58abf4e5b797cf6c4,cad58c85a159811787717bd991ff936d1f60ca2e
689ca54a269fe1bb85c1a2d58abf4e5b797cf6c4,bbc293a3c631b5cf4a1b44e853e7a7bad2a66aa5
689ca54a269fe1bb85c1a2d58abf4e5b797cf6c4,6768ffca22a183c2202729530786372813bf2dd6
689ca54a269fe1bb85c1a2d58abf4e5b797cf6c4,9fa6ab8c9c1a51d57a77e7e0804a1d7075ce5251
689ca54a269fe1bb85c1a2d58abf4e5b797cf6c4,6d78df1366ac2a46838c84fbb5ef99ffc32b8faa
689ca54a269fe1bb85c1a2d58abf4e5b797cf6c4,b973c417d408e77110a72322af950be088354ac5
689ca54a269fe1bb85c1a2d58abf4e5b797cf6c4,4d9be7af1be2f05d06c6eaa11a326578f16db1fb
689ca54a269fe1bb85c1a2d58abf4e5b797cf6c4,830bd8322123aa14816f060271a0314943a5d57d
689ca54a269fe1bb85c1a2d58abf4e5b797cf6c4,35f72da20b71bd580d9512fd5879dcd84c5c24ba
689ca54a269fe1bb85c1a2d58abf4e5b797cf6c4,ecd574a6d40a393306b0bcbe67d9be550ece6461
689ca54a269fe1bb85c1a2d58abf4e5b797cf6c4,c71743d624cfc7422fe86e8a571f4c14aeac0e5d
689ca54a269fe1bb85c1a2d58abf4e5b797cf6c4,f4ab0a6827763881477326ea87443c596ba2788c
689ca54a269fe1bb85c1a2d58abf4e5b797cf6c4,e502fd04ddcac69e6352cf952d02488a44c12dfe
689ca54a269fe1bb85c1a2d58abf4e5b797cf6c4,043240076f374ab9130508e654718aba908de486
689ca54a269fe1bb85c1a2d58abf4e5b797cf6c4,da71f412678ad5c4277ded2af16dd262ac55ff8c
689ca54a269fe1bb85c1a2d58abf4e5b797cf6c4,853c14182a81b8a1854fb1a743f3e8b32eeef91f
689ca54a269fe1bb85c1a2d58abf4e5b797cf6c4,ed59cfa77b60fc1e19f9a4709fc38d406a91172c
7464eac30e81ff67f5034586c2b1207c0bb4b074,723a0c06f701e62ba87ea42ef877ba3c695f2a92
eb18cc4fa4315eb5329433a9a5ac238fccafeb1b,2727657ac6d573ec658d64d85ae187afcb0c7517
0b60716879df226002a91cd40c703fea9e7bbfce,2b3eef2c5bec4be8f9eb5690ef96935febf4b974
3c7abf1407702366657a10b201106616599dfdd0,282f46201cfc3b32fc999e675a00601ab2bf1d08
7e0e4d98cb0afca247ed165adc2f5368f68052e3,30737b7bfeb67db966794028345abbe335e7cc79
3389f81c1003754a936ac5d4747f0704345388ac,f7c489921d23192e3ecee28467c38e855b805b2a
cb246cd613709478dd4d805693705172d091d0ed,99f189642f6c5ae0139cc36ba5ba5106680d9de5
077cafe7b11ff9c11467485282c2922fd35f7316,e7b3f716f068ca521bf3a5f28bcf7f2bae60878f
ebbdd625ceecf12f4f9386aec821795365b13104,193087b986853926800f71abceaa276b5a4b57f9
ebbdd625ceecf12f4f9386aec821795365b13104,c99175f05c09c22f0b9ecf97266c53205896d778
ebbdd625ceecf12f4f9386aec821795365b13104,e8f720413e9ba816af01b5ccb1cbd0cf1254a177
ebbdd625ceecf12f4f9386aec821795365b13104,35a30d39b7285413dffb8627afa3142aadcd1825
66829db0e968420282edb52c7851e7dad5ab65ea,a94a7f06f024f302c1024f8f3c005d45aa951b80
66829db0e968420282edb52c7851e7dad5ab65ea,25eaba7e7212a39e9c1f74bc45aeedc6eb5b182b
66829db0e968420282edb52c7851e7dad5ab65ea,36bb3499cd11ce3582153128bd2a98965ea286f8
e2e348005195c4058a4d5da0f914376eab39e323,44d83090be08f8455c348c8b086cea54a811b825
31ea759de300d3de9bbffc97ae78a546e0d43ac8,52cac60f42247bd39350cb577e1258a2ecd2b6b9
d96212bc1f904b7b08342121cb009377e15f6d79,de995cebf1792c381bf9a9c909e3befafd3100bc
7a37590888d6f62537b1239f53b398fe853277c1,35d40cd8fb0669eeefbf944251bf547312424ac2
7a37590888d6f62537b1239f53b398fe853277c1,4ae69054f4c4035b30cd85f7085cfa0277241ab3
44d83090be08f8455c348c8b086cea54a811b825,cba112f8e7154958e27a5acbc48b2c8b92003c8e
44d83090be08f8455c348c8b086cea54a811b825,47821176f58727466433433cc585df2a876ff3c1
44d83090be08f8455c348c8b086cea54a811b825,df6ea629067ea12a2b96d283c2fd8a7b7c08e6f2
73d013fb9dad6b61912744e6d60d7419d905ca9b,3272d3061ed9123f2f1ed34832d6856aa1d530d5
644a044fececdb1452fe04214e38607b634d907f,df25e1dd443dfbbe9922c1d267147fbf34f91313
644a044fececdb1452fe04214e38607b634d907f,494a787106bf6c4a1dd118f0112c880a5696022e
18291b1768d9408be822bc875c437481ed69eb52,5f466cb201eb83583fee4afdeb3d2ffe5635f451
a28b052e1dfbf35fd438d60758bf295ad91ea32d,689e7cadd7a2f789488e44eb7dd36e7480630447
8131297d66c96405b1d1591bd9ca6d0cce224dfe,465370792d40086d7155a2c1abd4b2a0b57f8e12
8131297d66c96405b1d1591bd9ca6d0cce224dfe,142754b224136f906a65b9a1990912fbd082f73d
5e357a20c85ab55f8536e21563ab7e2a3c4a6533,d6e13752611d9bc4a88dc4fafd6464e6e93eb15c
a51bb94273ac393bb177598c5c0ded996d8bf698,e8a77fb0fbf27ba468a8b3f952efd0fb3743cabd
32a9400a4b8c500adcdc3b143b6b2975f82b5eb5,b095454bb4b353047c2c02d9d5bb71262cdf0b2b
32a9400a4b8c500adcdc3b143b6b2975f82b5eb5,2ed20867e578148a7a0dd93656265da87b8ed3fd
e20044bd096d845d98f5392786d5dd9fc7b9fb27,956f41c5db82a527ac8bc8e53ff1ff9f41a50e76
60fadcde8df51a8cc325a9f46dede76e4b5b1d62,2c812051122108825130618880c5f04c91fa786d
60fadcde8df51a8cc325a9f46dede76e4b5b1d62,61c89ccc0683859c71afaade9162a29ed875aa75
60fadcde8df51a8cc325a9f46dede76e4b5b1d62,c1c839a308b37e149a9b72a2f9b6d2ce2fdfccd6
4f0146194b6e4246ab8976a8545a419c587ba6df,01dd3625451f70d6f3c81a202fc9db4e02d236d8
e42720437919518b76f20cfa80e80e92b924108b,f7203eb9b75a01270d63e74e8eccebdf531c5742
7ae9434a7a2044e1f8534956018926e7a9e84dc6,52890356c8ba1a8b24b0e0670243d60e5063b347
2c812051122108825130618880c5f04c91fa786d,4e3f3882adc1dd17bbf344deb3369d6b36d8f641
fe36ccde0938504ac770b94aa16620af0550a494,e3c7dc9d133646768ed42d89b052af07851424ba
337806ef5621c2d78fc4b07c03792e8c578aa65a,f15d86edff494f6ebea68e1a0a473898ebff2c4a
337806ef5621c2d78fc4b07c03792e8c578aa65a,ec39ff64f8465481bed269ec2b39a3450004164f
337806ef5621c2d78fc4b07c03792e8c578aa65a,b9c2d4285e81d9bfb1180f2aa7ebecd8146dec5d
337806ef5621c2d78fc4b07c03792e8c578aa65a,a9d5289a316ed3c5c004cbd605ec1af333e815e5
337806ef5621c2d78fc4b07c03792e8c578aa65a,ac7940a17a52724d9a246e330b5c3edba17e515c
337806ef5621c2d78fc4b07c03792e8c578aa65a,b194d3d271bbd5b1894390abe19d51d3d7e7cd01
337806ef5621c2d78fc4b07c03792e8c578aa65a,c4013b173566e4d1de69de267b7092a6dbcbe35e
eee5bdccff6e9af317e53a81eaa14c3d3889d04d,642f1d6174b63528f52bc2faec54a817b0caa7ef
8de7e06e4c153d16ba4a31c1ddbd323cd5b57a51,044e69e8df2d4fc2c2b256db3cdb8faf8915e6be
d620f6e68872d64ce19b0c3ac02751627ed4849a,1daa30543bbc6d2fb8ddc960397763c19f9f7f16
d620f6e68872d64ce19b0c3ac02751627ed4849a,b5600e7fed8b27da8901654a6ebf42676c214b9e
d620f6e68872d64ce19b0c3ac02751627ed4849a,e3397bbc36245bf446d06c41772df3ad8966906c
d620f6e68872d64ce19b0c3ac02751627ed4849a,879e6b0f9ad01d8e273831a8beb37ca3f792869c
d620f6e68872d64ce19b0c3ac02751627ed4849a,88c3526082c25dd5a56d417ab5de057ae8bc3713
d620f6e68872d64ce19b0c3ac02751627ed4849a,fc801f9b34be963cb97d37df06689ae808878cbb
d620f6e68872d64ce19b0c3ac02751627ed4849a,f41e61de2cd05c5c5acc710def720a316515d592
d620f6e68872d64ce19b0c3ac02751627ed4849a,19356223bff37e680d567b73f447b763f15badba
d620f6e68872d64ce19b0c3ac02751627ed4849a,0ac4327d755c412854263fbb327daab608dabd62
d620f6e68872d64ce19b0c3ac02751627ed4849a,c596381cfb9f851b7bcbd7a286e18196d23cd3f9
d620f6e68872d64ce19b0c3ac02751627ed4849a,0a0973866fafa123c665b656a23653e1e06271f3
d620f6e68872d64ce19b0c3ac02751627ed4849a,1a20301cbdf06c0e737ef9d3ce2607179a7f00eb
d620f6e68872d64ce19b0c3ac02751627ed4849a,b72636c55383f553fb5f9d0cf3458bde2d44f46d
5b3b5af8a0f3af280aa7aa3046c70f39f5a978ea,32853aa52b6b55d34db2f74096e4d55b4f3af474
99e81fbb04a806c919f7cfe65671aa4d84afb9b1,e521529663eb1bd7efdb76abdab4c33f982c37df
99e81fbb04a806c919f7cfe65671aa4d84afb9b1,3357b33ca9fd0a5fb4e684b8c093beea03d078c3
99e81fbb04a806c919f7cfe65671aa4d84afb9b1,ab603ec81c5c0064c354513a5412e61973f521ab
94112b4fc7169a24811d2a0241c45fd726cc7553,912e395b1147e04915293b4ed37a10381e632f10
94112b4fc7169a24811d2a0241c45fd726cc7553,f6607f40c47cde66a79eabd1d1029d33b9225b0b
2272a20d6cd1e77364cd0cce594d017935e484e1,99ae639ca45596393c6a1bd3eb07e08c8311843e
97b108f2eb6b0f9ea6f6b8a045aa66b934541980,96b75709526aef09e579c0a0da51cb698bdc293a
6406cbfa91f41f273341042d3387fc189edae613,07a44a8dc6bf06b427c50daa327696f255c8faeb
c3bc3d4dee9e84f8cf85bce0b30c3cd3b3d61bf2,4068ef0482f8d6ac7a1208b1855296a72c9caa63
c3bc3d4dee9e84f8cf85bce0b30c3cd3b3d61bf2,78e2a37a4879a6996f09337ccfcd4b0c01b5f8f9
38ea5daee41a75465461b1c1e26d431cf7569d1f,dd673c23b9dec33e25ca27c5cc8082c49555af15
c5c9eb5c06984fafaac9dc58828b6427ad0500d3,b0090c9b838c4318f174c1078a69ea1861635689
c5c9eb5c06984fafaac9dc58828b6427ad0500d3,d66a7d68983bdd13923646322e147daa0acb783f
795cbd14c4071208b4c2f236d23413c8a972f5fb,95bcc19681d70c0d152797ffc15705f30ddc7927
719616c1e271b2c9ac9b29f656f4e11f2524ddbc,0c3af7ea88d97a3cc234c93c313c7c60ef49403c
719616c1e271b2c9ac9b29f656f4e11f2524ddbc,cf0df96760583eb3380e9cc7969cbc4dcd8943ab
719616c1e271b2c9ac9b29f656f4e11f2524ddbc,ddf8a6d1af981be68a23e56f7c2d038a96dbb737
719616c1e271b2c9ac9b29f656f4e11f2524ddbc,63de97a7f0a8932d8d80b4255bc488b2f301a6f1
719616c1e271b2c9ac9b29f656f4e11f2524ddbc,e73a4054d271f7d156ea7745a4f1477b10854549
93e9172babe8d852941650b7a3e3796d831d3b2b,670970b52b63bf744d56e0f7950da0a021affbc5
e666c1dad90a5db45455eb19a73e33307d39d0f8,85d9ad665c59253aa0dd9e974bc560871e0d90c6
e666c1dad90a5db45455eb19a73e33307d39d0f8,9119ae9daa2f94279270cd3ee2133bc33ee04cda
e666c1dad90a5db45455eb19a73e33307d39d0f8,f3d4dda1f36bf7ee3a6969ed62a6d5d3637363de
79300a23ee39492d7884de092cac1a20bd55cf09,30d1880a6fe5f15add03a59cfa04411bdfda1d36
17ced7e8e84b7e1566dbf5ecf20bf2de360bec21,d8d0890bc263714901507ce946cc7de25acd82b9
8b8d1bc02537cf7e47ef605174ecacd5488c64f4,ef3f36bcdecc1f86c4e3e7a5c0f4ee83ba54a9cb
3ee8d0d2f8913bfcfe5e0d1f38664486a168a0fd,369d5da2473f4d4c3de6fb3feb0907eab54fd41d
cb4a8c2362a018c0846ab42f704bd65165ef6a48,d2ca6c53bef2bd5cd2e49a9c081a67f7f8f69c80
13cd983b73a22e74041831999fdd4b5378af6bf3,3b53a659548a5b1916633b9e14195282e9fb16a3
99f189642f6c5ae0139cc36ba5ba5106680d9de5,4396417146ce642beb024a89d2674b516317e819
e525c18383f1418e6eab568cabd602368fa518c7,7508e58bcd6f2cc4988940013972afe029a8a831
de3790a9b9caf1cffa3b117a545c24603787f103,ba4767d7853d45f6dfbee12037d7d0842dc8ecb9
f9504988c85942805e7afe7ec22bc76950d3929d,9f3c0de908c8abaa8735690cb50a4911909d2e45
f9504988c85942805e7afe7ec22bc76950d3929d,5b168909d29f541ee33e6af5c5bd4c72defd4762
f9504988c85942805e7afe7ec22bc76950d3929d,ab7e16479a70df071d11242843ac38b140486c72
f9504988c85942805e7afe7ec22bc76950d3929d,1de8221d8c8676e40df52992fdb7e1a68acaffc2
5162ba444dd3bd2b2d15485b0d304a6e8abb6910,85aced6a7cdf881776d0c622220ae80f12aa3d82
862c170ee8d425b6af2cd63982048ad7e1467a7c,220f32610fb17126e989ed121363021834912efc
862c170ee8d425b6af2cd63982048ad7e1467a7c,51368b10550ce731c3d0d1237cc6491dfd3de160
862c170ee8d425b6af2cd63982048ad7e1467a7c,d025ef7c672741386290db21b24d8635afebd50a
f8b92e7ec9b9ec81db4ad9e31f6b4ae2a340c1e3,ecdaf840c1ea6a3040d59028a8bac9ee15dec20f
d025ef7c672741386290db21b24d8635afebd50a,235985e1f38188a3f85ac623d682a2ece394458c
d025ef7c672741386290db21b24d8635afebd50a,7fca41d7634a5e6af15694d4c113dcab9280a9f6
35bf88d6df29c0277d172e491e3e66235d8d8386,b9c8583a942c7d0b071990ccc9bf5b5066e11709
cb1afadb7a3675e0aeb5267a6ff54a7eea8099c1,123c111a04f20c3ec2b5d4cdf46dc1462b7184d7
879e6b0f9ad01d8e273831a8beb37ca3f792869c,241c981ee6c4bf8cc2c36fb4f50416020ca39187
a626e9cd7b3803ca383306b572084389e42f8915,caf8a3dd49364ae42bfdfda9dfdab7a122abf05d
85aced6a7cdf881776d0c622220ae80f12aa3d82,8d115e2255b5779d9531be69f1627593ff965cd6
2ed1aa65936a4f781a177777c26bb277038f0b0b,514b099fe77a1242c599d07432d2341a28a82b40
a33f6e47ead68f375754a668318da73392b17cd6,fe0f4fb8cf084a42f5667c06489628d07c79c89b
7dc3239cce92e5c7b25ba92649eeef4a24c72f62,920ea5a35a3d0815d101384594d9a205984dbd69
6282a26f23d8e7b92e5df5a82bca512416669fa4,1743e52bfcfe1a0d91768b375caefb0d252a7c0b
6282a26f23d8e7b92e5df5a82bca512416669fa4,a7600f33a18a457682c0b2bf0b8ff0633b05fdaf
fa8aa617d1d241284d5045deac5947ef4823813a,f39540011be9204e17934c4a5e1a14a0c0519e40
0dddb7862210102484534ba2ceaba1473804a95c,1d2d5079759ea1c37ad95c88ccfcfa2f8ac507c0
d7db629445eaf327c99546eb5da2c30019be7968,cecc1c57937b8d85b1caede66e382ec72eb5e4c4
2c255c487173bba03e23fc28424ba6383893394e,63c0f9df1f01a0b761daecef3e04c28e447d7be3
2c255c487173bba03e23fc28424ba6383893394e,42df20e39c5fbad309a618029b166a048a031ecf
2c255c487173bba03e23fc28424ba6383893394e,879c4f20285949c414c5d107d087915449f3419d
2c255c487173bba03e23fc28424ba6383893394e,53dbabfc18137e7cbff7e22d689dce01b3b4b268
2c255c487173bba03e23fc28424ba6383893394e,cc901082c1361ff0e408fe37c2732fd947805e26
2c255c487173bba03e23fc28424ba6383893394e,6e93af8fda2b658eddf383676531ff282d5cdef6
2c255c487173bba03e23fc28424ba6383893394e,aa7f70075d2b59daff67d9c2328222b0ada4a48b
2c255c487173bba03e23fc28424ba6383893394e,23b6084cacd8833a9bd0cabf5a451f446c9837f6
2c255c487173bba03e23fc28424ba6383893394e,85f27fac007a0fc657628993fa772d5ef94b9411
2c255c487173bba03e23fc28424ba6383893394e,163a69a515e765ca58de65e9acc0f75193d88abd
2c255c487173bba03e23fc28424ba6383893394e,cb8b201c393c0cd6453729e16c7b7f1176509053
2c255c487173bba03e23fc28424ba6383893394e,49ff467b89135f4bb272c5072c12aec4e03baff9
66d8bc5a19009d237ac01fcd27939b9232396abf,7a704babd830ba23de4d9f61e47586d7e646f0f9
9bfe55ff5ccd9e7397c043dcd4a936cc930dff7c,2cbca40214d632ba5e368beb2d78155fef5b9797
948e8afb6e2848b78cb452976a47f99a23726926,1191c115d60cff0e1506cca8428e5030b373c606
13f404a2fe01f06bdae2e6a477a3461611e24a58,ed4941a6e68c720883427d20159f5fbd26d569df
a7600f33a18a457682c0b2bf0b8ff0633b05fdaf,2628098fcac9e969c13b70ca2c4e5b1744d17b7a
1743e52bfcfe1a0d91768b375caefb0d252a7c0b,5e39662914677882e4f2c8397aaa725dbae68bce
28acecd51e76d406abc15e3620a4e10ef37512e5,6043e081ec2e17239bc663fe5a092b5da494c3db
b691483e910c8440ce51522eabafd689ec91f943,223179a1ef4545f338d75922a9bfd38496d7adac
80907c77a9e4dd5497166393bc7f85907c237da6,a1c0b0fafca340ae089f0711154f3c7ae647f872
ab7e16479a70df071d11242843ac38b140486c72,a669180167e71f8bebd145f950ebb1a43ac373a8
5a9bb5c83c8300019fc52ab706f1432ebbf2c319,3d1dafcd7324b8537aefd4a1f792d4eec8ff577c
5a9bb5c83c8300019fc52ab706f1432ebbf2c319,3d945a950c0024eb34931a0a6fc7d7b8f9c5c56b
fc54d06072f725332fe6bbd96c22483ee3b66e67,2a34b742e4e59fb192b8ec607a805ac51d3623cc
90a0b1f614369996d8cd3e1db7cb619695f8cef4,51eaec33fd7b9e59631136a41ab56e260134712d
5e503e8de85ac258461064095242fdd8576c8cb4,3a7faf734600c32d19d7ad203dfd4abbf2ceca09
d4ec28e02ce43c60a067fd0b6e80328c205b4b00,4dda2e079c494dcb6524ddbf96135f0cadd75e16
181e1028f8ae84217e20694286c72acbac205235,b49f60050f61e974b3e24e9b9157b1b3218387a7
0b5a850a7a1bd6850fed0a493dfe61b011aa2bda,9e1acfd5935a5bf84f6a42e87e4d7257f34252a7
0b5a850a7a1bd6850fed0a493dfe61b011aa2bda,85f33490faba74e497c3d18ad28bd4783d2ada19
0b5a850a7a1bd6850fed0a493dfe61b011aa2bda,1f7f812d6a150a2b47b37941ab343f3888ac3d6a
5b5cbbe2c5dcdd506b4c347ec97a943aee95ca24,04747a3f78b9b6e80a44a93908da026af11662bd
beb4376fb62da3603115b0e4d6d43baf62ed1446,b9c147cdbbb6bfa3719d9836afa7e2d6858ab7fc
beb4376fb62da3603115b0e4d6d43baf62ed1446,eef36d0e43a2ac6a5ea9d04d7dc87bfee3d5982f
227b48c667c849ba597c1671918489e16f6ee6c4,ed9db0ba8ea3434c31b34898f1a004c70e5c500c
b43063e024213e0329870b8bd4d6475a968973e3,fff4914453006ded2762366d400caa4d3efd7fbe
6a75b1cb4229b5835b7440fe6712eccdd4768929,92f7a7ffbbbe90d2d6b06762e5c942432d114a80
19a9a109e084be5f971080e81398c7fb82c8149e,8e15f79d2ddd2ab564c20227d908ccad3fb62402
e8dd7a2c26b0803ff31116c3fa1afa9a7a4e182b,b7c2a7a2e8f87bcfa3863efa9eb1a00f48629c76
df344b50036af1fd4d8e655014d49348df7866b4,f666a0367b18927ce9a7a0a16881103a32131934
956f41c5db82a527ac8bc8e53ff1ff9f41a50e76,b09c040bab1042e47a1a499c42161241fb8f7688
ecdaf840c1ea6a3040d59028a8bac9ee15dec20f,db697f8e10b5e405b70890567cc1ec74adb3891b
26b0c8f3d8bf56e4d29dfe27a801253717b3ca43,9b520597f74189f7d7e76b47c02cdb86f316b940
6bb2c1849339f609b6851f062c41c9f623b595f4,fb7491a7d79411236484c42ef89c0b41a5fad826
5fde96bf58d2ed8f20f73232b756dae980a8147d,e06eb093916a26d2d3ae4674c150e948c80f4e03
5fde96bf58d2ed8f20f73232b756dae980a8147d,04bd479bd66a95883ac906b1f745d19bde567b8d
f666a0367b18927ce9a7a0a16881103a32131934,5fce38e93c8312873d95dd79e7c3a16b755e9d0c
f666a0367b18927ce9a7a0a16881103a32131934,d932e21976010a4acd56dc4bf712adf3bedaf435
f666a0367b18927ce9a7a0a16881103a32131934,17d1f2c7a9949b73fdec089eb6fb25446019d421
1de8221d8c8676e40df52992fdb7e1a68acaffc2,99951ae67b864e7fcef47573846335716d010694
1a20301cbdf06c0e737ef9d3ce2607179a7f00eb,47eaed0f5e3f635a4b0a8e571a9dc67ea5d14add
1a20301cbdf06c0e737ef9d3ce2607179a7f00eb,ca29b9e478b433d1a5d1a7a4385410467e97785f
88386712a6e65fc4cb501369a30f4b9fe3b690da,029ef291f1175aa6e43f1efa51f334efd424ef5f
6d6bd1c2667d89966bf13018baef64a7ba0894ee,4a831e7a53cfecf8c816a8cc4eebec5a211dca7a
3f041ede57111d9faa3bda3a3402d96f16de853c,82df548633d1491884d33005625dc47df257e1c9
30737b7bfeb67db966794028345abbe335e7cc79,861adb654c22419f2c96dad9e70f9f6f46aff725
da71f412678ad5c4277ded2af16dd262ac55ff8c,aaa038a0ee65b9c0f550fac41e763144239722c7
42eecb6c9ead1a8ff39c2463e688c6a69222d3a1,d4ebd2fd5572507b5f33560e955cc43eb8552062
3900cc9a514ec9dfac37f2ee91425b99ad606194,73fd1307c27453877353249348e290095f89caec
f15d86edff494f6ebea68e1a0a473898ebff2c4a,c7b4e82f69bea8cec54030e7216a3bdfe71de1b6
f15d86edff494f6ebea68e1a0a473898ebff2c4a,2f6acb337e04317904c71f7ab5fbdd9edf713184
9e1acfd5935a5bf84f6a42e87e4d7257f34252a7,e3bdd13df0ea887575f7819cae2496a2bf6e485e
9e1acfd5935a5bf84f6a42e87e4d7257f34252a7,feaedef14c6ea41b83056bba413a4e66cc0e2c74
7480fabbac577c720bedc5348d994124c2208452,bef23fc3d64f9f80c1c14a4fea5ff440d053d79a
0035cd192e1dd428a46435f643c891da08f417dd,3470e6e88347838156ed4ad538addaa952bd9354
df4a45d690ba0ed4edc41442b12d4aa29818751f,23d8dc504c09994df407af926806a37823e6c1ee
370afcc67549c9504dad9a8c44168ca415b7b49b,6481086151ad941a8537030d5d99ecc593f92b6e
b4955496e3f27ef987411c318285878212fad084,40d522b38b58d212d55b174cf1eb4cc1e234dae9
983b2ab52d3ade2eed89654301cd87caae6b88ba,6d9ee3a798f80f5816398589df396b8bafb6e78c
aaa038a0ee65b9c0f550fac41e763144239722c7,8f2bbbc4eec7cc90f27553e74342f820f41d2033
aaa038a0ee65b9c0f550fac41e763144239722c7,730fd6f71a9fb60953bbb23b075d016ced613522
aaa038a0ee65b9c0f550fac41e763144239722c7,41c17399c0263298a37365a12dca94ccfbd0643c
aaa038a0ee65b9c0f550fac41e763144239722c7,9b6838598ad323c74f22e244bd9e9c195a97c5c4
aaa038a0ee65b9c0f550fac41e763144239722c7,db7bbde8d17174363c2f879b0d03e3b541fcd83b
121ef173a9ef27298d4cc4f140a7dc28a7866451,0e7577016ce5def4868a21c1aff546924c6bec85
42da0bc869297511d128cd0e6472c5490edb21eb,09b6b69ad565ef5cb22ffa9097861884e2722cb0
