7ad49eeca5215d9b2a56b6439f1bd6ea38888ea9,c++,python
f0ed8e2343569047204c5c1a0a24e379c0d23c30,c++,python
76fd44c256440ff3bf221b137da957b825e75a4b,c++,python
dc062656d7da7593764cb35fd0c78ba19856a4f3,yaml,c++,java,python
f082b17323354dc2af31f39c15c58b995ba08360,cmake,c++
45ed7e7a36fb2a69de468c41132b6b3bbd270c92,yaml,c++,python,java
01a67f3ff3f43f504dc92b66e04473a8b29053f1,c++,python
8452071180c075d7d829d9c0a49376adb45971e0,c++,cmake,python
d19089e5a1179c654cb30df62433698c93e3cd60,cmake,c++
bd333118babe56dac95d815fdf09bba2fe3a1e80,c++,python
2c3e8b09d168597260e28c331ed6cef7a744f82c,c++,python
d2ccdaa9613cadf526081d6e718f7ecfb5006492,c++,python
5ca85922ae90bacb96d939503e53e83e6ec47f8c,yaml,python
4ba2763150459c9eb4139e5954d9b5526b8ef0ee,python,go
9805ada853ae63580c59d765941f1e36a86e554c,c++,python
0b28dc50769893ff9d1608754ec499be4b3aa6bb,c++,python
cdaf9887aab8f0213ea2b1e928c0d4d998dc4461,c++,python
79bb066392763921e7e25f06b53d7f1040479ab6,c++,python
c12a25a8e2ccdfe2aa9c76d6378a2e111b94cdd9,c++,python
d14e778dd831db972b6326b8917ac7e822182276,c++,ruby,python
2ca6fe8a91ea888fe528d457b10a555682359022,c/c++,python
0249f19eeea9fca2f7dfe1f4e56071732074691b,python,c++
c350bbaaa9b1155b9f54d4b312abc8208e13bea7,c++,lua,c,ruby,python
3567dcf3a314f009e56b4e310f5eaa0e49c6469c,yaml,cmake,python
0a718d376088ad231fb56eacef42f865423ebfef,yaml,cmake
5114be64123f03862e789c960980bcff7c5428ff,yaml,cmake,c++
d1848c8586409658194f5cd901c25f19ec4ab02a,c++,python
963ac4f330f8dba27672f091eb4706f24707a876,c++,python,java
611a4b951e24f4f967c3d382a2027dc035fc37f0,c++,python,java
583fb7e5cd7b8d504cc0645949e4d367ff55b607,yaml,python
68475dd8eafec8e51711ff69070a872c06d01714,c++,python
391de222933d345a8255d2b874c563b13484af42,c++,python
f16f76ab7693ae085e82f4269a0a0bc23770bef9,ruby,toml
aa0631a95a3b92c4e14b9089656b073042ca17b8,c++,java
fcde1eb0952450466eae5b73cbdbc72fef388e06,c++,python,yaml
842fdd88f621c655ac578be386bfe09338f0fcd0,cmake,c++,python,java
ec7fce543127d4ff053e091b43a4715768fb0f81,c++,python
9eaa12f2dbd4f0bd5bc0e7ae0d3ad48463654d19,c++,java,python
c6e4f55b4367572657955f23951997b143dc5d2b,yaml,c++
63971ad645919a4b97818b58686f25e04e39699f,c++,python,java
32ef12c45b5d0ad9e69cdacead6316f76026145d,c++,python
db0ef22dd68ae00e11f09da40b6734c1d9770b57,python,cmake,c++
7f7941676e0825075aa7a8f22b2344523d316165,c++,java,python
cef7e80b527523b01a13bffbe9b36a547c3d74a9,c++,python
3848b654832c18c46d6d4090d3d68a9ff1e1712f,c++,python
e68ca7f9aed876a1afcad81a417afb87c94ee951,yaml,c++,ruby,python
ec6879b76413c8b28cb810b28fb6e729bfdcbfef,python,cmake,c++,java
34b9bb2ca2e3adc256a9876e513281fc348afaea,java,python
8bd27fe97ec51feb627c56492b6a8736949cc4a0,c++,python
efbc0479e30a9cf9769888c9d71c120ebfb29b74,c++,python
2ca1706625eb73b75e004f87eaf6bc038f2af813,c++,python
721e6f908c5579baea1eed21839e42dd1565dc41,c++,python
3792c8f1a4a6a9a159b40fd1c58e3429e9d4dcf7,c++,python
9ad2cc4c8844217e7e04980c7e2aff97f3a895b3,c++,python
fade8d8a53532661a3b44ce02a56f6b9e70fa0ff,c++,python
a66ab10aaf6570e2ebfe7b3e0b5ca2b5e2716cfe,c++,python
997226a9263430bc0422189180bc2551aed1f63d,c++,python
2c5b412c2866b6561d35ba3399036c22b646d699,c++,python
463c17b7a2ac9b8fa9bac555d185be9d395fe07c,yaml,cmake
201a3bc9186aecd3b22529d97af30ac1fab25a3a,c++,ruby
af9e58307d3e656f15ced297c30fea56c5bdf9fd,c++,ruby
d8fda482b282bd5dfe0ebd6126bbcb2a9b9ada28,c++,ruby
9a6c82e9799cfb213f8103dfacaf36f5a30f4be8,c++,ruby
c18afdc0246520662bccd2f93b678bed46f49b1a,c++,ruby
921a916d9c1a6417eaf9c57891a1268afff450c7,c++,ruby
e64a4b7c4fb5b67967e3ac35c2f769b6059be628,c++,ruby
f62ad75878ab94d368b7713b17bebf0c8d6088b5,c++,ruby
6110ba60d473521d4e7157089909d9f48c360d24,c++,ruby
39c7274fc36b5f405f1dbfa48067dde52abec5ce,yaml,c++,c,ruby
8644ee1778b3512d15ced89adacde1a3cafb50c0,c++,ruby
ffdf35d545bbf4ff2975f115fc0e1392d6e96c83,yaml,c++
9aa6eb58246ea6f6b7290881d57c80d515a6aa6d,cmake,c++,c
f2806fa518583907a129b2ecb0b7ec8758b69e17,cmake,c++,python
960824e54ba64afb14f5f26600f25c43f00d71e7,c++,python
438a140142be423b1b2af2399567a0a8aeba9aa1,python,cmake,c++
c698be339b96aeb74763d70de1cf4c8789148824,cmake,c++
8982ac1d6b0be03f32bef1deed9692e252a76073,yaml,cmake,c++
d831e2ce5931f520dc8be2ab3cf2d243999f85ed,python,cmake,c++
73f94c93d7eee25a43415dfa7a806b887942abd1,cmake,c++,python
b4bd0d869dfa398dcaa65a1f4f6f13015d7fe8c4,c++,python
b8dc87af2a50c64dba50aeb478bfa4529dce80a5,cmake,c++,yaml
fbfddfd4b4ba869d83e0e51b17b0166e61caf285,python,c++
de2edc8d591ac8e889495392f8ed20d1d7814dea,c++,python
fc7977a670fae0d8e7b1418561d30f76df24ec02,yaml,python
27dded680e84f1a628de1bddff1f4eb62fbc5887,c++,python
47ebb1af1f6e1bcac95cf99f8258257f471f043b,c++,python
389d38ba03cb09bfe239444758c66ad188faa836,yaml,cmake,c++
096b8770a67d1911bee2d4d70653b8539bbd74c7,python,c++
6e8607f83363903737fa9392a8a7ba5031665e0b,c++,python
af6fa24be0dbbc021e0844c63d1c0b89fb23a95c,c++,python
e941af8964bed67faffdab50e33f7e336ae33612,c++,python
37f898f9ca7d76448223407d436aeee6a81a8f7d,c++,python
a536529a624b793ffa18c3c39581fdf777e85f8f,c++,python
8ee4be7b47738079917de3478d2be5dccf23a2c7,c++,python
1b02af64c9d640826b563a90359a3ab148a3ebf0,c++,python
948e0fbf9ba94b63d98159ff599585af2841a069,python,c++
54d5c81af0a9cbc6ea551922c795728cd43bd86c,c++,python
f1bc19ec1cbf2b33ec0016107f199b8169cee553,c++,python
864eb3130b127dad48603036a02afe67402b7d3f,c++,python
4319066360d799c7b3632619c32a1c99caec20a2,c++,python
73f0d8e92f1e23f0e0c36910e96f25729d24f259,c++,python
30158ad5a068208237f3c30e6c9eb60454bae402,yaml,c++,python
fdf8fdc1265cdc34003c2baacabb77d93900a465,c++,python
eaf8d32e5f292dca0aa5b5508041d5d39406224d,python,cmake,c++,c
982f341bc81e1e22d4b25f8cf00ef882a34766b6,c++,python
d2b6d1132d69e20b49b544a287b0e529573ee189,python,c++
da752fddab34d71e5c5f648b2cb20740c16ce11e,c++,python
42044283fa81aa7fa035df3cde808f1f17702ce9,c++,python
882cd34ac707fc95b154cc6f198da12ea1e5cabd,c++,python
dede1e695140246ddf7caac8db94b81ce093a727,c++,python
4627232c73d5944e76624e1f71c8d840acb71f1c,c++,ruby,python
ea271b31700aa5ea74efd042e2ca6875cb05a83c,c++,python
b218a7fdae0792e185579d8cd20748ed0752b9ff,python,c++
f77c3427ca801597b572fb197b92b0133269049b,cmake,c++
a6307cc8a0127a4852b7d3d2c20940a094eed0d6,cmake,c++
53e359b850afda0a39f0469cb5f54a3e6a4701fb,cmake,c++
f9ce855a576cf76b8d15b2e51adf8bdeae12f13a,c++,python
40c971110247fb6657ff4ed337a309284c62a357,c++,python
ceaed810e6e7a654d0f45db4c8e2f4bae7edefe5,c++,python
dbf63796ec27c2b00aeda13d42ad423f873b3013,c++,python
15936cf4f88622d0adf62c53b102f803558a41b6,c++,python
eb73b962e42b5ae6983bf026ebf825f1f707e245,c++,python
a6787c8bcf56a6a28583fc885db7b26834181f47,python,c++
ebb3f6f42ed6cfae5262a723858d5bbbe684a8e6,c++,python
3b000b7062b5614a02134d1a90ae381b937aac07,c++,python
8bc7fe97f16c3b6242ea8ee596d4249f9c895812,c++,python
765686ec2ae4853d070081463914683af7ac13b3,c++,python
240c46959ac631d646d98ac57aaa719a63a9dc97,c++,python
d6ddcbf1566be6afb0e123589adfb5e5d60e3a4c,yaml,c++,java,python
52255a1ba4a53a0ce1a9eb75012cf7b334884149,c++,python
2ba0566b29312e84fafc987fd8dc9664748be96a,c++,python
ccbf6446bccda9856f7e86f5d9ccccd80273eba2,c++,python
9cb49f3d34dde8d28ac2eb921c4540eada2b19a2,c++,python
82b008edf9561a11f75e001422bb34add144dadd,ruby,python,yaml
e9ed591db9cb87e0086bf9fef4201cc726bd5d03,yaml,toml
3195948f64770520c7ed4c8a7888b33402ad6519,c++,python
2b51172a4d6f46da7636bbbfe96ab57d81f77d1e,c++,ruby,python
48ee38f833a51bb46a404da10d89c4b687e952c9,yaml,c++
2a6c0cbf92318103df2d74cf089b6ad11b32d373,yaml,python,c++
9742007c463e253e2b916e65f668146953456a00,c++,java
7508370645cc1454cb9640edbc8b925ea1bc5708,python,toml
48200c48d86ff9526787f96ce0b34a0553db44b1,c++,java
4e4de0d605d7bbbfaa045832cd97fac28b95e9d3,ruby,toml
7bc2b0f3579b6fc2d1d6d9797f3a1e5e3726131f,yaml,javascript,c++,python
10f7158df46d838d32ef214b0573b6d719756516,c++,python
3e3712a14a3242d70145fb9d3d6f0f4b8c374e68,c++,python
da9e0ffb31ecf2ec088466970a252c65a8a60be3,c++,python
78f2648f37f6bc3deebcbbd0a699df0f7e9f5366,c++,java
743b3c157f2906aa8713c8c7fae055418f2c36b7,c++,java
5d3668f6700fcc15e4f6e4428bd0dc7ef6ef91d2,c++,java
2b52844d4597a3ec3526aa62787164228f64c4d0,c++,java
1f9238e3ebb9b9347f7881396215093d0e585c66,c++,java
ce23c06469de9cf0c3e38e35cdb8d135f341b964,yaml,c++,java
b22848952f09d6f9487feaff80ee358ca41b1562,c++,java
746805cbf66739f79d874cc00147b1aa4de235a8,python,java
2c8101515e2a0ab515c03f82dc84b02ca6c466da,c++,c
09bb8b8234d3ccd04a0c4aa7e4abf5a289748662,java,yaml
273e1ce9aecc0e14ad7af4c8954eb3141344aa51,java,yaml
a8abbe3214bb8810b5e6988c55c36c5fa20da1e6,c++,java,python
de84293d9c93fe721cd127f1a27acc94fe290f3f,c++,python,java
c18251e9003f707218dd718d333788e16bc54ab9,c++,java,python
9dec79bf0c171944a9fcff1fdcc804c9db66b314,yaml,c++
40e2c216f1b2002051b8ad098e2e91d0db44997d,yaml,c++
e03251c2408f75441844b3293904c5ea43343ba3,yaml,c++,ruby,python
5227b78300c353546041bacc6de718ad018ecb80,yaml,cmake
52fb3c664e8f10f548aa8bfc2065ba90085ce67d,yaml,ruby
18b9167a076e4abc6eaf9dca3d187b4cabb72435,yaml,cmake
4116516f22b680b70ab32ea28c029cc47e8d8988,yaml,python
8a33313dacc85ccaccf9d080edba91e564fb08ca,c++,python,java
d4e3898211207da4d8ff940a54d51338041d285a,yaml,python
66d0ad179ec9b43fc5233c20850aef5d983eab57,c++,python
39fcc48a6e3d98dab03fed3904b45303f01bfa28,yaml,python
886b206b82b0e394e92331e1071c28c83c40e277,yaml,toml
0c5168cf203ddf94dff01c178d649853323acbb8,c++,python
41753ace481a82dea651c54639ec4adbae169187,yaml,cmake,c++,python
36de35aff16ad1f77c4dd7144136a22490c84cd6,yaml,python
23475eeddacfc3b4bea9cacc7e431db434c7223a,yaml,python
58ec1bc3984b8453011ba6ca45c727ff6ceed78c,yaml,cmake,c++,python,ruby
7fede00f2ffa7f979aaa9cf558820a7f985efd8e,yaml,python
f396de50920c77755e3af8a0674bd1de417f2942,yaml,python
5e3255b1499c3d504139998365e6cc3e57f118d6,yaml,ruby
d758361912ea332a12e30755bace96bf3eead04b,yaml,c++
c3db09611c7db76149f8ae7a025d797894a99f7d,yaml,c/c++
fa60ea6ccaad1656c636f25ec0bef5f7efe88bca,yaml,python
43e617245ec93fb2d9c5ac09a045944b8a361e61,yaml,python
c2e83231362415ca1177b13556bb0ccd707de098,yaml,c++
c3511db97e981fd24367916e45fd1d1edd83bb73,c++,python
20961b72cefbef9481173db26f1493c9a65ed42b,cmake,c++,python
b9926b4a7526e8b85758b976063669163371851d,python,yaml
bd1c33265c0580e59f35317598f3035fb9065908,yaml,python,ruby
ebff606ec47308e5ef260a45d6c2ea14bb745718,yaml,python
812d56c94e904a71e209129ac42ad1d6bcaa6fc0,ruby,yaml
3f2a33f902983c0d395e0480e8a8df40ed5da29c,python,yaml
482d62e2be156f3443b3c098baa03d1499e0555a,ruby,yaml
59a6788c76330cf055bdbcbc7bdae7b0106c6656,ruby,yaml
6600a39ffe149971afd5ad3c78c2b538cdc03cfd,cmake,c++,yaml
606af08a3e2b79e0201225d9e9ac11951082cef8,yaml,ruby
9ce9c29db33c6acf880be87d29f78beb6fe32cd9,cmake,yaml
6f5bebc3411984dcedeee6b401fb16e9120f70b1,ruby,yaml
7adcb7eafd26d12364072654dd704a5e524886a8,yaml,python
b2785d38a110c8fd8a3d7c957cd78d8911607a5e,ruby,yaml
79a22074e0b059a24c5cd45713f8d085e24f826a,yaml,python,ruby
b4e3017558fbb124a4e8dd88fa4741fd7776f3d1,yaml,python
567664b1e893aaacb0aa5855baf679dff4cc4f44,ruby,yaml
6c6754aa5fb840466dfd618ca5b6ae7ca72ebbfa,yaml,python
f8f43f623a221e629b783e4e37b40b38bf263cbe,ruby,yaml
3254d8d6a210bd61b76cc699ea78c3bea30b6d3d,yaml,ruby
ac5aa71e93260fee93e0a596c5adf38edfb55648,yaml,python
16498643eb52c414970a6b9b49fe7396728cb306,yaml,python
cc747403dc3c62de16faf4339a360afb49b780da,c++,python
6fb850cf57fd6227573cca6d43a46e1d5d2b0a66,c++,python
6758b24fdd4525dda0f9b2760d016753015a948d,c++,python
e3c167bd101734f92c3a2be2eb7f56f1fba91e67,c++,python,java
6f80ea4928f0d26ca175002f2e9f511962c8b012,c++,python,java
2df2a9ef9db670ee9b2e6eab70bc983821a12f26,cmake,c++
96734efb73852f2d8372f72d7c56e8fb3ab4e516,c++,python
7cdab9b06541617ea67ee2ae1694195b8281125a,cmake,c++
47fad3f42c05bd4139796b93375dfb3cba74e87b,c++,ruby,python
d297a2f40bbdf65030c9f64fa8fecb20dcfd23c7,c++,python
b780c56316588324b2f3f907bebadd1e71a6bab8,c++,python
24ce242516c74138a280c58c7fb074c8c2de7c5a,ruby,yaml,c++,python
7ec173172953f6ab27f7bad495bd49bff451d03c,yaml,cmake,c++
96217193fc726b675969e91e86a63407bc8dce99,cmake,c++,ruby
fe222fa192a291363c02686b8964bf341a01d1c8,cmake,c/c++
7a2f1472346a6c4912adecb11e832fd167202ab2,c++,java
2cb9c0de33d72ce8ba0d410564ed78ac01844248,c++,java
9e98f039b1034d025dcdbf228ec7696105d1d0c5,c++,java
a33c2945f9ea6211f0b27591cee62f4c83decf95,c++,java
c66b69522d0901187abb9b6e720665b2f5b78812,c++,java
cecbcf7de00d2bf255bdba97cee1d37130e5bb79,c++,python
5439b71586f4b0f9a36544b9e2417ee6ad7b48e8,c++,python
9f5e17448f984a709be36bfd6f731852a775e1b0,c++,python
a04301833f585a66fa371394c9ee33a4a59c2ed8,c++,python
60b5832e4c75457e98b5caf7a8622c2201de2cd5,c++,python
71424c20d31addb37cf7db56561790ca69db0430,c++,python
74685f386307171a90a9f97316e25b7f39cdd0a1,c++,python
116672fed5cd8b7d80e5e8bd93615704aa10eca9,c++,java
a2c33004189c1efe9e540e5673de887405b70921,c++,java
bef9a1c251397311a6415d3dc362ef419d154caa,yaml,python,cmake,c++
a43199b091a796e5e899c5c8cefa45f2fbd3402b,c++,python
fee1209ac642f32d37aff4846f9d220c6f306ed6,ruby,toml
9c33e1aee98f96a82c6a0b6bb214df172a143fb1,c++,c
5a7cec458789614ca2e5ee6eb8a02378b7a68974,c++,python
dbeab70863c4d0cd3da800f18f7e474da624bb5f,yaml,cmake,c++,python
c805b5fadb548925c915e0e130d6ed03c95d1398,c++,python
8b09ecc5c690dd270dea83490f292c2e00eef75b,c++,python
3d81e4e769457a8446387ee2480949570803ac49,c++,python,yaml
018dd80d04b1dd49176b6e631d5ae026eb8f3ee7,c++,python
ebc04b60795358ba5213161fd8e1681b4512a75a,cmake,c++,python
b0902ab32f26681c9e99a0b61a5ab5d6d03a20df,python,cmake,c++,c
ec15d2f731e168dfbe01880b104e05bebf78a82c,yaml,python
ba9f809e3c7c194e5c46bb1ff57c51ef3049aa7a,c++,yaml,java
c2fb1cc997dc6d0a089ca602e111a0367b6ae23c,yaml,c++
988a3f8dafa09964c2c7c27f577bbb417420a19b,yaml,c++
c20aaa0c1f5d6d1281850078703f08b5a6e3d4cd,c++,python
a87b26ce6248b8ca600e23e79c9df50968ac7fda,c++,python
bb69967407dd67af23f1585d17b859dfacc7545b,yaml,c++
06fd2da5e8e71b660e6eea4b7702ca175e31f3f5,c++,ruby
366a972002bf43e70a4325d1292443f8712b1c72,c++,java
660358dc4f6bc5fdbc5b13167add4142eb2095c6,ruby,yaml
2ef7e56a9eda40682b71b58eabb7975e9b15bb0a,ruby,yaml
8d967d04e45a1a8204d6c1faf8316cfe27256919,yaml,python
a1eff5f3eee7609ce2a67b051d26aca810961f43,c/c++,python
23c4b08d154f8079806a1f0258d7e4af17bdf5fd,python,perl,cmake,c++
a95465b8ce7a32feeaae3e13d0a64102ffa590d9,python,c++
95d3e06a55cdaee239719bc42a24349ebeac6c01,c++,python
f3ac832e32a63480fb20dc607c31a7039d047d6b,c++,python
aa8bb3cc4bcbee02ed7d7599e5dcf234507e65b4,c/c++,python
34190587a6d5c1fa49c2d6025b1f305b4f169d75,cmake,c++,python
99190d02b919b11d94df156b398e1492159df027,cmake,python
bddb2197df4e3cba4a27da27cd15917fe30d3d45,c++,python
25b4a46805a3be01c83e53a92524d4d7b021c74d,c++,python
dbacce65e9fd676e119594ec3858d62803c27be3,c++,python
b241eb699b6151d9b1c8809528be4c80cce26c7e,c++,python
362e754b395787fd935d0b66a0cdcbec8aa13f85,c++,python
ad21a36fe409c4797d6d06433d1d078d6f5d5e1b,c/c++,python
d5dfa0ec083163f5d4b62dd35d9c305bdcb856b2,c/c++,yaml
34a7522facfdb29a11565fc7c3d4d4e53a41118c,c++,python
4481b070c9eca4140aaa3a2470ede920411598a0,yaml,python
49d731d41709c8103013cf8582abff36610faf39,c++,python
d6889f791957c2fcb5c9b6b5c23d6f27c604f879,c++,python
ca2351363ba1724de17eda3dd8ef334d7231f4f8,cmake,c++
8bbb297b18ce0e925ff4976d718507ba143e60dd,yaml,cmake,c++,python
68b0e9c5d967413bdac8d0cb610d8c9e6262ff00,c++,python
b1d4c86eb28267525c52f436c3a096e70b8ef6e0,cmake,c++
79c93c77542524042e26761c5107127f51e5c193,yaml,cmake,python
c71a56527726f3cab58b37ad61a2129662f8a4fb,yaml,cmake,c++
9f0c70c8337b1a8c75df5cc9410b54e97351bfc0,c++,python
0728148efef4f7d9e783f72db06b1d81e587c3d5,c++,python
b19e183c152000193df227f1e931444759093af6,c++,python
7f4d50d02b17fa054a154447af3babbe5761881e,c++,python
724da320eaac94003a8f1229d6a820fe8c8c1816,c++,python
d15cb454402204ba3b2825afb71853b35a81a886,python,c++
7f1fbf83284b745ee9215f6722e114ee467bdeb8,yaml,cmake,c++
b71d2806543cf03cac7221a9b6e7bdaa816d1daf,c++,python
7154d59a86eb2297ac79e05231b32b87802bdef7,python,yaml
6ed87b11014985464c569be3130f0c302c42933f,yaml,python,ruby
71c529fa779f33fca03e88766a3c1d841970e2e3,python,yaml
2bf344a21369a0ea1d0998720899d44a7ff89124,python,yaml
58a23668fe2cb518f7ecb41bd16886dba82ff5d9,yaml,python
5cf9b21df79a953ef6e5dda7a89bf77ddec38741,python,yaml
c06f838cc44ec92659efff2010e4ba580314afc0,yaml,python
9da458437162574f3e0d82e4a51dc6c1589b9f94,yaml,python
c43e23586d11b659a501fcb772636cca159a3006,c++,ruby,python
5739e04b35aeb5be9df7e9aace866ba48ecbac8a,c++,python
f50f2eacb499906012da377009921feb21445bb8,c++,python
bed01974321d9d1edeae9e474bd9df020b42ea10,c++,python
bb0a75885f2655ac54be47bd238811b74782532e,c++,python
815531c32a68a490dd8cf9b79b0ed6641d3a9402,c++,python
4fe330aa4ed4564c9502733e25fc2b762e1002bf,c++,python
9c2694e615de84b272a2459b2e180ad863ceeebf,c++,python
e327c2e08d51ee13b3cf3b8801cd3adfe88b3f7c,c++,python
1f81adcc88b138c6ae5f5ffb3250f87239c89dc1,c++,python
94409a6a3f5d9203acdccb7fce2c88400939e589,c++,python
acbda1893c55c68b3afd6c4cde1ee11e6926bb75,c++,python
7d1d4e751807ac38cfe7a5c537450ede3ae9eb00,c++,python
b1e56a2f5d3fef3d04093fcfd4f279290f597d06,c++,python
d3c5b85e6881543f12378fd63c2921aead36cc5f,c++,python
e39e36441b94f211a57685887d14a8ff1d1b5f98,c++,python
60848c0e051017f24228866a58c942886dfc21ae,yaml,toml,go,assembly,c
b117a820673147a58589edb8644de4269307e7f4,cmake,c++
26b55d6f45794c39719c33173557de358864ae15,c++,python
790c142f360e40d405fe71056ecdccfa707aef27,c++,python
e751999ba8f76a966d57c9226279ea05de26112b,c/c++,python
8d243d0759d6e4401bc39ea3195351a3b59e5c47,c++,python
148213e3befb02ae345cf5f62cb40d7f8720178a,cmake,c++,python
412145b8a736a5dce4f17b03d7f72efb45053176,yaml,c++,python
8200626aa6a07d11d56a7400dbaa1e138cf74b36,yaml,python
d99958dd3de0ac4fd6a99127d62657249c494448,c++,python
3ae65564006f75a5c201d9fdd051033bd79d59ee,c++,python
fe71388393179783a3e5d47369ad6a81574eb3e9,c++,ruby
62a17b7e823162f7a07ddb9747e4ed0df3e1c9ca,c++,ruby
71cd559355850e3dc9617ad3732670c2555528bb,c++,ruby
8a8e7bb0da3e92fea17cf174f7193b6a44046168,c++,c,ruby
85892a28835ec61dd589a63874bf01b6d23d4655,c++,python
793f4e0c51e320247ba71c9ccc7970e3eac1d01e,c++,python
7238d544c1f0b05a393cdf68b2e2c9485bdb154e,cmake,c++,python
2f2a0c139a96984086359946a67082f6fb8e5efb,c++,python
8152433e7815630bf225aade1ffe53b20b393553,c++,python
d61988d9bc1c9ca92789523593055da0996e9509,c++,python
31a1f53f4990d07a337ea0b000e04df2917b6d73,c++,python
3200e914d78773bf4a59c3c0a1e1e7164d77fa64,c++,python
01202ccc84144d69723bba76e61e8afb8222437b,c++,python
ad7e6c3d5422eb8742fc198905ca2460dce685c6,c++,python
62190d7a5201cad6ae0b26d790942ffc8861eee9,c++,python
9515fe92d31c67590500b22abd4249ba5f6575bc,c++,python
909f826b55973e93f4656c43a84c8e740a86601f,c++,python
9e875a6843b7bd155f7e10d011f5e8d25a47494c,c++,python
adb2c73c3b962fd1ad990776685092e95b97f110,yaml,ruby
7a0467f154e0cc5ba62b2bcd15d56269f7304d75,Lisp,yaml,powershell,c++,ruby
38b01764da445ce6383b60a50d1e9b313857a3d7,c++,python
f609298f8f00783a6704608ca8493227a552abab,c++,ruby,python
ec9b72a23f1b5bc6662e5148cb98649425347311,c++,python
6a5c43ef456cae2400ab85874f0b71f7463c5afa,Lisp,ruby,python
49c5398104d0f1749a411e013cb66fd561511401,c++,ruby
2f3ea96ea150f906393c80692af03d4f7bfe8ac1,c++,java,python
54119157acd5f7257843bf8f78e26e1fc690b901,c++,python
ccdc4b076cbd5fb03e1cbc42292def871d2b6035,python,cmake,c++
e876abbdf4f7bac53ae5d56f4680259f021ea8d9,c++,python
7d433dc27bf70b5d80b8c88261a19cdc615defdb,c++,python
fc4e2c36d2c56a8bd5d1ab17eeb406826924d3e5,yaml,c++,ruby
c9ac8696a335f4e818c7356d9af77317150e94ce,c++,ruby,cmake,python
360942e6171b301d5efb1686794239e3527828f3,c++,java
5888e10cffac222e359d1b440b4684d16c061085,c++,python
87fc57777687d8af8c92d18d38f654eeb293a532,c++,python
d28f1c1e0f21bc578b84ab4bed4cf259c333fbc9,c++,python
39243ffaf5eb1d1f2a748ea1ec2b36658ba7f3d7,yaml,c++,java
947ca871c60fbd8680b8d477be2a5bee54fa8e0e,c++,python
3ee3822b6dccc9c859e5a324ef01fc1e9bf75dd1,c++,python
7e16ee43ccccec6564078da78de746af3a18abdf,python,c++
e44ede87c069087e11b4f57682090e01ae06a746,c++,java
e8331f46f8b324271e694557789ea53b082fdc05,c++,python
d20963def802bb18a7ee3d4f2609b192d4a49760,c++,python,java
0a4c5b17fb1e6268f6fa9d56f9644ce24aaef064,cmake,c++
b50f2351e4972adad4d1bac4765cc5fedfa5836c,c++,python
d90c1597ce488d27aca88bcc33bfffe1e96a1ac6,c++,python
50251264d0004aef38548468d2dc81996b48f267,yaml,c++
eca992471b1b2230259509f74d7bc4af97922788,c++,python
2774cfb2a2a88af8a72e02010cab7db36b451844,c++,python
c5d2fc57abe9521a28d75bbdea0ecdfa9ff0453a,c++,python
9b03947c4369cb1b4d82022df00629baf2b6eb00,c++,python
1541a08c795f03b2ce5884a00fc83d1fb79a448e,c++,python
d0126e713c82e6a8d62944430a38c4b7cd652178,c++,python
2b77b7ce7a9f46b8c0bd9d4bf751e7686cec0f95,c++,python
19545f878d17f99a07e51e818eddc8c77f38f56b,c++,python
aa1d753a74b5517c0b20db8e5540786520b9956f,c++,python
1a085f09b996643844cafd4e017618c74071d22e,c++,python
d44f03fadd1b8deb4cb17ef5584d9094c718579c,c++,python
7e4039b32ef20e48944d12c64ffd78d5efb4ebd0,c++,python
56e72ba09c3d886c6a5aeb11fb1642af13819f93,c++,python
3ea70b5dd3b833fa9cfd845980b63ea85c452274,c++,python
a71216530d4ab7a9bf0dba8f2d540e7b446e5e20,c++,python
e0c1ffe9c38d1759f1b5311f95864b0e2a406c51,c++,python
eecb1bc023d2a62536bf1fe2a3edb11673fa06c3,c++,python
9b4cd9c03ed9365f8e235f296caa166ea692c98f,yaml,python,cmake,c++
e1d574c7cf2207ddde64273cd34ba8352bc003bc,c++,python
b9b4376d8afaa6a6d88a10081bc50a34b66d0938,c/c++,python
7fcad2c29e3c3ac99b2f6c1f1fddc91c05b7f2b3,c++,python
1524ed7fc6fe5aac4528bd05b0c5690fb0f625da,c/c++,python
f56fdc9ccd77987af22093d0d711b5c1a566a094,c++,python
54d624b2eeb90afb2724b5137bed5dd0e5d8b0a1,c++,python
c522bea0528591120306a69b3224821d7d4167fd,c++,python
441f96594156a798c59a2e925ec6d5aec4541ddc,c++,python
7aefa50a440578ec97a0d713097adb8e89005544,c++,python
e91267555cc72c3cf0e5a472d3c89eefed69d6f7,c++,python
e25e3efc9f70858abcba867a82bd1201c25eea5b,c++,python
5c562e832f16ce881d0cae9237307e4290ac3dd2,c++,python
1718fe35ce3d3a894be15a078ff2e7ab4f0fc598,c++,python
884474ca5ca1b8da55c0b23eb7cb784c2cd9bdb4,c++,python
42fc57be9c768add32b278adbee2f6f30b10005d,c++,python
16e2667ec3d4cb59e7d90488acdcb31ce6827d1e,c++,python
6b8d9bef6ac527377d0e06c24aa3dc8af343be19,c++,python
edae4a18523f449e71850e2aa37bb854df7834c0,c++,python
50b518afcb03172e6133643eb5cbecd03c63368c,c++,python
1500d39aeccc5ed0137424fa806965103c50bc3a,c++,python
eaeb5d4820ce36484aaa78a15fe5bf957a53651e,c/c++,python
f01b17b1a545cbcda0c201254445f824d564fe0f,ruby,python
05ce0a27ed5321b1646a397c5d2f6b97dd3d0954,c++,python
3a4023a2385416024d9a7c7a626f3401d380e3d0,c++,python
ec154d232ed5585721e0ef12d61c1a6e2c06fdae,c++,python
cdedd85f9c8545ab3c98e7b9de938a28d1ec9e11,yaml,cmake,c++
51ba4bcf658ea0e5ccc0e2e1cbfca64a9556a3fa,c++,python
af45b9212156980f55c399e2e88b4e19b4bb8ec1,c++,python
61a1c121fdbb5bd0ae8c1c52b5c5a218e577a357,c++,python
0aad5a08e539a7b7f4abd4ee57e08fe78957d412,c,c++
9b1b3979b499dc06b71a31b2696534550503d6e2,c++,cmake,python
a68b68d12a2bc8e9757847d10eb3b666d7e49233,c++,python
1fd0668a1330e72b1b137d90d00906bc188243e0,c++,python
dc4216f0216bb04bea86efe8b5d1f9158c6e698b,c++,python
00df40ceab48a97fb9f1404ca6a0049e88d0c461,c++,python
ad335f953ba25d1a51005ecce7f4a0499b10d7d2,cmake,c++,ruby,python
35ff625c0f50dc0de785de3e19db8d685e626ea9,cmake,yaml
a1a8222f081e4be475dcde96f8c4eeb438d8f094,c++,java
ff3ed85714977927126894a3544e6dd362cfcb5d,c++,python
d20640deb0cf585971c07221e17dc657e0cda66d,c++,python
28f4980a15b3c342e9d8866404d3c5f222efed29,c++,python
a8e3e4166d2bc97923d17aad71cb9a8c8bbc9ca9,c++,python
72c7f5d3bcacc6d36e309a3731deca48c3c5345d,c++,python
91e33dcb6aa3c05eaf9d9d9f09579bb29e3fe175,c++,python
681afabb4fa138e7dab694fa63f60220810eb17e,python,java
f69e9dba1c610e2bce63b2b1b1cacdd7b5cd4000,python,java
f4fcb42c2cb0d463db4ddeef68e4392f8d7c049f,c++,python,java
3188d70202795d8e0a8092ec5685d859b02e366d,c++,python,java
3add9181f98810bcfeae558bf44093d9ab89bc3f,c++,python,java
19b9ccc3add079768e98e84737eefd7357764150,c++,python,java
1ef662f8f1517c3a3295fd844c848dbb582956dd,yaml,python
f72279b2dbfc663d2217e64075dd731199f12611,javascript,python
5b783fe35284c97f6bcf107650ba7cfd66a76750,yaml,java
3468f881b13d3a6657b5ede2a1ad1f1d4bce2f16,ruby,python,toml
3ce38bf59069a4a0e5f497ef3a2e5d5c5d71c603,cmake,c++
b8c1f6c6faadf34ca9e7456709cb8a6ee1a7ad38,python,yaml
ff5c37cbcbff0b5a4713c639940be72aef7a5d18,cmake,c++
2433289314249ec8ad4b6fb503fde782372ac8df,c++,python
a9787863893a733a8134f61b9e1051c86ff5445c,c++,python
b496913e5ddb7d8bbef65a59be5a54ac14bf6740,cmake,c++
a32112fbed5eaeb6c16119b3eb1a97d192e3f0d4,cmake,c++
f5045c9d9d344a1b9fd95286b86ce2f9e20a5759,c++,objective-c
536e4f4c9fb861a9bdc1faf3a1d251e530b9923c,cmake,c++,python
d61ae4ae488a74840c464576f59167b3d774f102,cmake,c++,yaml
bfac60dd73bffa5f7bcefc890486268036182278,yaml,cmake,c++,python
a8bd1c9ce4273d53eee2c67074b86410d1db4ce1,c++,python
141a213a54f4979ab0b94b94928739359a2ee9ad,c++,python
628b74b0de0a3d7ea6d7f424f605922fb8637b46,c++,python
d03c49cab0c9d81abe5d623408851bf4bb2a8fe0,c++,python
6781c2da8915f99eaa8438cce25329152a0defc3,c++,python
a10d40aaac71854fdebe15be7b3bcc4a397bcbef,c++,python
053cd2354cfc6803d7961344672c13f78be8bd38,cmake,c++
f03c844d1d2d1eaeea8602c864be1f0eb4b93fab,c++,python
5e639059a0330cad256703516996fbed11c8fd83,yaml,cmake,c++
2ca62eb7ad8f2b35c22eae9cdac6fbb773e3ac4b,cmake,yaml
688f1eeb0f5f7127c50f52552813d545946c0b3b,cmake,c/c++,python
b8754eba4683e7300a751f60a2fc1eef152cea1d,python,c++
511c08947608069dc5f940ffdbe136d8b96a1af4,c/c++,python
196faced744facdf9b7d9d664c8217b5de1470d6,c/c++,python
21e9d74b951d9b65ca0c186c8b6de8cc53cc225f,cmake,python
4fe873e58ee4355e6d093c9ea897f4b02c5ab19b,c/c++,yaml
9fcce64e6108dd911c9cfcd4121ea33e2b447c91,yaml,cmake
585e79cc51b58f85a263e282b58d6762f0b1f43c,c++,java
d38e86253668773005511b91e35b87aa7d36c29f,c++,python
082aa4061c72a7f0571d97eb1a315a95904a7ce4,cmake,c++
0d6817a05e1316c60dbdaa055c18fabf30240a5e,c++,python
a94f4716be8c33e86222d5a0be5a4d2a9102b93d,yaml,c++,cmake,python
b8aeb79e94a5a507aeec55d0b6c6bf5d7f0100b2,c++,python
898e06c957096009f0470c1bb9441ecb1915745f,c++,ruby,cmake,yaml
f1bd49d5bb32636f5a8bbe8d26b4269b678dec55,c++,lua,c,ruby
8f2d15256d6b3a9da569797f363518abf50d23f5,c++,ruby
6443b82878489ed6a308d1e5ace33088788a060e,c++,c,ruby
c1492bf4a01600c838c59ebef7dd88694cca41c3,c++,ruby
95d894da250ee7d5dfccb09e2d349e5748cc5fb8,c++,python
3c24f7a19c9ee330477ce8b15e6756134afb925e,yaml,c++
a665b829124ffa3850b30c6b2753088785471ac5,python,cmake
223ae744cc2a12c60cecb5db593263a03c13f85a,yaml,python
1d36dd2543e7dc5d1084d8f9552e851438b1c80a,c++,ruby
cbbd04bfa8bc206630522f577069843fdf4d80e0,c++,ruby,python
9db96fea4e5de59860a481da3036b3129eb97e3b,c++,ruby
6a7ccd239e40dfd22b3990566fe3a75c660b51db,c++,ruby
ce0c96221f0db74b51af5484bd39f0619b71e58f,c++,ruby
ed5a1d4f9ae13c0474418d2b0534cbacdca57ef8,c++,ruby
0dc6fe8f33befaaa5fc8055b6c157ac1ccb09e6b,c++,ruby
e5122e38d90fdd718c2a7e954b307a36fadf7724,yaml,c++,ruby
2591454e586f51817a89519a6fcae331d13b07e1,c++,ruby
8cb5cbfa40643d9e3e7250e51402e2ff2a9cf8ec,yaml,c++,ruby
ccbdf3c226fb317c655ce9d06f3d54af4eb29e7a,yaml,c++,ruby
0a0423a314a9a935a25bd3a9fce8f7cbeba7705d,c++,ruby
95640a0d0a74b6b897c459a913f7712af964d403,c++,ruby
e1bccd0aabdacc74308ed95a3641379c9de03ee9,yaml,c/c++
dcd685e40eb4320dfcc7071c46b67530f4f4f7e6,c++,python
a3514a3889224125bb115a67ff71ab57fd01cfa0,c++,python
6f0499190b500254ca2ae47895fd0cbe1a0e9417,c++,python
7323b60ac0d30ea83eb717fc910e761233111675,c++,python
825c79e70040a80585e79fef7d8bc373b71794bf,c++,python
2d7fbb255db973280c0abce2693441df31b1c9e1,c/c++,python
0d6d51d10fde8095f04e15f53db540b4331b084a,c++,python
26f631fef0e718d98a31bd78a5e9d72c9b76054b,c++,python
690823ce5e863db89d9617818bfe7186d0544cca,yaml,python
0adadcf43ea5b44eb3f3ad3293e4efe1b5f39439,c/c++,yaml
860796e0b0244b4604c5ddbeba6c084b9062d115,c++,python
7a6ae2e78f077245fd00f72eff53ca2acc0d0de9,c++,python,yaml
fec7a0eb06ff033ceede7aff75865fc1eceab7bb,c++,python
9afb667783b8cedbe6e9d6ee5eb02d35cf1d0f79,c++,python
3a37bf29c512b4c72c8da5b2a8657b21548cc47a,python,yaml
eced2aa41b1ac9c2060001769f9709b48141d3ca,yaml,cmake,python
b766bff34b7d85034d26cebef5b3aeef1eb2fd82,cmake,python
e5e44903748bda9ab0228fca6ac43999f3dd66e6,c++,ruby
c48f6493fa7301260fce709eb16ce5382bc4673e,c++,ruby
26c6805981415c441e1f757213b7d410295f76f7,c++,python
d54425de19b7dbb2764a40355d76d1c785cf64ec,c++,python
080c83daf78676195c5658d41aab78b26407297a,c++,python
146e7df80cbc316c55a4e63534193dce7271125a,cmake,c++,java
74841f5bfcfdeab7d90fda9e469a92aef02a23f3,c++,python
fc7d07b2bfb04615be095606ac1a5f54ceb04cf5,c++,python
68daba2ba7390d0afee072aa00271a60d8ad4b07,c++,python
c89e9b65caef917ee7b3d5d403229783ad60a238,yaml,ruby
c7cb1cee388bbfa890ce724f6a7a95991bd8eb1f,yaml,python
e8e4ca78f4bd2223caad9c061a2d0706469102fa,c++,python
cfde4607df453e4b97560e64caff744fb3ba3d1f,c++,python
e12d2851fe60a3628d900f432950dc321db65ff9,yaml,c++
ef90830290491294d2fccfc5dcb16d3c0f96a70a,yaml,c++,python,cmake
758bd557584107cb336cbc3422744dacd93978af,c++,python
54cb9c0d3218c9c1e45cab23139e916506fe7417,c++,yaml,python
b1d1633c90d20d3cbcbcee9a29c3f057164bb53c,c++,python
ff2ee42092c09d13e38205fedd3acbdf375199f0,c++,python
5d742dd52a59803ba2d0cfb0fa4f886d41e7a8fa,yaml,cmake,c++
b3629d364ad232a3613d6b23faf3cf39ef2371ab,cmake,c++
56497badcfa4ef4b28c84eddbe2e41c6e20b6be6,yaml,python
4e3c73374ecebd3036ed3b1fd689a3051c2f04aa,cmake,yaml
38a628dff6fcd5f3c7e6b402f5ceb35cc8bd52c8,yaml,python
8b1c8118b017a941f0102709d72df7e5a9783aa4,cmake,python
2b9155a3f0ab5c8b15986aa683dcdcbeeec967ff,yaml,cmake,c++,python
b282838d3ffea8285a06addab202014825b21993,python,cmake,yaml
2ed886ee707822b398cdb22f4d4c10116fa1d9f3,cmake,c/c++
5ae4f902f704c7f2824c17ad98a8cdaf56e6fa05,yaml,cmake,c++,c,python
d6caca311356d557507b8d03526655f8184fa16c,cmake,python
3a69efce59f807c60b8d218abf533e4f1b45ed62,cmake,c++,python
a23fd1b8a8342489f8566466649ff26891a18fb4,c++,java
b8e34928b1f3bc0ee8aae6b1e6d3478746d86487,c++,java
c0822bce742b1f5c49c103e637051f9221cbbd06,yaml,cmake,c++
8e9a915a936c7c876e4e8e0788dac03a119bd0b9,python,cmake,c++,java
fc2b3b5b27c3fa429ee1c0fa4421c098dc836281,yaml,cmake,c++
5232a4cced3b43d3d21c7415c9b1e4d2663d8a81,yaml,cmake,c++
b5fafd81f48578c92e8118700457e82224aab13d,cmake,c++
efeecfb21f2f6c46ef9267ffec3a79ba8fb792e3,c++,java
d93db4a635cbf17a0a72994d064a03f19969dbca,yaml,java
e344807c9622a79e6060cd378dce6ed1c4072180,c++,java
9bc45a0372a3eb9b7f2a26ea2a8459af260007be,c++,java
e8cc48b455251f4a8b6a8174d019669fe4a92d20,yaml,c++,java
8beb066038a053b35556c6d4d3cd17d88ae5c1fe,c++,java
5dce6801fe7073f33688b58ca4dab0a09ffffe7d,cmake,c++,java
8e9cb870de0ecb126a0d7403f34e3a1ce119d618,yaml,cmake,c/c++,python
e7b269de73b694c0d6cd7f2e56ac6a1a10c4cb22,yaml,c++
5033f6ea1dc2990cc59ba38566c587368aed17b7,c++,ruby
5d129991b3369b0e45cb79d1efe6ba2fd8dd21d0,yaml,cmake,c++
d904106b2599dc975bc8348ab7f1e85e16d10e54,c++,python
41e3bff035c8f44ff3cb7794b68ebb4d08cb641c,c++,python
4ee05abdee371bad9c9616605b49eedd02d4a151,c++,python
f0c464ea70e8d4bf5a5ed03e95a97327a2057af4,c++,python
cf396867df6f1f93948c69ce10ceb0f95e399242,c++,python
65db0da80b6a1fb6887b7ac1df24e2423d41dfb9,cmake,c++,python
ec78e1306fb2c4573af2c6a8fc72c527501ebcfe,yaml,c++,python
4ec034bbe18bd961a4bac64f2e25dba0472c28c9,cmake,c++
72287dfef7109bfa49affd4fc7c1016a86b25416,yaml,c++
f66fa805e89aef948581876ac802b1ffc6430f5c,c++,python
2164e3b435fa1764281dd3060537297ca5cad7b9,c++,python
7007981e45aefd77cc519424c6cb857724114317,c++,python
b7e8ed7fe9613c899a2181bcf48996466b31d9f8,c++,python
8a7b0d0d3fd6ca52354b2f07e40086fd69680729,ruby,toml
6e26701257be160fa95ce174d80b046adb493e57,c++,python
522ed106fe2f1b97117ebc158aa03122303a4b0f,yaml,ruby,toml
d94a9fcee801d9e185f36f767bb5b70566df70ff,yaml,python
e405170e27186b8bdc63c3c49aba42fdd66143f6,yaml,python
0fc5bc429fbe527b1e42db4307cde8d0ce2818c6,yaml,c++,python
102acc47287c37a01ac11a5cb6bd1da3f1f0712d,cmake,c/c++
a8936d80e3ff8869601848ad7c63074552fdbfbc,c++,python
1b65c5562fc792c9343ab6bcd91dfa68508136a4,cmake,c/c++
05c70b0caf35af0f07ee0a58e411a896ee806be6,cmake,c/c++
5904eea4cc2f422c14c8ef9d1ac323718ff765ea,c++,python
ef993877ac05bc840aa4670d6e9aa2da9f4eb8d6,c++,python
c39db9977dea5dec60650ee71b2d07d464ded682,yaml,cmake,python
a1b477fc45299aef024726e1aaafbec3b900525c,c++,python
34e2fd658a848dfc81d7a72aa2b435d158315af5,cmake,python
9af4132772072d5a891ddaf4135c2ee91f51946c,cmake,python
45dc3013c7a9c8d9a3f9ce5701c6e2b40725c4a1,cmake,c++,python
1bcfbe107067af4a6de486623683fe744614f500,c++,python
b46236c73fa41b91d6368ce10930be65567fe386,c++,python
7bf7b2e9639a3df10d9de76df6c705e4495e9e75,c++,python
fb800135aacd91d17f34ba7e85cbf4e6e52d34e3,c++,python
1e123e89858e2e014574aa42d8ebf0375c358f5c,c++,python
3e841d7f4c4bb6431559f236061d5c0a640d8c04,c++,python
6d7445017a175b2418bcee59f8e05497b1438eb9,c++,python
7d86c28e09f6c402ea1dbb9e67dcee2507b62986,python,java
2e474881f9e29566ab4496a45c925d7fb6dfbdae,c++,ruby
69cdbd8ce665138ce35bb34d0bbe8087c0e9513e,c++,python
2657f9d77c4e64a251094af38d83ecfa62d272ea,c++,python
27f990a503f8d9370037bd12c235aae1c1378fb9,c++,python
ad0e57d23257462b9933745949d54ca729da537e,c++,python
67c05c203dded7896c1fd00c89ffc89a3eab50e1,c++,python
e268ce87e5d8f93ff6ecc871d218a58605b9692f,c++,python
137aade404cf53a7dbe0eaa31a868d1c376654b3,c++,python
90d9daf1419fdff5fd295053dcad756d1cdb3931,c++,python
6b3ae2aecc8cd31425035a021fa04b9ed3385a8d,c++,python
c0dbf71d115d1f556b6a599134f2b30dcd91517a,c++,python
5653711a3709f263ac32b3e71480384cc6b99916,c++,python
4915ecf1e1dba625d916604d30f2575e4ddb6439,c++,python
7e6dd603c7fd7e7e74e91855621f6978c1b92214,c++,python
74a934ae044fea47ea71a761cf71f60c1397108e,c++,python
ab5f66a2e9a2b6af312ffdfa2f95c65b1d6f5739,cmake,python,c++
5479d3047a23410de00f50687764a4f4300baba5,c++,python
ba0cea32cfa5e94bf292c9ce0fbb64d663eb3628,c++,python
353772f844e227038ea8a3c5328a70e5fe553773,python,c++
3572af2a7b25dde50647d7aa4b081da9a6c4f665,c++,python
6b16cca3e081fc05652d75f2d4f854b958d9f6d9,c++,python
8344f28f1db2648c89c688b030ed7f616b086d88,c++,python
9cfb53c4995768db7a044b042c3bd13e8b046a49,c++,python
b2eb6ac90f9fd09d2bd2855b9c6121ea789ea6a0,c++,python
c7839e9fab91e62cced9367f23e561afb6728652,c++,python
85a9ae919c576ecb3353922c01f3b63547b80863,c++,python
74bc4dd480d6153cf1fb5d6fb7cdbb22d1e6e5d9,python,c++
e29e26737ff4fcdf47fa75a14cc26e2ecc559e76,c++,yaml,python
b83db6116dc323eea3f6b516e176d36d66960475,c++,python
aae5e6ad991bb24c4c62486bfb7ffdd2db43cfd8,c++,python
65af9ea16a3c9241a66203b57cbfe2041a5ee52b,python,c++
ae20ce8b78e65dffcbe334751f93b2bfa7df7b60,c++,python
a16c1246ec25a020cacc1330650ac7d4cfd6d230,c++,python
754bcce686ecf02e123dcf4801715bf155f15e1f,yaml,cmake,c++,python
72dea17fefde50676489470189c5e0492fd01510,c++,python
f403804d97d325ee31b753dc8aba6a9a4d650e8d,c++,python
67b92151d3a39b1908acc949c7192aa4fe77229c,c++,python
a6e77f4b2f4e3d5affc2aef3c5f18fa534b90472,c++,python
2ce62df589d1517348e500c96a493b24e8f866e3,c++,python
f180a53b4da5ed932ecb8aa1e56b961cba899e61,c++,java,python
06477e2ae1dbd944bece82cefc85bbde950c3276,yaml,c++
088ecac47ae00bd8ff24a20350085cd00b0f1b74,python,java
074dde41c6ba70daeac07b2f88413e2eb21ec9f0,c++,python
fbf5fd005dc3e272b93d52383f57d351226abf17,c++,java
ced9d766d70e84c4d0542c6f5d9bd57faf10781d,c++,java
803afeb502dcdd802fada2ed0d66c145546b8a78,c++,java
49f666e740208d1e6167537f141f27b6b78b77cb,c++,python,java
8ca7033fcd3fcf377cb7924eae9be45b8f6ebd5d,c++,python,java
9df33423f36fd8c111d465a4e3cb9c921ad0f2a0,c++,yaml
3e0958a70ee1980e3cda5288412c8f69c9518156,c++,java
a68f31b0f3f2c094c5d6660a2d936baa05da3103,c++,ruby
0ff776fe93cd0070dd2cdcbd2aff69b6fe50c309,python,sql,yaml
9709e96356b3b975a16b36389cd06cb1e94a94f5,yaml,python
fc7a382da457fed99f1371f8b22766dffecc1dff,python,javascript
5598d2f42573ed19e7db4aae7adb02af2cd4ccd0,yaml,python,javascript,html
d2905383f569310128e29fec47f81458d2824f14,c++,python
a667fca3b71772886bb2595986266d2039823dcc,c++,python
5926ac46f3b7d6039a7cdc5df5bd0c523f8feefa,c++,python
2cf36ef2d6aea6a5ddf32c900d33db40d728bcd9,python,c++
03be2a078d66efcd3826beb6711aac4277e29eff,c++,ruby
c39e3508f93ea41410c2ae17783054d05592dc0e,c++,python
2c7fb24956d6a21698d22eaa1d539d0f41174ca8,c/c++,python
2df33dec5e8abc07aa6300bbd2ee634c57d8fcfe,c++,python
2aed7845fbc9e3d91ab9d16965ee9f6f3abc668b,c++,python
53e7594ae8657040d6a85eb98fb172dd0355500f,cmake,c++,python
f05369e6dc7cb5a36048cebb78d0d69b32a27b6f,c++,python
44e8d9ff9eeb5f77c863c4c6d7938160c9b16beb,c++,python
b199b27646ecf8432d3b6d9a70858a8a875d8283,cmake,python
2bc110d155cbe0ba04c36999c6abb3b80c7a528c,c++,python
3a9dbdf467382f380eef6d36c50f2c302bb07ca0,c++,cmake
a59d51e13bb45501839669c88c4cfd467f4e15f6,toml,go
1c0930dd656b9af3bbe373c1d5f63f1a004672ba,yaml,go
84254c029924af3baa5c8d85b7f2c49671b2e017,python,c++,go,java,yaml,html,javascript
45ae5c60733b7e9fceebf0c12d547a138211f818,yaml,python
740231d7c459207b232c1dcf6e4d27a3871cc835,yaml,python
8c413036775796d9bcc52be56373bbb45de8c0ae,c++,python,java
3545186d6997b943ffc3d79634f2d08eefbd7322,c++,python
f981a114f3e3b7d886a8d37bc7d5ab0d0c1bfb69,c++,python
5b2bf32f72856589bb50ffd1b47868e5393d04e3,cmake,yaml,python
00db153824475800a2a0974a5180d669b156b3ec,cmake,yaml
ceed38591af330bc8920d207d7dd6165712a8393,cmake,c/c++
54dfc00738ff6282cb98601d146420fb6aff6dfd,yaml,cmake
38b019df4e7a7da45ee0002c3161d87426561eac,python,cmake
ab712d262bac8c127c5d2e9293d9c2a23b80f802,cmake,c++,c
1e6a584304aab413154db7d27f90dc0e69f374b5,cmake,c++
5ebab5aaceb0039e2a9134ef2615a1dbeadbbdcf,c++,python
e333576a0d215e97cc4e2a218ddc56ee1242986d,c++,python
b315aa01fa88c9f9b0a29472d3d3745fd65edb8a,c++,ruby
455cde1096d3436fbaf3f8fbfe39503a3b1c9326,c++,ruby
8b152b4e628b0df45464201a78bda9c0305d77fa,c++,ruby
e39b479707b80fa8762cea1b69e23259e1c3f507,yaml,ruby,python
73aee8c490b5aa7c53d4d940c81ce714636114c8,c++,python
859018b3c79bfc0cb2259bdfc3d5930a9a936432,c++,python
78a4d651221c399c8e9779efa96e324a9caaa09c,python,c++
494ef75f4989064210a699b0e3c715a7d67d07fa,c++,ruby
003d8d0d50b68d9629d567cae12a3aed4156125b,c++,python
491114bd284cecd542c4ae341178e13a48a815de,c++,python
199d3cf9c8a149798d75c322fc3095459de31b3d,c++,python
eb5dd508ee3f592bf1c2a04cce09ee95e137e89b,c++,python
0cb737f381d225707a9fc8d02e8c93a174fee14b,c++,python
93688e8c1fa2f22d46394c548a9edbd3d2d7c62d,c++,python
53812953fa8902a213d2862b33eaecc9cb6fc5bc,c++,python
65a9055c705e5f09c949c12365d12839ace063f5,c++,python
2288bfc18fdbd6f50eb6c184d2349bcdd538f469,c++,python
cb5da9c1bc71fafd76f5cafc60ef237385a36b2b,cmake,python
7764bc88902d5aec4db6261d7674334fbb0abfc0,cmake,python
3b14765e89b2ac58c6c5212f6f90859a17f5ea22,cmake,python
b109a246f464eaf641dd7741d348e02069f3a0e9,cmake,python
9f7cef17ba2bfe0f6d2d28fce39100e2be46d61e,java,yaml
1b798a317df719d32312ca2c3253a2e399e949b8,yaml,python
6fdcd4943ff9a8cc66afbee380217cec40c0cda0,yaml,python
572cdf22e3595035966a05a5ec2398f9d29df669,python,cmake,c++
72405a1fa3c8548b6d331f9049fed74aefd1e9ae,yaml,toml
d7d26c9dbb0711e799ec4a9361317942dac0b9ba,Lisp,yaml,javascript
35f8a345041cdb4c8fd800d3ced507353d79db5d,yaml,c/c++,html,python
1ce956d44e1410b188d0a046929cb5a4abc9533d,yaml,python
a33bd3acae41f89972c71ad5bd559a3cecf3e197,yaml,c++
abde663b215295c051ae46f8a4e2bcceec081a2f,yaml,python
b3a3a743866e2cbeff6fa20c77fa378db13232f6,yaml,python,javascript
5723adad7ad80c95ba8fcb55d40186d6a29edb74,yaml,c++
338e597dfba612ee26618d26302c6ead7bd5c12a,yaml,python,ruby
2c90eff02c212ccf0c21a3f05b5371a801352e0f,yaml,c++,ruby
059e2d0b04bae896fc0a01949a4b091556502f6b,yaml,c++,ruby
83675273bd2057552ae64b7d8632a54093a02ed9,yaml,c++,python,cmake
1b8a7bc3baa4bce660c18a13934115d55f8733df,yaml,c++,python
c02a572dda68268e972f67d4b22327264e8f884c,yaml,cmake
af60c2e730236cfbbd207e1c0bd655bbb230bae1,yaml,cmake,c++
6e6f9b7860dc756dd233bcac1ea3b91a154d44cc,yaml,python
d08964334082e87010b37933623f021c98e8733d,yaml,cmake,java
8a90e80be49dfccdc17f8568e9a0f8e8363bfbc7,yaml,ruby
ceae13dbf73ec6bfa5baf36725eaf7ea92da313a,yaml,python
54df19db82eca92ffddbdcd97aab723d5c393f5f,yaml,c++
40cfbcabaab13300dd143f966416dedb4bbf93e5,yaml,cmake,c++
1ae946c8bfebd31ceca8d54b66313d4aaa2f029c,yaml,c++,python
a7df9c6c1e5f96d4dec71e3598028f7126032771,yaml,ruby
dbf531b17bd8f706f83192b4cf4f16be08047716,cmake,c++,python,yaml
667c0e34526f276f8164601d55b70d08891cf019,yaml,cmake,python
ed54dce64a4651a1d26aed373b09b9af9ee2123e,yaml,python
777e6b522ac1d9c499914139fcdfa843f3ff1dc3,yaml,c++,python
cc24218ed8a5abe0a8d35cb6fd7ef1a283384be1,yaml,python
7e27cf511558a92c598bae330958d9c86a721b22,yaml,python
41524d6d280b284ca5be31de426928fd6eea97c7,yaml,cmake
d2cc199cc480f206110b34dc6abb0e3eb51eacac,yaml,c/c++,go,lua
7ddfba6693db99ec8ea38b6fd244c5d6e2af3295,cmake,c++,python
24a98e4cab48169c66cb5e47f97a9d13dd5db2e5,cmake,c++,python
723a437802143fd00d97c101caaf6deabea3f8c6,cmake,c++
ee134f0e4b285e17f33a56e7750836dd82a13735,yaml,python
a3ba1a2b54afdd2a55bd600d644722cf54b9ab5d,cmake,python
804502f941f808583e9f7043e203533de738d577,yaml,cmake
e4f10c3a88576b8a23ea5228f9aab393c6b08677,yaml,cmake
75d1f613cf99a822fa61859a7d081c8527c95500,python,c++
ec66ddd1fd4954b78967bfa1893480473e4d380c,c++,cmake,python
de5d7de720bbbe105168333cfb39e0a8cc9f3bc4,yaml,cmake
9509220ee76f696c37926b4057c0d16306e0c793,yaml,cmake
2eb78b023c9957cb8dfe61022a1ce0cd11919a11,yaml,python
c06cbaeaa4d56f6e1770da2eb8f8b3fe3046dc63,yaml,java
090a8c020611b2f75ec0e36d765cc6d48adbe9a7,yaml,python
24d00c0783e07ba4a7247779f569cd745ae60185,cmake,c++
3f2fa0381191e55e50d742bec37af0814c390b94,yaml,python
65154c9bb302f39bfedd265d1989ea9f5fe1db61,yaml,cmake,python
af2047e5e2cccd0dec6e567e387fc85e600fb284,c++,python
3aac4adef11345f211e4c66467ff758cbc397e43,cmake,c++,python
aab4946ad283946be948119c9107471acd64333c,ruby,yaml,c++
dbedc8d20d9936076cbf47d8ef1ef893b8e05f45,cmake,c++
eaa60538ae776a0e4c984e6c661ba3f64def98ab,c++,yaml,python
9ffb9cdd46c498a2f46a8d030613e7c046b6e843,ruby,yaml
cb224870e2dfe3c12fe3de06d04986c49f69ba7d,c++,yaml
f35dd92ecb5178a798d747d8728ee6343385a565,c++,python
ab908cc0486d7daf643d1a1418328566f24c403b,c++,python
3a50dbe53ba724cd317e6f9f1c53ac9dcf75e1db,ruby,python,toml
9f720b117648f42356bbfd0a36f6275b878305d1,cmake,python
5da6b87950c5bc6658bc49aef29dcf9bf67e0012,cmake,python
637584becb2db88fc510824c22b87e6effb2232f,cmake,c++,python
33117d9a7df9a38fb1100d428852c9f5c9d65e4d,cmake,python
4d60c8c0aaad5472d9887ad933a04a5c80d7f6db,cmake,python
fee44751048847ce1e08039ab72c09918b11b31b,cmake,python
8229688a6f6df668f1767f74f277c3454f0c6e6a,cmake,python
94ba10bbf3bc1715b5ac5c872aa2963c3f3b68ec,ruby,cmake,c++,python
d8bf1948ff19708ea2d6b77280252df51df545d3,cmake,yaml
f82af62dfde364f3eeea2015586ec5846a78ec8f,c++,python
a255f0e7a8d35f9b875f14c6c069aa623d58d3f3,cmake,yaml
628ec5902b633216f25c5fd18667136e85c99a8d,ruby,yaml
6045dd2a66507b0858cf7679745da5e785548f88,c++,python
ee286fe7a20c832d309a08f064a779f39591144a,c++,ruby,python
c9ad33e68c07f57407644c5c96d0b2e44c688da9,c++,ruby
a4f4808e274e46ce71b08188071d3e2db230c82e,c++,c,ruby
a179933dc9645c08217bba605639a6f47cc6ab5d,c++,python
316c63dbaec8e5df33d0cf0fa78d38ac8cc375b8,python,java
b9c154a8bad81217621bb638a72f6f454ad18806,c++,python
dcbaaa9642bd6fb9774bf7a5ad0f21f898d122a7,c++,python
552820a01a49b7ceaf3f277e7b7eb1b1b069363e,c++,python
b23c98914b9e0b493d896ed0eb32ddc6f740cdb3,c++,java,python
9335e28f2be9da7003638b690cefbe9dc48dc469,python,javascript,html
5dc54da921ea5b0788c80e2db969940de442b7ac,python,java
0ae4d86e5ef8ee53a8810f4324dce80ec6a9d422,python,java
72b553147e4bd47e100fbfd58ed49041561b7bc4,python,yaml
54c17921f8b8abff399483c75927df038df17648,yaml,toml
9c753c4e88cbc4f2881d0c10213e947c3b9adf0c,c++,ruby
e17f95de0f398771e6cffe1bd73c72d149e416db,java,yaml
9c9dfa5c6ebcb14ecabdb38a50da24dbfa4d262c,c++,python
e2dd864ab8dac93c5b679565e3b82f929eedfc0a,c++,python
79344b335849c2eb43954b0751018051814019d6,python,c++
d6284cf89c75f4767996abe087a8eb203401fb6d,c++,python
bd0cbc95862c0a22b80413ca535057417235cd58,c++,python
b5de9e56db08480050445dd883643448af12b81b,python,c++
6e5f7be1088641958163dfe59e06245bd08b22a6,c++,python
385c4384eb0dcc384b443f24765c64e9d6d88d28,ruby,python
5a024f79199205c403c31f3797ea8fcc128af5bc,yaml,c++
66ab6b2616260977ab9a29bdd59872fb98133d13,c++,python
a3da22ecda8b73a6d2446947a78d915ef493e874,c++,python
65b2286e34f857d90245990978e56c5c7ecbb7fb,yaml,python,ruby,toml
18a61f6758767169a35745f8646991ed245d5a82,python,ruby,yaml
6c352e2057d5f9a442c1ebf0d35c716f475fd343,c++,python
0d1e69c2391f90d1eec60cd8304b956b855fe1c1,c++,python
7cc6f78d64a2126d89096fb67b1b60aca1eb5a7d,c++,python
fcc7fcef27cd94071d2f9cf5c649ce7ea670c6d2,c++,python
d7845fcd8b8a06248e42ca083c6460c43723c154,c++,python
9ca682bd9bc5c13fb1b99742c529e27629dcff7a,c++,python
59030fe1d319d36157554fb7880e9b574c60a3d1,c++,python
dd29b04cb84ce3e1d89c5fd820c31611f1664b87,c++,python
a39f7b27e2c76a323f7d05b7f9aa6331add86be6,c++,python
c7e6a0716308766766aaaf4faa2effc5445640c6,c++,python
559b865226ec0f5d78e87957c2ff0f7711bec9a8,c++,python
f00e2ab590ad8f04409e7bc09f70622e73ebd741,c++,ruby
60c80817fb3e45265814581d694fc107fe29cce2,c++,ruby
0c8853f90612b485c853cb54acf34a820591ca1d,javascript,html
74b2ebed6e19f21680d7b49a43fc0fa101c7b6fb,c++,python
7bd9ad236ddef9c66b4f8e0911dea59cb3e8906f,c++,python
a0c1c04feb30a08a64c8ff73b041ed2dff205067,yaml,python
1f79fafaec01431072e3af74156997d1e00020dd,c++,python
ff293196baa53a2608178b6d3768cb93f964f9f4,c++,python
3d5b4d89d1bf48d9dc93f74ccdea11fdeb85d6f6,python,yaml
05bfb2619b19154eead36e4aa067f440fdedf49a,c++,go,ruby
853799ac3c3ae3b0eb10bc5c4907ab4e76027d25,c++,ruby
75c83578ced6de80015f3b93c1d290b9e74430e5,cmake,c++
8d719063d2ba85e12c27ec61fcead1c630ff0b14,c++,python
c0b0e3300ee9747e9eb781b517f0b3dc7c661ada,cmake,c++
36b13fa81a4b250ad79fbdc116065aa6406e44dc,c++,python
a9747ceac2b6399c6acf027de8074d8661d5eb1d,c++,cmake,python
830a2b1ccc23e8683864af3461ebf92ef159c604,c++,python
b4dafa509a4451ca55462288e04460ff4fd2b9fb,java,python
c01c1c643e7b94b6d3ab1af612179f6d052f8428,c++,python
2088c05fa79af84c6de3cd4ff5c36f31f40bbdcf,c++,python
2b361fb2e5b4321a6cdcbdbf457181702fd97eaa,c++,python
abeb7a9abaf55aff878d54982a7397c35d2d5d2c,c++,python
490c6b8c746cc7fcfe71bfcc7a284932ff9ae25d,cmake,c++
27f60ba2f6cff9372261f4cedd721b0f982808fd,python,c++
a6bcaa7645ce6a71016cd0fac784d88699e3b210,c++,python
2fdacde7dab261d251c950e0779489fe86b9ba45,c++,python
aedba2cd81ce5703971fcc36667a817a0ed5b861,python,c++
ee59aaf011ae9b35d536bda67d4bec865d5fb6cd,c++,python
83c211c30cbd39a88603011b42c534519ec174e0,yaml,ruby
76d56d3aa9607976b162f6d924a23c12c8800236,yaml,html
803815db96d1ec686122fd8260adbd8131c179e0,yaml,html,javascript
9d7e77cbf8046520b8042c9dd8140c460b47cbaa,yaml,html
fe945a276206d597039f027004c14e141fffa0f5,yaml,html
8a700ccdad745c250fe5d91a9104e7c2d6364c1b,yaml,html
3642e81715a4a95762d0877c00bbf05c06492da5,yaml,html
f63ff08643a79a7f9902fb01157e88902c85c9fc,yaml,html
b18bbeba0ed8b76f6575bd0501de3beb1e6e60f5,yaml,html
305b54ce0ca092fb243e3c69e5fb186cdd90266f,yaml,html
02864fdacfb76bb16cebf84c3b0d2dd2b958c965,yaml,html
b31845d23228f99543e6c7e403f311680c7e16c7,yaml,html
08cec90975a6d4d9e86acd3284675a055d61fd27,python,html
9f0a63d5854e50b0414e6295e1a50d2b9abe87d4,python,yaml
988338c544580ffd367a5540f1061dd7b0fccc0e,python,html
a50ef9fa310da75a75101d868f8c5386e82541f1,python,yaml
8f02a1b28ac10a2baa7250e00806d8663daaa3d6,c++,ruby
5b35d6bda94e901d25aaf3d622dbe47214f75488,c++,cmake,python
498215fb1b7f17e8912a35435aeaca9962e63430,c++,python
661d1cf8cf7854af515b5640c8de7ce125b45b89,c++,python
94fd3ee8a70e5fcf5b2233aa64c0985fe8478c91,c++,python
268ffbeffb1cd0617e52d381d500a2d10f61124c,c++,python
05439532e70c105f8f282e2963dc31e0340ec503,c++,python
619472ec0a6256fc6ead491fb12881b97f3acec3,c++,python
922b138343823c6cf00099b64dbb6794165bea63,python,ruby,toml
3fd18e3f6e5ce3e8dce536088c893cb2ce4c3f72,c++,python
732a2059d0c4493e451c566160b9d5d01dfe87be,c++,python
8bf567e636e6f8a7e779a6f89ad3169f3ffa9fba,c++,python
f976629a54f5518f6285a311c45c5957281b1ee7,c++,python
b3bc3384f3068edebe69f1084518ccfb85a368f8,c++,python
b7a5bcc581634cd3b1e649d8a02749db2d5f8d7f,c++,java,python
df54da211448b5202aa08ed2b245eb78cfd1e50c,c++,python
3cf8f355e1268dd8761b99719ab09cc20d372185,c++,python
e8870d1cfae9ecd62c69e7b9f57da0bdfb3a8dc2,c++,ruby
35cd7ae7ff15beea8138417c8c7f54708fd2f923,c++,ruby
32de512b4e201701194da16f49c8cb25e65b1f13,c++,ruby
7074889602a2279cfa2440697040a946628f5b56,c++,ruby
f5245cc6b1811217df78acfb7bf6163d9dd09f32,c++,ruby
a4813bdd1d0f52b5c4d1769b914ee9ad24d2223a,c++,ruby
e3db5da648bb74b3d325042e595ae856f1ad8f7f,c++,ruby
5bf6ae49ec561eaaef823f0eb16ccca2d2ba7cf3,yaml,cmake,c++
f5967ed682e63dd752d0120573bb33f42dd56e27,cmake,c++
3bed4ebfb344d83e3c09a33aac51f6917fc787fe,c++,python
c8a3ed8171006c2db08156ad68a3967c1bc05726,c++,python
f397ce98ece24fbec5eea0734e274621c5b81b38,c++,objective-c
8724f3ce05f89fde3a9e38f237c81ad36a210d9a,c++,ruby
135d48146e980b6d3d6b72eb2d9455bb8a5f1394,c++,java
072200f7e0836c0f8af017c2df834412706e0fb9,c++,python
6743dc0f4e072b1eb026634c1d46fe7100d9a4ee,c++,java
8428c51c703e1c15cf3a4db93ce5f2e5c7781233,yaml,python
5aca7b669530b20121b8dda566ddc20ac1dadbeb,c++,python
630ce5ec57fb05bc696f47f78de9c597f92214dc,c++,python
bd0dfe5d2760fcefdc8bba096d50335b166a3001,c++,python
5f84c9c713a56c6e52fdead7e61afc39ba327209,c++,python
5dce01f76f0569d820089682aef32d87c806b61d,c++,python
4c71f309041e37806dfb7abfe89d6a86a0fb2b97,c++,python
016c45aa2031eebe118763b8465cf19a45781313,c++,python
e441291468a0d2082d72bd52406391ccc2172f3c,c++,python
d75d7a96ca21bb2c1cfcf3bce8d09c2f24a5b8a6,c++,python
5e343098187cb822017f359748e28c53ece70e75,c++,c
35ef303ad4f5a1f7a7e156e94ef331b7f9586ca5,c++,python
c6295f3b74bcc2fa9ea1b9442f922bf564669b8e,c++,python
4bed3bc34f1d274a0ec1e49ca9d04f78e1612795,c++,python
cacbacd439919742a0b6fbec27ee73b5af29347f,c++,python
5321582b9f9df0e47c347a193e09ee833c477d31,yaml,c++
e643845dc45d8d6c03102eb05bcfc67d520a39b1,c++,python
4eb7cdecf6f562a5db3909e59a1414d92af7bae6,c++,java
68decb6f33cb1ed262006d4b237137e36f89057c,c++,python
71d487aa06b2f934cd9cef70d11b78c225633cd2,yaml,javascript
e3277471a3392a6f276455fc2543fdee461e9de6,javascript,python
4db8a369d3df3af43d5023db1b376ece8b17cd54,cmake,c++
f014d76c68a9a977a19f87f7ea77511e4753bb8c,yaml,cmake
e1aebf61137fdc143e3f845326f4186efc45ae01,cmake,python
d4931c92b3a75934d2146572b6fdd16be8b1114f,yaml,c++
782a63d0e71d122dadbad97091d96f1fe3c0e06d,c++,java
0265fb4012c7ceb25b755b6995428b4d74ef9e66,c++,python
34b18f711e2f566722316a62b49e7050adbd75ac,c++,python
febc19d840ba935101dbd9fccfe92ab22e27da9b,cmake,c++
01114d831b1cd0cdb9a7f28958d181dcece2537f,c++,python,java
cec75410b78b70b30bd57908d920c006d9101b72,c++,ruby
2a4e48e384be618fc476e8ba8091642c7091f705,cmake,c++,ruby
5eaa3abb19c3618de62ade9da9fd063d0eca3c78,cmake,c++
4009b62086dfa43a4fd8bfa714772716e6531c6f,cmake,c++
68329e728c5356f85c4a492c9749ea9125b06993,c++,python
98f7cac6e162d9775d615d07b9867c1ec0030f82,yaml,cmake,c++,python
cdee23c27ac36f957512e33cc1ee49674c515dc8,cmake,c++
1fd3457a77cda15ecf4068f1ced51d0683b519ab,c++,ruby
ebb6c764687c197fbd5269b6500568d11dafaf31,c++,ruby
e8b220760ac4fba21f5983b1ffd3ac6bdf890fa6,c++,java
4cb3e97e9ad137313eadc18345e28e4e7642ed40,yaml,python
bfedd3af2dadb7bda1348a795b04705d28cefa8f,yaml,python
ad1697e5d25eeaff5630421f55b0120f45cf0ce1,cmake,c++
9d2280fb9093580fc8073e972bbae3095b75203c,c++,ruby
ecfb807458bfe909ecc8940bd840fc9c6169dd51,c++,ruby
22601699ac06c2b99f5ae06bfe7f3b2a6d295c23,python,ruby,toml
c05687dac02f0808dc5f2b24d1d776617ba3140f,cmake,python
7104d64ff2cd6c20e29d3cf4ec5c58bc10798f66,cmake,c++
35b28719fbf2fe7bea47f17ee93bd771020bd9ce,ruby,c++
1a419fe8c3deabc0f16bb1089ed523b9ce57ffa7,c++,python
a71bc838337856b72c2d1b22f8cc9741a103438c,cmake,c++
f680dac68ef5bc911499ae0b62e14c46046816a1,c++,python
217c28a30f25d4f80089d35a49b7a1698b296a9b,c++,python
28e06d870b6159a9dc3b40d88244a5a7ce08b1b8,c++,python
3919a277884cf504fdca5d730cf128e36db6f700,python,c++
875be96da78d9503ce4aeb37fd7104e5662feab6,c++,ruby
5917e07c730ed8ac70fdc5b4872795de539ae9ba,c++,ruby
9634f4bd09791ef369d63626a1184234a199d76d,c++,ruby
c0beb879e3c4863a10b0d09aa981e8f53776458a,c++,ruby
2d188b5977a0742adcdfe2cf4bb522ffa4353d6c,c++,ruby
705d842664d6626d25843ebbb331186033126287,c++,ruby
c1debdea66f6b4ea877f8e4053c07996504419d0,c++,ruby
c707822d01ccba02c823d14426188943ce7a4cdb,c++,ruby
ff4e40707048d9b3ad4744d3928d48857d32fd70,c++,ruby
dcee4ad1c5f62df0265e26f59ec58ed85597ffa2,c++,ruby
15e4811b0b47ed1f311a6e2ef41ac7e5a028f3d9,yaml,cmake,c++
0b472d860260f7063aee742939be23b921382741,c++,python
6df4c92209f03b564b7f1e1addd1791e555b566b,cmake,c++
bc16e0e04a3d4ea9c96579ac59cee4b16e771850,yaml,cmake
04cf8746f3588d7bfadcc0b9c8dbe71707bdd196,cmake,yaml,python
84e10b69a8043f507eabc7b3f224a265baa33a1a,c++,ruby
2e040896d59dfeea7b05bfc27915efbea59f7171,c++,ruby
0a8979d3ab80374eb4f84d08e060bcec70174c73,yaml,c++,python
6bfac93ab1c133190d782683df4054f98b2007e5,yaml,c++
ce95db3e3a678ac391125bd899c7ec4f1bbf4b97,yaml,cmake
394b334bba1199bd2d98a158736a6652efce629f,cmake,c++
f266f17e023c7ea8391a2d33c2a8f9e5593e3a19,yaml,cmake
91461dfbf1c1ad0191a5042304d96de5f98c3b1a,cmake,c/c++
7b3378fa549dbbcdd5fa07e0563e3e5945d333e6,yaml,cmake
3b438bc91ef153d5c963b676a534909d60ba3eb4,yaml,cmake
d135974a0d3dd9a9fbbb10da4c5dbc65f9324234,c++,python
2015198f1b6fcd8a0219d81bccc5a2f34fa66d34,cmake,c++
86f56a6073c3254487ede3aff1dc9d117d24adaf,yaml,cmake,c++
8a794e846e370a3a1a2c318be71e8cd6947116f1,c++,java
c6d6164b8fc443953cc211f241a1076eda883e76,c++,python
e438e15172b94b5bad80ba39d838195b4748d7c3,c++,ruby
4a65fea011fe6e5f016a3170c778d53ab98356b3,c++,ruby
952ec05b19fdaff8548746b6b43618ab044cd298,c++,python
f05b7c62cf6151a2a03292508628f8f1a8e7a1aa,c++,python
0c279eb2ce04fa6e8b6051cd25a725dc680a475b,c++,ruby
15b874e47e3975c5240290ec7ed105bf8d1b56bc,yaml,cmake,c++
74f89cfbe0793043eb579ec30b3d6467b0ad9af2,yaml,c++
fc7104fc4f42d77525fe15bb221bf80c181fc1d4,python,cmake
28915eb64729f08b7e3a835e77cbe6f03fb9a777,c++,java
9ee5508ab3ec010b256c88181ba3215d5e966b04,c++,python
3d419781b662c0dcdf922edaaff7202c0414c7ed,c++,python
e8ee7f971d71b2a26794a6b6b3f0577dc9138ea4,c++,java
ef579ca7eb0a99ff32ae8eed8fc3127c7ef4110b,cmake,c++,python
142e6ee69bd6a4dc316d00d9efd6d86d119df075,yaml,python
9de2edcc80b5f0f566d5d5ee731c1665c742b76d,cmake,c++
9fefc23519d7f4dbd796807562f5302cceda44d7,c++,python
836ad52aa54e665704f5bad5234d6cdad83bd20d,python,cmake,c++,c
d6b9dc2d12a4a21ae0885f3aadaeb79752764e89,python,c/c++
bf34291b93c748f9dc63a0d89cc1cf857a28630c,c++,ruby
492b3d4395ab735f2de2a797cf13554a6b15936b,javascript,html
e9343650355b1820562bfa85d370cac2070b7c92,cmake,python
e82a34a3cb30a92a5ef00cca74d054e84cee7a6c,c++,python
b4886da0f19484fe829fdb23a231a864070bf58c,c++,ruby
a1c00accf2432a1ebdbdddb1909129ab4e79d6bf,c++,ruby
1ab2abc749f4b318a0b8c013ae680a434716f278,c++,ruby
d1a9aff2937efe54fe3a5c80f7fbe19851cb71f3,c++,ruby,cmake,python
8aab00ee16d9dfe7ed578c8dbe59761eaa68670f,cmake,c/c++
27ddd3f379f853c495a3f6704fafc609bb26b220,c++,python
944b9e319a5f208c0fc45953d1f10972b1433020,c++,ruby
0bdfd5efb2d7360f8ec8f6a65401d4c76a8df597,cmake,c++
ffc8877aa6c2d80418cb805076fc0545e6b0204c,c++,python
73455b56f705c3c11d3c29447082641dcab4c63a,cmake,python
7511cfdd5e625e310b7943bfe1ab5f6e8a67b3b2,c++,python
171340fdb05fc1d281f50c2c49b272ab1b908f6a,c++,python
0ecbbf4ec4c6cf2a919f05ddf2281d7a1c7b8407,c++,python
8c3b8792ced981785e0efe1d973cf791aa975473,c++,java
89f8925a2eb9027be4f0691895e4889e72f3903a,c++,java
527fed672260752e72a6572238d1029063091ef1,c++,ruby
20c04051d1ad54121b28b1704aa49f3ae4b6e1d5,yaml,python
33d1091ee6f6a835ed058a9c368f465a9a97cbe0,c++,python
780068478a4a3486d878b4849067f56d1ac46f4c,cmake,c++
11b15a5463b2bb2c1fd48efc03e2f7ab8cd4b136,c++,python
d06d0d0b435ec13b759164c18be52217a3c4e418,python,c++
5f9cf9c96709f92e9ac4828cf3e106a165576ce7,c++,python
06e7a1ba5b89e2a25a0f1ba27220e7bcf500737a,c++,python
ac1b66d051769a11d08d37c28215945a9c219b2d,cmake,c++
c905783fd6b5a173fbf994fb5c9c17477a786554,c++,python
1ef6c2644b654fa77c49cc20bb9d8fc66d3f0c4f,c++,python
d88b9d05b317e9e20aa486a7dd06cb7727bb3df7,c++,ruby
685ebf49001ef02134e404dddae2bfd032dc4a65,python,c++
7a4b48cbfc0c94760a9753ff5afb0e52b6f6b497,c++,python
3d5880aa0fd2325f1c0a4d5557a71f57838def83,c++,python
1c6609746aeb9584fc83284f2587fa97bdbac47a,yaml,cmake,c++
beb1cb85062299a9a9e066ac20a7ff7a95262eec,c++,ruby
cdf7db9105e713e64de1a063ffe36e3f8d65227f,c++,ruby
0ecba4f0479c159be86820096a6acac35088441b,c++,python
355ff0879d5fc7bd5c95aa05fd0e9daeafbaccd3,c++,python
7d3e2a3ab90324625b738e464a020758379f457a,python,c++
7ce243ae42c6bf0fe779eb94cc0691e44811c1af,c++,java
d1f161b4173f043117d3bdbf9adff46aac9ddc31,c++,java
5216242a9794080092af8d89a0ced7117de3fac9,c++,java
0f38a9503bcde872b705976bd314ccb6c0d0f8d5,c++,python
71aad3df27109a3adeb349f973871afe1c1f919a,c++,java
e975616cc1edac0c38155d76113376004bda4e16,cmake,c++
72e1e08754003a56b413f49a107d55d61519f7ef,c++,python
e7e8d611cc415d8667673dc57a5c3c5732b25696,c++,ruby
26bc4ab5a31e3430e1d545068e5a5a5ba5bc7a22,c++,python
8d296cce6b002f5b0a79fdc3240d5f4159d83306,c++,python
2f52cf4eed1033d1bf1f043d9063e462e60d6605,c++,python
2615b47032d58284e0606b21cb216aa4b303a72c,c++,python
7afa4afc88327ec4d1879643faf25e3773ea9636,c++,python
7870804e0ea370b0e56811769e5252e6aba69e34,c++,python
e370174dd4568a25264da1e531af359c205546ab,c++,python
5c704bce42e3fa71ea4586368962d41173b3e17b,c++,python
40dd9cc25a46aa56a5d852fbc8ebdbc55b5fe8d6,c++,python
3d7a5a64732a8a6457f544006ac1c49c141332c5,c++,python
88b72df27514a8ec47736bca1da010d9a2f84f3c,c++,python
48a6ff856cf4de939f5ced42a09b1b39866efc1e,c++,python
2972c9d3a0d371dbdcf69c68a0109b83aa6fd944,c++,python
0ffc8822aaa7f62eda8ba44a44210e90bd0fe23c,c++,python
141b2c39de45dc4c3a702ea82e3d9764c87d80d7,c++,python
9ad86024dfa4d1452e647524a2f94dc6a588d377,c++,python
82d4555985515b3462c95ef0ad91445c40dd1097,c++,python
3eee3e49fe1978071e411401114fc2101928485a,c++,python
b36aab5abfa7b398c9b307930a9f1ba4c9dc08c8,c++,python
4c31b37a504f66ebedcf87ef07f14ed694e527f8,c++,python
fabf7fb6ae80f7d4dc324bf562e35ad6ee55fe31,yaml,c/c++
015b2849299be4bee9b470e3965465e1b0278881,c++,ruby
6fc9922a66017ab24f1a1676b83e4aaed0dd1930,c++,python
06be7aed062aca32b683f2ab3a94a201ae54b4f3,yaml,python
ba9348fb3aec4d39a66faa8ab9d063223dd7e7a9,c++,ruby
093f9bd8c30b1b77b3e6e7a4123cab9a6dd9daa1,c++,python
83a4405ea0bd1696aeec7677edaef8671faed1ea,cmake,c++
ae95dbd189477442d39e55fb0a1aede206906cd9,python,c++
5ffbda1b408951cb5cf49008920f1054544148d3,python,c++
19af8625daca479bfa32d1d733724d552efb04d6,c++,ruby
4555ab92b174ce645ed20c7c6e15ee236a0e2f7a,yaml,cmake
1c6f3ef82a1c76919d707a5ef28d148b9d88c3bc,yaml,cmake
41a42de75500b2306e69dec0f9eb38c059ee808a,c++,python
5dbfe301089d4f7a81fe2406ff641acd284c23ee,c++,python
ad30138a0ec9be3dfb179d1e9425a4502d556085,c++,python
02bdbf48a483b224ebfd61cf9be69cb0807e6e50,c++,python
de7c6715ba244e119913bfa31b8de46dbbd450bf,c++,python
971e99dde3ebabcd6791f4e936c0273938c45893,c++,python
8eb2b0ee67ee6697ce01acb3dda881d2acc83912,c++,go,lua,c,ruby
66f650cd359e13f3d5c3d4ef78d89f389d6bcecc,c++,python
312a665353c420452e98b6b266a5a7cb214c936f,c++,python
2d6453b25318b81af967f0cfdddacf183a60098c,javascript,html
22c738cc7b26bff9e7319d438dd3fef1238d46ad,javascript,html
c294ec3dbdd3f5cfa55a6eb5c7b27535b240ccf0,c++,python
3d19831717297e91a74e008d44c71695088b39fd,c++,ruby
78288b5fca8ff527257e487d45c7e68f7dbd8cd2,python,c++
0a411fd29ed1baac6f1524be82fc15e08f2b28db,c++,python
37dbddf0dc6582586a2bea98a436cb20726799a4,c++,python
39a37f76fa2cbf1dd52d3bc51b277553b772c343,c++,ruby
f3bcf76f2c5eb11b9f750994b97c3006b6371fec,c++,ruby
95f489c4c62f964cc32374686e4917774aa8aef2,c++,ruby
32fd692f3aced29cc65a786d5ec63f8cd484853c,cmake,c++
59e5f9806515e8a5360870c93082316f74d7ec7c,c++,python
e15c6a0b3c05b5b42c204f34369d127182450ca0,python,c++
fb9fbe4981420aaa0a56bfe87254d8b10bd5ba18,c++,python
027c6b8084961cf10d80927c8380cce7a23acc1f,c++,python
8f113b4d0fc344ab7d411af85fbf99154d5d1eaa,c++,ruby
4c3481ea5438d52878f390b0f562f6113f111a8f,python,c++
6178bf7b0f0cf66f52536f5d5fb5ee104e696f3c,c++,python
270ab4e94dba3ec45cfd2297d4f901d51d4a053b,c++,java
9d88a50c55d18860c5543dfa6ddc8f4f162dd5e5,python,c++
ff6132f8a1c2a98cf7c94ae327342c8b38aecb18,c++,python
68b80a83876b1306f80d3914eef98f51100a8009,yaml,c/c++
df7726d44ab59828aacc20a1786287ba7ade2562,c++,python
