ed768981bb22f8cbf312c24ff02649acaedf4212,bc6e3a003b706be5b316ad8ae067f3d2b40c971c
ed768981bb22f8cbf312c24ff02649acaedf4212,f55c2eac027a42bd310f2750eb944750108199f1
ed768981bb22f8cbf312c24ff02649acaedf4212,a0aa3b91f3f4d6708f15bccdf2d330ebe00438a9
ed768981bb22f8cbf312c24ff02649acaedf4212,ea772b530d1006407a7eff46bffb0049c91a3c43
ed768981bb22f8cbf312c24ff02649acaedf4212,97ee36d8aefc7fea0c991c68577f2cbcb3486f0b
34211b1b930131cf294696af339b8d157a497122,779ea50dc7d40f9fb9228eea6fee0a6588de7ad6
d20ba5bf4689863f6d3f632e140f1e38d3c0e0d7,b87cc8a007304fa7fbac07634e3ee53b3bea2dc1
d20ba5bf4689863f6d3f632e140f1e38d3c0e0d7,c53b260a6c57e10ae2ab65874f128a989fb37acf
d20ba5bf4689863f6d3f632e140f1e38d3c0e0d7,81ea78bfd242785e81375b0733d51886053f8618
d20ba5bf4689863f6d3f632e140f1e38d3c0e0d7,03e74870750dea24fa05a2dc8401eee196252898
d20ba5bf4689863f6d3f632e140f1e38d3c0e0d7,b69fde01f8581417b9d3e8bfde9e2794ae749fe8
9b7442ace84857561a677bf02df306b538018bf9,22e9550594c0a2469d0bc62c5e85ac24f2fae130
b87cc8a007304fa7fbac07634e3ee53b3bea2dc1,80d3c1f80c4e070356e106ec2722976e11e651ba
417096da07bd0d761091e531cb514d993f697a7d,bf8776dd8bc978cfff499fc8eb4b0e80be78bbdc
ad900696fe02a3f3c3e26151c5bd19e479b3f415,40bd57486076f2bba79f8ccc8891f07137c8dcba
9f66c9aa26d74af836e32aa41eb7234a6fcdde76,3e2f9d724eb599da3d6d9ba3c7952ad638dde663
22e9550594c0a2469d0bc62c5e85ac24f2fae130,e3b2ce24354763fdaf2385163ff132921edea5d1
22e9550594c0a2469d0bc62c5e85ac24f2fae130,9dfeb14ff6e0cea8f3f5a6418a778f22d1245be0
22e9550594c0a2469d0bc62c5e85ac24f2fae130,77d99b06408b2d3705f6404e0c6c484f9c404223
22e9550594c0a2469d0bc62c5e85ac24f2fae130,ddc5a58f276525b784a5af4e857f90812baa790c
22e9550594c0a2469d0bc62c5e85ac24f2fae130,f1e16959c550eefd93c279f1d538ccdd649783b8
22e9550594c0a2469d0bc62c5e85ac24f2fae130,a137a819f99635962363fd481caabb2509a5a020
22e9550594c0a2469d0bc62c5e85ac24f2fae130,13feaef0fe403a499be802d80c1cb40dd4566566
22e9550594c0a2469d0bc62c5e85ac24f2fae130,3434e4d684342ce43f315e5a8b1c7caca749afe3
f282fcbaed4047be5e7e282e98c74d4a3ee60682,9f261c882fe21b831a860a5009d79b9f6d8b4aae
3df3e2efdf225c8e89fa677f6b9809177e144209,6171847cf149733e66ef93dad72b63613e756ce8
3df3e2efdf225c8e89fa677f6b9809177e144209,5db33bcb5966468a2716450b58240a9d2f0d5a86
f2fbfc81329314121e7ff163fc3fa19e36a1b516,dc6c9a77c4f67066011014e06702d3e3568865df
f2fbfc81329314121e7ff163fc3fa19e36a1b516,7d08fa406d81f50d2ceb42cfbd0b47a7d3999743
32ba016da14963d5015af192b324d482ff4c0caf,047b2080b0288c16bf8bd5e681317d21ae8bada5
8908f5b02aa00f6c5828ca23084a472a00f8a187,896a2b4a01413086d2be6f5862dbc8fefc1cf451
780a8527c6739318d5640fc2e28c18abf3f22395,8a3c4ce1f0d47c64dc4d97cfafbea1d65f5e5827
72da7be42a6eb1aae214c085993256a437b8120b,66b6baf0d2134df925d4c079805c199e6c3c92b3
72da7be42a6eb1aae214c085993256a437b8120b,445378703226084e36072c4d9e4b11896758092c
d66d73c0a1e3f72d13bc71ad4d8cc981febbc04a,949f63fcc8b4f5dbf09ae1b0b44ce92a71bb131e
a83b980e30665ef2a4aa9078bd505e9b09425dc8,a1c22f1772ce4afbe4fa2a5df1b7c0da60852255
a83b980e30665ef2a4aa9078bd505e9b09425dc8,d4211bdd44dc5be8c9b187401183f59becb452f7
a83b980e30665ef2a4aa9078bd505e9b09425dc8,d361e1133d583de5ffce8b6e1092b080ea839baf
f089a8789312e0cacad5621a4de6677936635d57,effedeccb5ceca66f29713639cc540ce50b1fdc2
f089a8789312e0cacad5621a4de6677936635d57,d9e0ae4ac083286c5440cc4bdb0f18d9c70fdb45
f089a8789312e0cacad5621a4de6677936635d57,deb25a87d08d93ebc77c5c8d9e81b8a632485b83
f089a8789312e0cacad5621a4de6677936635d57,8c842ff501647d630b4e45645008001bf937b5a7
f089a8789312e0cacad5621a4de6677936635d57,2cfc1eccfad134a9d162f7cd83ef5ecc9c0a0da7
f089a8789312e0cacad5621a4de6677936635d57,782bd0e3995d483cec79fa3ade42727bf8d1d008
f089a8789312e0cacad5621a4de6677936635d57,2d6e0869d455c57c9d19da3981d393969741979a
f089a8789312e0cacad5621a4de6677936635d57,8a424e815ddd465f32e56ac01a483372600e524c
f089a8789312e0cacad5621a4de6677936635d57,4fce41319de8e69302e84e018e13c27ff5dd51c5
f089a8789312e0cacad5621a4de6677936635d57,e28faeaea18aecffe9f8ecd7fed9c2849f7c69c1
f089a8789312e0cacad5621a4de6677936635d57,d7122effea0856184c99820a9484bec6fc5d5c78
f089a8789312e0cacad5621a4de6677936635d57,d17d46403bb74436ee5ddc45a3aef44333b9c7af
b260f91d1203f6862152dce767f126b9d7575628,8b0ba19b4f48795794dbb4182e633df40653d641
70351a9e202d3e873f25983bfde49ae85449e281,c1aa195b5b59113a434c4992bb848edf7b472db5
a0d73b933c2f9fd6a6b463e5907747edcf801f92,f80f06df2bbf6d4052590be153dcdee2397aa663
cd90163433ddc128cbe96531f7fe62f24c17b32e,c30bc22134403d8a98ecb492d9a6deaf2db6e73f
cd90163433ddc128cbe96531f7fe62f24c17b32e,f1af9788277fc74fbf952cf951ac23238329ce5a
cd90163433ddc128cbe96531f7fe62f24c17b32e,525f86e4d10d2566041913e2e883c374ce80992e
cd90163433ddc128cbe96531f7fe62f24c17b32e,fadefb5787678b67d9aba7517784d976d21fcc35
b2de99d6c7be1f2d2e0a88a09b53a4c151b9146b,df7b7c85606a6cdf711a71cd893c7120c1e01408
9f4f550a9024c39aab86648e31bdd9b51a8fed2d,3006e631647fa7a923702a4526d9294c7f6d9587
9f4f550a9024c39aab86648e31bdd9b51a8fed2d,9dbf26fa6ca55a0b5f3ce957fe7157fd65ef869a
73b9850f88c5d80a1d36e671144231bf38836329,f9e8051f1531b96b46ecb280b3c3357d7bca6cd0
4c56aaaddef6e5ac7278d257ee0a0569eb9f72b6,f20208c214d1c212ca2e51aed97d58e119b55f43
4c56aaaddef6e5ac7278d257ee0a0569eb9f72b6,63d082809b696a5c7f168e39a7b62ed01d2d23ae
3f6844a3cc82859d746437b4c4106c13601222f4,5d388ea9d7d238babc5d6f9a57682802df58a198
3f6844a3cc82859d746437b4c4106c13601222f4,857b16aebfc75eed58b65608f125f1161254e850
3f6844a3cc82859d746437b4c4106c13601222f4,d14f3f279f097dff0f116a02572778f2ef0cf3a9
3f6844a3cc82859d746437b4c4106c13601222f4,d4802f27702c8326fd96bf3c3c14f47ff2414205
c974042e082b9767f2fb3e91d11f1cfbd6cdc58a,14a53d8fa75a4a70ce9f4b7e3398d1418c2dc136
1863bebeddafd9d3d161a7691f792cdf34a63265,e10cffd143ce1f91c7f1227aaee2ff134844c60e
1863bebeddafd9d3d161a7691f792cdf34a63265,191f74e81cc6554bf6b596c90dacfd8416328259
1863bebeddafd9d3d161a7691f792cdf34a63265,5aec40131592f585e10952df8cd4f96f6cf3bf21
1863bebeddafd9d3d161a7691f792cdf34a63265,1549e76874f25b9b3262b88a7caa43794146ae63
1863bebeddafd9d3d161a7691f792cdf34a63265,c63dfe62d7c68e9f8386cb4608acb46eae3bf304
46f9aff4d06a404ef31c7073c4ea19b240b26214,a31f0a4b1b01dbeb059d213e7cea9422a71e4ab2
46f9aff4d06a404ef31c7073c4ea19b240b26214,6361326acceab4e5f6c6d710202cece91e1da31c
46f9aff4d06a404ef31c7073c4ea19b240b26214,fc23cfc50fe27ea90ea9d2bbf3ec26baa755d135
46f9aff4d06a404ef31c7073c4ea19b240b26214,53aa306b1fc0200b4314c33da42a5449609d5072
46f9aff4d06a404ef31c7073c4ea19b240b26214,1f1a44260eaaddc3cd1e7d059ca202fd8c02285e
f1af9788277fc74fbf952cf951ac23238329ce5a,6e0cb62f1d2cb8da306648dec4a0131434ac607e
f1af9788277fc74fbf952cf951ac23238329ce5a,a8d6477e2244b31088ce3a5809edbc455071c5f3
f1af9788277fc74fbf952cf951ac23238329ce5a,f53476eabc8d51b1870a986d17871ce9b99c718d
f1af9788277fc74fbf952cf951ac23238329ce5a,9a15b9dfb8b8bb10b108d6185589d07391a627a6
f1af9788277fc74fbf952cf951ac23238329ce5a,0e812623f8124779e4d3d8ff727bb66009963f5d
f1af9788277fc74fbf952cf951ac23238329ce5a,1e5e15357291754d0ceb3a266b3020eced75ad59
f1af9788277fc74fbf952cf951ac23238329ce5a,3ead181601b5fd88edf5361038933a28fefc748e
f5b6ec3fad6e06ad4ba95180c4dc5b13339d8af8,866f78ed6d8873d8e40cb658e554bb9df0cb9783
30189baf1db0b7504efc605b1e172bcdc6906398,04ec1abe8d9b31cc7d22a65a673bfa767baac76d
e3b2ce24354763fdaf2385163ff132921edea5d1,e36e69bb6887d3427b40f661a80c71b6dfb2548f
e3b2ce24354763fdaf2385163ff132921edea5d1,5826d96fd06efeb1cd6493c4e26d5cf5801ff3cc
e3b2ce24354763fdaf2385163ff132921edea5d1,f2144d4ca2410aba05a3153dde7ec0b438d3fa0f
e3b2ce24354763fdaf2385163ff132921edea5d1,538b532bd34ed60da3680d4ce48d5943e4acae97
e3b2ce24354763fdaf2385163ff132921edea5d1,e9bc165e908969968fee3968a6d15590b91810b2
e3b2ce24354763fdaf2385163ff132921edea5d1,da3575971169c0482ce984083f3e7769f21c859d
e3b2ce24354763fdaf2385163ff132921edea5d1,b23de4591b9b6257ef15e13ad638f8265a377923
e3b2ce24354763fdaf2385163ff132921edea5d1,8a7a42e6b8646f17aa9534232b028c09e23465c8
e3b2ce24354763fdaf2385163ff132921edea5d1,429eaf8e8c2620aff1c75a9aecb71ac08f79965e
5cd709b33809512e90a844d4e2d0a96463a20738,aa3b435c974da3f96559c56f834c3bb24c60f00c
5db33bcb5966468a2716450b58240a9d2f0d5a86,3dc21892288904f3345b9c8201984c5df280f567
5db33bcb5966468a2716450b58240a9d2f0d5a86,a1f30b6a055a0b7e4279b8a62a34aab77aef4162
5db33bcb5966468a2716450b58240a9d2f0d5a86,fa938b8cccbcbb99122fdebdc1505f230f7a9d16
92843fb372cde80ab80d231523dab8d584e74b0b,15484f3aecf086933697ee81d9fc9d7b986c3b23
92843fb372cde80ab80d231523dab8d584e74b0b,9122c0a9255ce4a3f545619707d1af08457a0caa
19e45278726ecb90f1d37b39146753b46537c4bb,ea02c9489cfc22bfc38ddd9f48ed3cff4a22cd53
19e45278726ecb90f1d37b39146753b46537c4bb,1852c5949f74d62756ae809917eac72e6ddc138e
19e45278726ecb90f1d37b39146753b46537c4bb,186e9e607b38641fd8aa161dd8605774c1956729
19e45278726ecb90f1d37b39146753b46537c4bb,5969277be4e51e3cc061f9727be73c8872787c55
19e45278726ecb90f1d37b39146753b46537c4bb,c6e4bf1e57d862a65cc0f892f0671913cee54ef6
1f1a44260eaaddc3cd1e7d059ca202fd8c02285e,4d8ca7cbc1369ae7cb5ddf1261ade82270222bb5
782bd0e3995d483cec79fa3ade42727bf8d1d008,088cfdfa83c20c8741f71e7788a94046b50bf822
c05e2b62f9f01c47bf1ad20bb2d07d1f33721bda,f1e87bc607ec4a0598c786966e0c1a5c36af1914
e1d80239428192b55ef565452a1b24ba9bf136ec,411cba0354a7d52dbbf73792808b4b5e0f59cd78
23613b5f082038ebb81219730b6f343d9e734791,af43628b4a08f2e29680bacadeccdebcb61c1c60
7bf4da25643fb0db5551e6a513471c309337ca00,99740e5726012d33aa5c4e7633d0be495d889408
95f01fb4a4e24f5f84932984670081375b42fcf6,b656da2fc6cd639ada6236379087a2581b7a5939
95f01fb4a4e24f5f84932984670081375b42fcf6,96b4a5f50b08f63de09b55b500eb29d48034c6d0
95f01fb4a4e24f5f84932984670081375b42fcf6,def56400cf60610962767d303cf587fd596565dc
54fd41899da733d020e09354264f7cae4a0c93ce,2dfcf04efd2fe4318e31ab856deb1a58d6c76601
51be74df19ec0c7542dcca49edc560964e1f72fa,23195123b9a81350383b8be9e860ef8c5d294d8a
a1f30b6a055a0b7e4279b8a62a34aab77aef4162,6ebcede20984fb46ba807502a716ec0099079ecd
d7122effea0856184c99820a9484bec6fc5d5c78,df0b508521a250d91267428a5f074e77909df21a
d7122effea0856184c99820a9484bec6fc5d5c78,d2edca6b2599bc0c15a41680cf1022a57606cf92
deb25a87d08d93ebc77c5c8d9e81b8a632485b83,4397d3d5482f1fada179e74fb7df03211ae58748
deb25a87d08d93ebc77c5c8d9e81b8a632485b83,3e1310755be871ec120633637f17afe3a439f4bc
deb25a87d08d93ebc77c5c8d9e81b8a632485b83,7be2450a4045951dcf7a81e1ede60b365b43a1db
deb25a87d08d93ebc77c5c8d9e81b8a632485b83,6a48fff7fcb3ee8a8c5025a05c369c583cd9b89e
deb25a87d08d93ebc77c5c8d9e81b8a632485b83,43dcb379b4da2d70131979db85807387c7b8f78c
deb25a87d08d93ebc77c5c8d9e81b8a632485b83,cae17b60b2f469bf498c33461ed9f7930f3bad9c
deb25a87d08d93ebc77c5c8d9e81b8a632485b83,03f15dbd11c45ce7b69884f410ebd0358c45dd58
deb25a87d08d93ebc77c5c8d9e81b8a632485b83,7edafdd98add0f31772a59269ad4fbbb8ef28c74
deb25a87d08d93ebc77c5c8d9e81b8a632485b83,1bd1cafa236df62f1dd2b0615e9530142acbb46b
deb25a87d08d93ebc77c5c8d9e81b8a632485b83,e7803d5042a2f428beeefa20a6178f52614f5ae3
deb25a87d08d93ebc77c5c8d9e81b8a632485b83,d38675ac673a4950bd8ff261fdfa85d68d8f8bff
deb25a87d08d93ebc77c5c8d9e81b8a632485b83,ba092529f6d31b44ed126b368e1c3790f6629469
deb25a87d08d93ebc77c5c8d9e81b8a632485b83,461a06c84a46b8820b3bb6955b53c45f650bc1b9
e232544c6686f10ed1939ce7f8868401fe2538ca,946fb6e5b4ede36afbb2f8ce4cac1d5433da5fc0
cf6b81fd42392063658073afdf2368d5abd9e85d,734c9ffab549db689994a1493f608e8089c469f4
cf6b81fd42392063658073afdf2368d5abd9e85d,ac2ec86b77c44c77354e72ebd7ca5682ffd570f1
cf6b81fd42392063658073afdf2368d5abd9e85d,3081fb532e86dd0cb31582b9fd558508275bf2f1
6ad1e1321fdc90705bd9814f29974754a0f78a4b,9f288df235a504203bdaf9ed7f0a5fb179122712
4fce41319de8e69302e84e018e13c27ff5dd51c5,648eac4f312c308c5edc22a571bb46943692cb85
4fce41319de8e69302e84e018e13c27ff5dd51c5,ed80ff3137b2656fb10c3185dc555490d98a42fd
67c5bb4db9a9080130614773eb328fae19f4c153,95e1b55eeff0efc7e19b4da2da10f51a2f346855
a005e96dda2dfb90569e44099ec4e6bb73c8d7d6,692af66c9ca59395c9a363a76da0533366f96465
cc829034b1f2d42f5116a39046d43b3589b445ce,6100fd2e4d331b2b312a5bd6ebfa19ec52231ff4
cc829034b1f2d42f5116a39046d43b3589b445ce,42ed8cc466e52842eb6466f4803141c3dc3ac975
94a8422b91e0551757ea2d16e75b8964f4f6d1ab,9db954757bf355774b5a1cb6e608e2815ad61491
94a8422b91e0551757ea2d16e75b8964f4f6d1ab,0d1a585fd507a3cd1db780fb4dfcc743bc963f34
1fcb027babdfa883b0f7cb7907b867a9579a09e6,c385ecda12935f44378f2b33adb52702066c30cd
1efc2bc4641de1b21267ff917dcc3c2f02c3d2bc,c50950e1964fe4d2fb8a95073f6def9dd2edfbc9
1efc2bc4641de1b21267ff917dcc3c2f02c3d2bc,ac90eb33a426022cc8e093a47db6ae137b9d2049
a94bb3fa04e5ae5689daf1b8afb16064fdc102f8,a4f75bd60addda14bd317c2b9677acacca75f1ca
c385ecda12935f44378f2b33adb52702066c30cd,d0a1ba6d5d58a4f4f2b52bf48eb4a1ab2e521c4e
0dfe1bab112a7851ef05a0aa91c8b95eae9a0042,95c010cbf4c85518decb6bd88cb885651c494394
ba31d3848e41fbbafef62e6e0b2ae4ce6cff4712,f7c9f587bfb292ed1550b055f85244273e453a1a
94f63cc93d6df652e56329039d5ed82423bbd31c,dac387b8642a7719ae0894eef15a16e3112032b4
94f63cc93d6df652e56329039d5ed82423bbd31c,a05ddbc4c8549ac9e214e76566e25bc0c3725846
94f63cc93d6df652e56329039d5ed82423bbd31c,07ccdff85b7720fe3031226708a486b44f1ca435
14a53d8fa75a4a70ce9f4b7e3398d1418c2dc136,45a054fb9bf7bd07b1cb869595cdad90f544471f
63d082809b696a5c7f168e39a7b62ed01d2d23ae,8c670b5d9d9431eceb60ddc02aa07c42b15da22d
e10cffd143ce1f91c7f1227aaee2ff134844c60e,a9135066f3a0c8791a5d7a7e8b59a05917e946f7
429eaf8e8c2620aff1c75a9aecb71ac08f79965e,dc7c504f29ff07ea8c7de371d1b6d4c5873f15ad
429eaf8e8c2620aff1c75a9aecb71ac08f79965e,a2fa78d2b62be45ae950e345dea0acea780724d5
ac2ec86b77c44c77354e72ebd7ca5682ffd570f1,acde85e44ed3bf4d0bf5216f01b94f62f63c3a7a
99740e5726012d33aa5c4e7633d0be495d889408,f4e340c6e4b482ac912609f28cc4f003806ea0f8
814882be51f553c7b036390f7fa2158abc557a1f,26f98f12dc646ac55787c7c2d34f92a69dddd72f
814882be51f553c7b036390f7fa2158abc557a1f,a36e2928943e9d36b8b0509953799edf544a22af
708296a5f67b08b222c6962f7851eea14226f55c,87cd3a30bea2aac8e8e198ee29a7e14f2a7085c5
708296a5f67b08b222c6962f7851eea14226f55c,7977acd3bce32cc587aeb97f3001cb8f75b7cc1d
708296a5f67b08b222c6962f7851eea14226f55c,036d1d36779dc2086d5bcd228e907352065b954f
f8163489641869a49fbff415a820a0912d5abdd6,99868947286eb090fff47d0027597dcf3ef707d2
f4e340c6e4b482ac912609f28cc4f003806ea0f8,b2541aedb91cbc3ffd731fadb195d537a6deea93
f4e340c6e4b482ac912609f28cc4f003806ea0f8,39479ad1efdd914705b42a5587a3665a728daf2d
b0e188145c0d7762cd3edd9725d65e0be38cd614,1265b9d6d32752fc87234a847bd96cd1c5c58492
b0e188145c0d7762cd3edd9725d65e0be38cd614,9e83637a619b1ebbaef8085b00b123f58fd9c66e
b0e188145c0d7762cd3edd9725d65e0be38cd614,e4ab1f8484a05a04fd0e5d5ec3cc83d47ef12bf7
97fe751574ae983f6a7fe74a88950d26da183a0f,0f827a3dc61c577664092375348ddbf6135f6475
6c66b4deac2868ef94d670746f4fda8cdefadff3,bc2adee7bf372e152b62bf3253e466c64a10b17e
6c66b4deac2868ef94d670746f4fda8cdefadff3,f7ac0a6ef9e82090b231f592c1a1398fb4d9d20b
6c66b4deac2868ef94d670746f4fda8cdefadff3,c7fcc6e16d9d94334b17dfe70413b78c25c0b277
6c66b4deac2868ef94d670746f4fda8cdefadff3,ba2433341d743887fe0bfb42918ac5ecd1ed925a
e813bab694c4e1314357d0f0ed8784ae337d599f,b7b8bf5afece635f1ddb691c8cd61b1b8b72b921
7af9c41dd404087fb58cc9550ec481794ce1789b,e3694a2ee5c2333d20bc177a4c5b7533fe8eefc0
3081fb532e86dd0cb31582b9fd558508275bf2f1,2e2734ff8b3dbf27a676a7b066ead41305db0fa4
ac90eb33a426022cc8e093a47db6ae137b9d2049,f59e00d9f4519a1b23746306295d9d0bbd004494
b2541aedb91cbc3ffd731fadb195d537a6deea93,239d6f7b2e66c5a856e1fc6da05834acb593c146
13d865f2c176a93a27af170b2e5ad3f1d6f84c1d,ebe505ba4f0ff522aefd23de279a8b1763c49d76
85b8d7d42371398f09048c585bac3ea2ea573da1,72fa287410dcc64556151aa8807d084b35cafd13
8eba370dfa2ad7d418a4f03347442d000d755172,b68e8cb7209fcd68bf13e965e2b6f98ffd4b0bb2
a948bd43e8074e9099b1b3d40c77fd5d2b2ecdc0,028e521347b94fa8e19aa7bbc20feb2fd2331e4e
f53476eabc8d51b1870a986d17871ce9b99c718d,106c5ceca6713ce60f5a0f1fa31d800cedbac0e1
39479ad1efdd914705b42a5587a3665a728daf2d,617ae9db3d96ba8693eb4f439fc1a25ed3d0377f
617ae9db3d96ba8693eb4f439fc1a25ed3d0377f,1db8e9a09a8fe5243a0d3ad1df9ff035499bf069
99745c215cea37e90dc18c953794ff26d30e2700,db48fa333fbfca35cd0598443be72dfaff148c44
626ba1c987f9835f5824020837aad24a7b35d207,66d3bb7840cd0c9b06ae19934c7e333bc977366e
a2fa78d2b62be45ae950e345dea0acea780724d5,4eb8c969f17073d68b94eefe428415fa0c295b4d
1e29373816e0d7e208c5c59de72599eafaaca975,cdd42060a045ed52abeb83932213225610626aa6
9176de961d32cccde19c7a2a5dbd528451963cbe,97297bddc6c2b5508318b28080698d91eae08e2f
2245a0561d42b8d5b18a7e8402194d940986e122,01b62fe389978248ae0b67779d0949bc8dc7d978
e63ff31478b625bb5167d2ca954eca559dc537d6,c46ebfb6b0b0ca14505cb6281d78d48f0632371c
af43628b4a08f2e29680bacadeccdebcb61c1c60,87d29f24875f58ef33e33c7e6a13c42e96a49897
6bb6a597e1d820bb85bd1bdef02fd40eeeaa5f77,1ae89e3b7badfe39a49dc3d6b1b03d40544cea90
1406ace35bad67dfe5fea6d9b2848406bd84a1ad,92489a09e397a7f47fdd9c0b85292fe50159d384
3204813eb18a7911250869348b412a4a91330c90,f6bbcc4daf210a53741098537c3ca8fac58d0cad
1a371d9332148701de9f422ce71116bfcfe3d4fc,88885f70306e621778c716f1018dd3dd8672175d
135040ba758affaf6248d03a0bb7192aa4e7f1cf,10332f76f36e06b411343d8fc7d7ed1a433710f3
50aefd4db1ff2b8f66ab3a656088b3ab53e67cf9,cb1fec64391abccaaec8a08660932ed7c5f735d8
ca92bb665ca22019e152afb793538fcb5ead01b7,7e210cdf15e2066ab5ebb3266c79d331cdab2a94
