925e3aa28006e65d1eadab8ced039a08d71c2711,c,cmake,java
2f2c219eb6cf1b5548066bcbb5686ece73bc8681,c,cmake,java
81d22a35fce735d49099eb66aa1ff8ca7d117bc4,c,cmake,java
dad6eca05e91bbe7bd74f99c63422965f69df09f,cmake,c++
babef98b37307daa6351fc44cba2ab6c29bd1212,c++,c,java
c4e0586582c574ffc8359e17121bcad9bad1b7ff,c++,java
5705b0964a1bc3ba5b5c7c7e94d795afa2a7ab21,c++,java
0ec1f0199678682c6834af71905dbcc60a990515,c++,java
0d95fcc8eeea49b0038f8ea24cf76c545c2cf98e,c++,java
3ddd56b705757e978be121a87c932e3d37c95206,html,java,c++,perl
428c7fc74fd82c0134d9ff750362c137192a3a0a,c,java
5f1a9c0f33ba905187f66efaea70ab4f01079aa1,c++,c
a2e230e3774d46dec1fc355cb571ee97e500d780,c++,c
67a91ae5544e5cb7c6d0a61ad66241e4f89209aa,c++,cmake,c
eeafe95fda4614c90ad5e95856f6dfd29add6518,c,c++,java
22bde10d61a6b250f2a4b8969eb0206f624d9bfb,c++,java
36e92bf5ade211362a3ed5d19f0a537472dc2402,java,c++,c
73abe46a77130c0bf691907321d7fd3f187b7bdc,java,c++,c,cmake
d05944cfb525cdfce5208f067bd25e10b1e405cf,c++,c
ea524b2970850357ca57af3fd98babd0abcef044,c++,c
9138ab6fa68031a03fd275ef29c52bf12447042f,c,c++
8fc87280857fe06e0d91409abce26e751c1dc6ae,yaml,html,java,c++,perl
867d18e8ece901e625e5c2c377fb1518f6fbe129,c++,java
1c5de2295207ffb162f4b8984fa2d41c950368c9,c++,c
0a45b255c7860662964d0278da11d4fbbb0b300c,html,java
afa8db4e9a2de83542565ad37722d090d11efa3d,c++,php,c
131768462c4271461ddd46988a9231ca262f6e26,c,c++
3dcc281e6de2a6f4b514f4bab42689a6a764a50d,c,java
aa302d1674dd402dc40b71add135984eee5c4f20,c,java
ebc802668919c3c628e9b0f12aa7a6c4766b11b5,yaml,perl,php
a02dc9de18a6a62eebbcdad335ada4f9363d2684,java,c++,c
ca878bf1b9a6c2cce3314f6839c8701e952804aa,c,c++
e14f0a193a89ad06bc00010dc3d524ce196d51bb,c,java
9fce8800c4a127c2a08a9d7bdf373d6b81dac068,c++,c
aaf62f64771785e93f9a39b718d44249b5e33f34,html,assembly
05a8cb9e93967292447a790984efb21e1aa4e64a,java,c,c++
73c07453f4dfa128cc067e978a049b86c4d3fbe2,c++,java
45f0604c45a8d642e187c1871050b24df4c5b1cb,perl,java
33370c01b84866f7fab1c7a79f3e26ffe645713c,java,perl
d2396d38e88a963b7983f191ea8e2efa11b2772a,java,c++,c,cmake,perl
dff98d5d97f7f63cc98734cab77dbbd0a4155855,c++,java
18d87fe60ea7b2b652505fa425c005c651c375e8,c++,c
63f9c15accf8c478889ee95400dc8aefba1c7755,c,c++
69ba50da5d14fead1654ba8072419cd8e2d8fff8,c++,java
a6c9f9b9f9b38fc64b42d93037287336531f73d5,c,c++
be66a8150a2b125f375c2f4570385f89547ba0a6,java,c
031af05cd8f87972e9425597a0f781c621597445,java,c++,c
8bf50f502d0c5e0631aa7b9891f95e2126e78f61,c,java
e3975c0e5ff0f685ba068166d949d605e2dd93d7,perl,java
e8620048fd8ec7113df50243f794e132c0b14910,c++,c
8361221f5059bbe5fffbb7688121b7652be85b4c,c++,c
64ec0ba89116cf222135206decd82e66b05c6a4a,c++,c,java
d6d391caffa005b58182e6d304e9ffd22aec05f9,c++,c
176dc185b6eca45d59a9a845437d6d22a568b852,c++,c,java
946d963b1e36380e3ec83bbb944372e6b46b5300,c++,java
cf90462ebe72d25689f331b9b085271f285d5454,java,c++,c,cmake,php
75178150714fe062df3016d17acfc2b2269232b4,java,c++,c,cmake,perl
16244ec25e73fe5fd3fd59f8de69ab495da3c9e9,java,c,c++
4cb6aa606f086dfc74a180d61d2d2e863de1a04f,java,c,c++
37b1139ebfe49b30d7f958e2329cdaa5e535f406,java,c++,c,perl
6af22f6098351660c034378784952afc470ec90e,java,c++,c
f9f19a284c6f2ba72d23001ab2ef058c34cbbd42,cmake,c++,c
fba53622123983ab2f3f8020eb96ceb2176170b3,java,html,c++
3406621745d426ca9d8df4baa710a607dbc9ff5d,c++,php
5f14b3d4fb150ccaa12b0b387533fd9987c3c338,c++,c
b231efa33f5ce96fbeafdfdb9a1d1d1f609f814e,c++,c
b9c1fd8d0bd0668ea3ead295978ad57ab3214b0e,c++,cmake,c
bdf8645d82848aa5966384d986d394581a4427b8,c++,c
721927c7fda438aa2821a69896b76d17fabec9eb,java,c++
5131b515ed523b7f4f499b3156eed6a54d496d68,java,c++
c143fb63ad47703b2618077c793f5c9bcd25c389,c++,c
19c371d144199b522d13ff1f406662ae2228255d,c++,c
d1fd3341384b55d3cf970896492d558547726e26,c++,php,c
d8fe1b4c8141e3b16244d17e71451fd401acfda4,c++,c
4d3f23c27d1a5384dbd13c4e263399fc0f1e0764,c++,php,java
6f3c42f668223c91f02b10f1348e733f594db82e,c++,c
6960b3a4a0265a6137a1383f2ad678caffc03287,java,c,c++
9dab9d33a071a8e03e2d9d7664ed6bb480a426c4,java,c++
5ddc2b9bafc46e5775e821e08d0c0dc7cefd32f3,java,c++
31abd3963cfddd035b0ff4724a77c4950c01eabc,c++,php
bada7c8b47cd8ec96825d3b04837e3321dec47e0,c++,php
57ce3968e8dee36b39056e3707fc1e7487123601,java,c++
ec3f4036ca7bfe402941b39e7ecaa3bc96d5c799,java,c++,c
21b586e700c5c62ffb1561ba144a5b3f56255340,java,c++,php,c
d95641f9fe7d7dfc6aaacfac4c5f94bb4a7a5fd6,c,c++
bdce1b675c22b905f2fc169e735156ac24cb6fc4,c,c++
928e81236fe4f01378f3f08c878a61e212550c4d,java,c++,c
b6620ba2b9823eb6112ff97da3ac8f2929a58eff,c,c++
d1e7a8d1de1bd7984a384ddc4d9c04c58910176a,c++,c
ddfed8526053edfb96a89b03d07a891253f6d9a8,java,perl
ddca0b6c240cda4a4f23397b9cd017e660b3a283,php,c
ab1558a401f9e3bbe6c39b048116cc892acc7186,c++,c
9847a83ef82405502ef646a238d7b87d8ea60dc6,java,c++,c
5898f2d35a4c29950b3e277c3209bc77b2f7635c,java,c++,c
0422911f552b3293f3b4f8bee8bcb353e6301dc5,java,c++,c
bfe3828eaeb91de9adecd1cefaf9e5b85c8fb56c,c++,c
b142c832f5fa871849af164141e2555f1ac6ff2d,java,c,c++
44333909d159246e5f295568f5f89b20b9bc8f57,yaml,perl
ea6d01a19c3305afb050c46b37d3bdeaa0c4e943,c++,c
963c1a3caa797b85dbf45cc15915ddeac240b34e,c++,c
513585f086355621db2197b6d3691200c0bf3427,c++,java
482d77d2f003432fe7ed21d70ab324e529f59b94,c++,java
77c894cd36e970a13fe798153c987b53b69aea71,c++,c
6156e3ebf005d92a57068a46debb29e5570eedeb,c++,c
7be3176d8baf0e08f5a3e20d305424432c1caa9e,java,c
2529e110e070af7b00e39bd9a45617c4283bb6fa,java,c,cmake
02e6751db3a1d170649022603088ef76c4479055,java,c,cmake
d8c75bebae0599ef34731d9dee3b14e578e07403,java,c
411f19e91a4a18b0ed245b9142314055cd721230,c,c++,perl
d504f25abc7338f694f992bf54aab525217e749b,c,java
2ff814273f4ec21890250fdf729e982801f5ea89,java,c++
dc81279286af6f722cfc24d3eb23fc39ac210534,c++,c
5368d48c3bb1c6f1d5e46c112e877c5d0cdec0f8,c++,c
a2b64e0b19a500fb21851ed97634b74551cd14d6,c++,c
eb3a6d616a13d75643daf9a1f1722b582bff7dc3,c++,c
8216ae852ff8112110dec6e6220f701807cc4d4f,c++,c
c3647ce5859497be7bfa19cec99c5e44733751a5,c++,c
121dba99aa5ab0e607aa580967c48edc276d4839,c++,c
573628ba41b9e0e2aece9f3da050a93a3d4f9d87,c++,c
0b849d03aecc2f90d5aa640cf7fccd4b5bea2848,c++,c,java
58fccf2b499cb92f19c1d86cc071197a998a8a02,java,c++,c
8c665202241dc07cc22d0c2f41db12b021253eef,c++,c,java
5ef7237dce8f2ee083964a84090e816d374d20d3,c++,c
466eb8619131e5cd0e2982f1b0c41c2489b9b7dc,c,c++
4cf9d6d989c0dd5ed269595e4ec6591e4ff2c568,perl,java
94535255d91b3346ab879ec8eeca47f21ebeedf1,java,c++
debf6201bfe98c0ec7fcf9fa138a13a616350dd5,java,c,c++
98d803f631fcd89673025d47c5bf250c2d1ed68d,java,c++,c
915127593eaf8a400b8adeffedf3f0c08269cf00,java,c++,c,php,perl
b6e34d9cbaf5428e9cffee9be71f5fb8e8edfeb1,java,c,c++
b55b220ca50b8ea5f48d2ccbab2f752b6890d456,java,c++,c,assembly
035877ddb5f2a5743ee3b713273f68a2571be069,java,c,c++
629f8f815df602ec8cf7468677852b87b7cc715f,c++,java
f17b8f1803e317e3a2a9022fbe05b3888e0e8f0a,java,c,c++
9e493e2a527c251b777567f0515446540e16b3b4,java,c++
6e0a5b91c6c9ea0e1cc3f7b5b423fa9d5517b12a,c++,c
901157dcccabde1d94e6b6973130eefdd9ea5901,c,c++
f435f20dd389fa7d69882de291f47ad9c28605a4,java,c,c++
853a6248556e4677bfe195f8f5aa2195233904dd,c,java
7577af1593caa32c8aa6d675d50477b7d9196964,java,c++
a508fe4aaa51418ff51812cdf5d448362e73e950,c,java
45731c0d5e5c5de279e0d491e2b51989d1bd4619,c,c++
82cbf35fe3c4cccce050debe0ffbf9ff167bd184,java,c++,c
3c85049bcb45f2c4d4f24ee2edfc46b0fa060026,c,c++
3d54dfa755aa9995283b1a717a1667be7b38c2f4,c,c++
1ab2f9c5a2be540f9c4f76185cd0a28c0bd707ef,perl,java
394c36c9e83c9e2c1dc22da49f0636639d05f93f,perl,java
2a9ad4965018ae2384fc986a36bf53507e0ba4b6,java,perl
3a49517abe5d3b7bc27f70765c06f798e1ba2b37,perl,java
182899fe18fb2bf1e631f66800f6159500e5fb3d,c,java,perl
b3b3e34f27b7544def6963b17347e59dd71718db,java,perl
8a612307c885051c686ee33779272c8b6b98a563,yaml,perl
5a130aedb6ca39811b0bc64d13856f971d7deedf,perl,java
d03f2747436737ea3c328d394ba5251becb1c365,perl,java
1aa2dc84db9ab0d695be159fad48d3394042f9c6,java,perl
56beb1e6070bd9adfcaddce3391d2baf31ece4d4,java,perl
171d56aab67b1691f391a3beb65888ebb5232b62,java,c,c++
d0928529c55b558a1dd5ea295da2171dfa571149,c++,c
672bd6d6403690365d73fa4a5317c2689885b11d,yaml,html,c,c++
00302f16ab12d4ab6f1e7d100bc683b672b5782a,c++,c
1179632773041e8862137131516984b14ead42a8,c,c++
3ba7fc74e28e3d3bc6c77bbc6feae506b7c50ff6,c++,c
2cb43938819f848a6819c1c6a1c144d077e66a7d,c++,c
00bdb12fa88a0eee1362b3d16c6e0a4280f40978,java,c++
ef453096ccbae506e7e014122937a286a4ffe1ca,c++,php,c
82dae2bcb8c196ecce63abff041d02acbd086c50,java,c,cmake,c++
54c828062e8aefde7b6a6327d8b0877605874cd5,java,c/c++
10c2ca2791d797a39e4c229c980358b946fa2010,c,java
0624b36b983c91195dca7e2760fe418721ab9365,java,c++
d6a81580fc3959c96a2b5116a6df27ebc5049981,java,c++
eede63fae079122f8ea260ec8aead9fcad5444e9,java,c++
c797dd9100d6bf7073d2712073c44f522e1a90d0,c,c++
e87d063fdf35e904c3f1f8cd2508a4516e7c4bf4,c++,java
8e0b42b3e37214df0aea494d01d99a5b573a4f16,c++,java
11140552adf2fb34063a064e7918d06bce030d88,c++,c
43a35e1216a1b4ef47303bc0ff14de126bf11957,java,c++,c
aea7a0a1cc20f01faeb1d50a16f3a584f514115d,c,c++
cd27a49398835854f0a05cd8854880da8522ea71,c++,java
9a6f744d1f2cedbfa79b70978242eee2106339c6,c++,c
11f2b723867955926f2f10d545c90d708a304c63,java,c,c++
7bfdea97f5a1fcc3e608f04d32c17562dc05229b,java,c,cmake,c++
47996ba5e7183957b84e5347ad3eda8dccdf936e,c++,c
f85c98b059604afe99ec9f20a2926e4e19bccb4a,java,c,cmake
dc27073ddaf5c2f90da486bb2b06cf9dd762f107,java,c++,c
bb345525c20ac187bac238e9c8200e013c247787,c++,c
36243775a3ff3313262924fc2aed6f3d8785daee,c++,c
459db4e8771893e99ff5489610338bf92257a7e7,c++,java
0bf747562a17d709ec18a7fe7e2e8339b130ae43,c,c++
f4b62a159d14463922375eff6d11f08bf006d682,c,java
5cfc140834498079916142e26a70ba9497ec431d,html,c/c++
31db158d418d5776229b2ef8f1a48eb3132e9843,java,c++,c
25e124dd1e5c15c8f00b17eedf737e93ffa4bac0,java,c,cmake
8ceb7ee584e9ce343d8495ca7000a20f926b6d92,java,c
6577a3ca62b29910e4236b783808c434ebf5509e,java,c,cmake
b28fd515f2d8308157754a3ba45706f729d555e2,c++,c
3ed00f56aa3dcc55f4316be120098b04579126fb,c,c++
807a5c93ef973c0177e4437685d6afe0c2cfac66,java,c++
f7e9fa1df80ffe9f9f122a9fb7c1ff73c1198319,java,c++
232aeed7b6d2e27dbb201ebc4a7f513556d94285,c,assembly
1ab88b3a784b49af7348e3cab3e97366d249c793,java,c
0839238600d3cfdffc064912fa02f3acf91bb9a9,c++,c
7fe8ae2dab43857dc805e87a5618e997e50051be,c++,c
72341a0eeba2303117fa45671745d5b5070c12f3,java,c,c++
de5a502bb5d76db08730664ee5a85c52fcf344b0,c++,c
43f70b69192e3e2f73b934e53b5973c9bd35cc57,java,c++,c
7fb7f880c82eb0a0989939b19097e19a53f313b1,c,c++
82c992579c0d6ccecc1764ae6bb851d6e94c87c8,java,c
c18b0ddfdceab5e0c3aaa66ec834909ee19e5953,c,c++
b44bc50842c66831f6c326e8f1378d042fa3ca1e,c++,c
315ed967602b64215195d8ab2d2aad78250c66ed,c++,c
c2f11cff64ae18d0f502fec25618f47a1aeb074c,c++,c
7ab75b856a668e60a69ddcfb3931c7ae2d864e2a,java,c
bb8e2c9306a7e95bb11742be3e5ee693efc6e43b,java,c
c2eb75eefec6afedd057914161764202c1a4fbc0,java,c++
6b6c51afb7b3c9c773d7b9f049e7fe75a101f643,java,c,c++
78a149a47823ec59fa5b391e50eb79dadb956e16,c,c++
cc09eff07fce850baedbe83ca3f43247c8657fca,java,c,c++
4617e6a318a82e1901f6b40a3b1b741d6b0570c3,java,c++
ceb4f8ee550dc226da6f35f78d1ef1a9d6ff5717,java,c
ca719891222b3f83c62f91b3b45997b6158b3d44,java,c++
ed87a68e047b9274bfeb824f6c1958b5581a6dd1,java,c
59a90f14e3f7c1ead301e9aa28a816f4a3eca8aa,c++,c
7e5cded959eda6486c812e49bb7aa6004f2f37ce,c,java
d5863f7417dd619c37a36699c3533290aca9f76f,java,c++,c
29d7858a38d803bd50cc4ae248eb355684c93d1c,java,c,c++
a45bf2660277be7ce1bda17491e8f0b831773d46,java,c
f626d6c5746bae011f29d2bd69d13d7eb8054639,c,c++
6ada7c2076277a98cb9fdfcf8c43aadadecb5055,c,cmake
3705023975db25af16387167bab0207ce38ffe58,c,java
928484e84c981de37cb9db753d3fa0931630a490,c,cmake
169634d75aa0a3d6c793c891695dc19071bc8e34,c++,c
34df94c105b7c29d50389c3c8e80fd26145b5623,c,java
ab5fd88cdcbb9652915043b75295d016979cce51,c,java
a945467a2b807259210d72ad78aafa17ae8d43b0,c++,c
2b93a955b0658c65ae0e3a1e407db145d9910b79,c,c++
ba1e7e1d0a895c6b7f20d23dbf98c7b6095409c9,java,c,c++
75a8448d87e9c374053176abea0366feeddb6458,c++,c
c11ff942dc4ca0b600f2860ddc70548e7640aa7b,c,c++
ef7db34c1af9bd46ec4f926857d2b05be7b4bca9,c,java
19bce5efc04cfa2e173dd2c60323f565d7f06309,c,java
3ff53c6ce35dfd5c96b3862f53b9a3441a6940ae,c++,c
626460f235994c16d6fe81692e6e90f4c86eb5fa,c++,c
b20fecd58c50c2413cdbb91ad2966b8ba99a67d2,java,c
7e3036dc1b7203aaabe07305516766596a73d591,java,c
402142b6c012c5059688f17196abebef23b30f42,java,c++
bed6c7efe3391d553a71fa2a8a3cbfb70fa8bdb2,java,c++,php,c
b35ca0594854dc2f3152fa50282177b94c42eda7,java,c++,php,c
14e29b46a93d33703646dfa8aab7630df77a5fd4,java,c++,php,c
51dad132315c21e9dc15e5ea7cf1a7d99310acdf,c,java
159e0673c1f263c2ee975a0a5e300df13a483d2a,c,java
ed163b19d1f8c590c2ca954c47f96e9e1e1821b7,java,c++,php,c
10993cfd4a787d4365659d1f16f5a2f770b55710,c++,c
1ce0acfacbae8f33b83c5f994c940e969c38938d,c,c++
bf8794b869e997ff4014b7ae6756038eb40c1853,c,assembly
f545c42ff29ca30958b77b623ed5ed19a22bfb91,java,c++
68e3ebbd6114012e0192ba0cb8662a8080394ea1,java,c++,c
ad619a5fe61b462955ed0d4c2fdc3b8abbce27a5,c,c++
0d3a38b71115095529dc8522aee45f43ec0e8dd6,c,c++
ecc12246efe41dda59ae3a9ce7c996544f5304ab,c,c++
8852c8a51f8395aeb31d9cf17f94498474190c0e,c,c++
768b8fdf262a67392d64d3af33bc33a99a376c16,c++,c
44faec992d18d110d06a20c0a34ce24516939921,java,c++,c
e416518bdf262f9b5ec484e286ea658161595666,java,c++
9e44e3f111352d31ac1b4810430ed0c1b4c610a6,c++,c
352764ffd9b89c2788689691714f2417687abf8b,c++,c
139b0571380f2393df45789b16bea83b9cf089b2,java,c,c++
902378695933ae81ca047240e276de4149c833a8,c++,c
78b1f58ddbb6cfb1419027e687979dc18b1f92c6,java,c
6d6efa0653750a785e065ca6526e593f283b5f2d,java,c,c++
f22f77040c07f71dbb79b69ddf85e24f861153ea,c,c++
c76f1db9dfc6a5d264cc62dc05f32a11d51ee729,java,c,c++
a02ca22db89b5ef19320a730042c4d96b6cd3d5e,c++,c
7a76e880d6f44c74671ffb131734c97ba6627ab8,c++,c
d5959a66f2aebc122f3d91dd02a7b2373cffad6f,c,c++
f7200cff93a76095636f4cf9b54ee4cf278680fb,c,c++
58d002a50abbb4d6279054b3bdf9936a92a100ea,c,c++
d04126b28935bb663eb56d25104cf4ca1b59e600,java,c
f31976fb98e439c867b26685c14f8a7387913bff,c++,c
3870393574484324a73a4c2e280599c1b48292da,c,c++
7f32af86dfee70506637704109b94b84f48d507d,c++,java
e6276ed327f9ed867d243910e213a1a14e378454,c++,c
cb2ab4e1ad264a5ffc392a3ffce274f4a1810c70,java,c
8b6343acf6a0829c78ef1201696eb42a7e295180,java,c,c++
7218dba4d6eaf1ca16ba8bc235c39d376801593b,c++,c
38b04a0681aa3aa4bb5458d6223f7b4d3aa819b0,c,c++
ac2d3853a00cf01f50a2cf5b3ccd6dc96c9edf57,c++,php
1e95cf62bc28f8be5017180c2838e4543a690b25,c++,c,java
c78b41e47cdfe555d2b70131dc2e3938d9f15d26,c++,c
77201396ff925b947a5d9ad9fef37fd1be191c6e,c,c++
39e87a36f9747aa39790b7918b473608dcae38d5,java,c++,c
dcc3a2ef03717cf71407ed212dc4dc3747992134,java,c++
514bc1af43fbd7b04eb9aab92b4f6e60420f61a3,c++,c
fd095c8b5b2bd3de0084603aa9596ce4b69d64bb,java,c,c++
a62904ec4b0528d4a4cc083bf0691fe1d6df5fe4,java,c
abec43b10bff4b70a169af130c8d01e169df5064,java,c
2f55aa6b40b7141ca64bc7af90d1678b394bdbd7,perl,java
19913fe106de400428e77e15f8f8aa9facc2d5f1,java,c
a8b4ec2b76fb9ab52662cbb7e7691000218ebacf,c,java
b3e3d7f488377f6936144901962eca2af922a6ff,java,c++
53e39ed110e39c2ee489bfa95cab9841b708bed7,c,java
7fd6ded2731921332ef01e1c32b209ffce1b606e,java,c++
ca12bd11189c73532134fccf0c343a61bdfaf495,java,c,c++
85f9c3ba42da80c8bad4dfdc81bc51e18d4d2898,c++,c
5492e134d57d96598a26aac1d071357a8d0fa7d2,java,c++
94d7f5140456814f4c3cfcb2c4fd9fecbe99df23,yaml,java,c,c++,assembly
424b4bc5a5b549513c58021c51cc85f847d1ddc3,c,c++
0bda1a32b865095b704686bd1a04b59a45bed058,java,c++,c
b4d82931fbfe9e4a97c7729b6290cd727149ac0e,c++,c
e2a00e60a1311cf0438215244a4f2b3b50c0644b,c,java
ffc42c993ecbfe3bb342d6935d0683bf7e1834d5,java,c++
90f577ed1b67a2a77956b1e88d4b18a6d8ab45cb,java,c++
0dda8bd373aa33cf51489135974f8cddededf925,c,java
5a15df430000f4c730718c48a3a9ceb3be936fa6,java,c++
c7ea8d918f306fc594616e28f8f62308b0fe1667,java,c++,c
8271e38b78079e8e658cb3b84ec20ec4d8b24549,c,c++
3ca68d6a77639e9de2c80454a82373e32448a862,java,c,c++
33ecbd52ff70bc59afa82035e52a3660a08cf27b,java,c++
81c94aa4804acf0beef46466ba726fc4582c42ef,java,c,c++
d5d5777bd744b914089a075c2fbedd442bd071d1,c++,c
eab7ce39e9aa4238ceedf1759c471eae7fa4314b,c++,c
b89ef0778e5c4380afa5d15b3776f82edaf7fa2a,java,c++
e231add6c50efe0f42b808fe9f1e94582a77228e,java,c++
9027273a5b7fc8ff64f9507160cb105fd4cbf14a,java,c++
ba854e495976b4e8cd3f5e19ea5410fd8369b25e,c++,c,java
b47bc9ef137378e2497de6c8398d8ecd76c29789,c++,c
c2381623c79ad1dbdddfbbea27c8a09c84690221,c++,c
25e4ed2ae5ef6957bb81ba48f71b4724544a4724,java,c++
e36e4e55089a4a41aa2ace51cae998794eab5b3a,c++,c
9a98fd67c6f72efe0b87ec33679039c21604f7e9,c++,c
f8a3ce98f037869e8843b92fa72aa09442c2856c,c++,c
4e7280b7701ea52ff6d22009f4779da92cdf05d6,c++,c
fbe36b5a9c9b5264276c54f37bf8cb680c0e26fb,c,c++
12b4a526d23c31c2f3567dc5acf8e8c28470dec9,c,c++
987d5b2a826756665f2918f94aa8edc332e3cf22,c++,c
4dbb8315278f93a8f82601c6faf1561851a1c0b8,perl,java
8a54f4443e13d9c5538b4b282312681139d55249,java,html
0c679462ee208da15c80061d3e41ddf731c4d154,java,c
ca7644c311bb2e06206e8200c839352d90a7c18e,c,c++
4724967d7546987e6170d2ac429f975ba20ad858,c,c++
748f2c508527e664eca7e1b355f0774db79ae7d2,c++,c
84ac3067090c2cffa280c45906811b999c152a21,c++,c
2d9a337002a7a6a857683af78be2a741251d826f,c++,c
241120e28ced85af72aa7e3b18c373770be48109,c,c++
3573183cc4d901f801509b07053ca1bcff0f6ae4,c++,c
2cacba3fa3631eb38cfff1c016472b1b0c505fde,c++,c
0b601a5a06b81416519a3408e9476019725130cd,c++,c
c6aed54d86da1f3418ac7429338d857af99422b5,java,c,c++
1aa5228bf80cde37c76fdd427b9f72660cb09908,c++,c,perl,php
