bb926b692e8567a460d71f3b55f2ef9fe5efce7b,babef98b37307daa6351fc44cba2ab6c29bd1212
bb926b692e8567a460d71f3b55f2ef9fe5efce7b,babef98b37307daa6351fc44cba2ab6c29bd1212
81d22a35fce735d49099eb66aa1ff8ca7d117bc4,428c7fc74fd82c0134d9ff750362c137192a3a0a
0dd1369c70f505e54737e89175623fd3b5ef2d12,eeafe95fda4614c90ad5e95856f6dfd29add6518
64f97efabbcf97a5f3fe54a7866319a4e7f0788c,36e92bf5ade211362a3ed5d19f0a537472dc2402
b252b20bac074693d877952258d1eedcb2b7e743,eeafe95fda4614c90ad5e95856f6dfd29add6518
a3e988d2993ac2c250005e9dcce9be1561563a43,3dcc281e6de2a6f4b514f4bab42689a6a764a50d
06f9aef083fe6f36ce4e699d8dc580cedec16064,a02dc9de18a6a62eebbcdad335ada4f9363d2684
e98adcc5854f2499dd0d8b328133f244e89fee76,428c7fc74fd82c0134d9ff750362c137192a3a0a
11a90236fa15dee5824970aaf5b5b2b7cbaa2012,428c7fc74fd82c0134d9ff750362c137192a3a0a
48484f531f3fda614d64459650714e6836dc7cd1,428c7fc74fd82c0134d9ff750362c137192a3a0a
48484f531f3fda614d64459650714e6836dc7cd1,428c7fc74fd82c0134d9ff750362c137192a3a0a
5705b0964a1bc3ba5b5c7c7e94d795afa2a7ab21,babef98b37307daa6351fc44cba2ab6c29bd1212
5705b0964a1bc3ba5b5c7c7e94d795afa2a7ab21,babef98b37307daa6351fc44cba2ab6c29bd1212
63f9c15accf8c478889ee95400dc8aefba1c7755,be66a8150a2b125f375c2f4570385f89547ba0a6
63f9c15accf8c478889ee95400dc8aefba1c7755,031af05cd8f87972e9425597a0f781c621597445
5e4701ef7a2b9d969c0b1eadfd41f020f485abbe,64ec0ba89116cf222135206decd82e66b05c6a4a
d6d391caffa005b58182e6d304e9ffd22aec05f9,176dc185b6eca45d59a9a845437d6d22a568b852
10131cba03264983674e8617919b58d9008afd8f,176dc185b6eca45d59a9a845437d6d22a568b852
d9f1e786506e9075b6e00ceab744e29e8183cb14,37b1139ebfe49b30d7f958e2329cdaa5e535f406
d9f1e786506e9075b6e00ceab744e29e8183cb14,16244ec25e73fe5fd3fd59f8de69ab495da3c9e9
d9f1e786506e9075b6e00ceab744e29e8183cb14,75178150714fe062df3016d17acfc2b2269232b4
d9f1e786506e9075b6e00ceab744e29e8183cb14,cf90462ebe72d25689f331b9b085271f285d5454
d9f1e786506e9075b6e00ceab744e29e8183cb14,4cb6aa606f086dfc74a180d61d2d2e863de1a04f
176dc185b6eca45d59a9a845437d6d22a568b852,6af22f6098351660c034378784952afc470ec90e
dfa60abd2baf5ebc4a043de1b4665af349d01b61,721927c7fda438aa2821a69896b76d17fabec9eb
dfa60abd2baf5ebc4a043de1b4665af349d01b61,721927c7fda438aa2821a69896b76d17fabec9eb
dfa60abd2baf5ebc4a043de1b4665af349d01b61,721927c7fda438aa2821a69896b76d17fabec9eb
a2e230e3774d46dec1fc355cb571ee97e500d780,64ec0ba89116cf222135206decd82e66b05c6a4a
a2e230e3774d46dec1fc355cb571ee97e500d780,6960b3a4a0265a6137a1383f2ad678caffc03287
045e32d4b88d48d5ec3f41fff2a174016c2bfca8,ec3f4036ca7bfe402941b39e7ecaa3bc96d5c799
045e32d4b88d48d5ec3f41fff2a174016c2bfca8,21b586e700c5c62ffb1561ba144a5b3f56255340
045e32d4b88d48d5ec3f41fff2a174016c2bfca8,21b586e700c5c62ffb1561ba144a5b3f56255340
045e32d4b88d48d5ec3f41fff2a174016c2bfca8,ec3f4036ca7bfe402941b39e7ecaa3bc96d5c799
045e32d4b88d48d5ec3f41fff2a174016c2bfca8,21b586e700c5c62ffb1561ba144a5b3f56255340
045e32d4b88d48d5ec3f41fff2a174016c2bfca8,21b586e700c5c62ffb1561ba144a5b3f56255340
045e32d4b88d48d5ec3f41fff2a174016c2bfca8,ec3f4036ca7bfe402941b39e7ecaa3bc96d5c799
22bde10d61a6b250f2a4b8969eb0206f624d9bfb,eeafe95fda4614c90ad5e95856f6dfd29add6518
848eece76c31c85fb2e42f26fa585a4897de40ea,36e92bf5ade211362a3ed5d19f0a537472dc2402
fdd6cca0d2af4da74336cc9e3a6b3c8f66f7dfef,a02dc9de18a6a62eebbcdad335ada4f9363d2684
b6a9b2da1c7f4d190c2ca85d77b578282c756935,721927c7fda438aa2821a69896b76d17fabec9eb
b6a9b2da1c7f4d190c2ca85d77b578282c756935,721927c7fda438aa2821a69896b76d17fabec9eb
a02dc9de18a6a62eebbcdad335ada4f9363d2684,928e81236fe4f01378f3f08c878a61e212550c4d
a02dc9de18a6a62eebbcdad335ada4f9363d2684,928e81236fe4f01378f3f08c878a61e212550c4d
a02dc9de18a6a62eebbcdad335ada4f9363d2684,928e81236fe4f01378f3f08c878a61e212550c4d
a02dc9de18a6a62eebbcdad335ada4f9363d2684,928e81236fe4f01378f3f08c878a61e212550c4d
a02dc9de18a6a62eebbcdad335ada4f9363d2684,928e81236fe4f01378f3f08c878a61e212550c4d
a02dc9de18a6a62eebbcdad335ada4f9363d2684,928e81236fe4f01378f3f08c878a61e212550c4d
1ce2e5077220248328255e9ca5ca6fa49e79ff3e,21b586e700c5c62ffb1561ba144a5b3f56255340
1ce2e5077220248328255e9ca5ca6fa49e79ff3e,21b586e700c5c62ffb1561ba144a5b3f56255340
1c37996e0ddd02a5f82e1c9ac9b8c563684a0a02,9847a83ef82405502ef646a238d7b87d8ea60dc6
1c37996e0ddd02a5f82e1c9ac9b8c563684a0a02,5898f2d35a4c29950b3e277c3209bc77b2f7635c
5db6f4cc02686eb6ee1be4f5a1972096ded7d48f,6af22f6098351660c034378784952afc470ec90e
15b2812d695f5942438962a4c35611881acce2de,4cb6aa606f086dfc74a180d61d2d2e863de1a04f
15b2812d695f5942438962a4c35611881acce2de,4cb6aa606f086dfc74a180d61d2d2e863de1a04f
15b2812d695f5942438962a4c35611881acce2de,cf90462ebe72d25689f331b9b085271f285d5454
e706c526de871fb7cfbaa7b41a3282d0b08d9fe3,031af05cd8f87972e9425597a0f781c621597445
354c310d870d4b29cbba62c2279f3ab7fe3b8cbf,9847a83ef82405502ef646a238d7b87d8ea60dc6
0f3a9a79a70a8e46c2007187a1bd55da1e814df2,9847a83ef82405502ef646a238d7b87d8ea60dc6
35a32862c4a9ec6a54d62acbc70caf599203bcab,9847a83ef82405502ef646a238d7b87d8ea60dc6
8fff7894a5ac72cef59274262fb8f2a329a6ec2b,b142c832f5fa871849af164141e2555f1ac6ff2d
8fff7894a5ac72cef59274262fb8f2a329a6ec2b,b142c832f5fa871849af164141e2555f1ac6ff2d
8fff7894a5ac72cef59274262fb8f2a329a6ec2b,b142c832f5fa871849af164141e2555f1ac6ff2d
8fff7894a5ac72cef59274262fb8f2a329a6ec2b,b142c832f5fa871849af164141e2555f1ac6ff2d
2ccb2af7a3fe02250ef1715a4c608cbcc8644824,babef98b37307daa6351fc44cba2ab6c29bd1212
9847a83ef82405502ef646a238d7b87d8ea60dc6,5898f2d35a4c29950b3e277c3209bc77b2f7635c
9847a83ef82405502ef646a238d7b87d8ea60dc6,5898f2d35a4c29950b3e277c3209bc77b2f7635c
9847a83ef82405502ef646a238d7b87d8ea60dc6,5898f2d35a4c29950b3e277c3209bc77b2f7635c
24ea9c92f7a947a59d66d6a04fab70deca695684,babef98b37307daa6351fc44cba2ab6c29bd1212
9ee30abca36d02a9a8ebf86076ab14bdde035eb4,7be3176d8baf0e08f5a3e20d305424432c1caa9e
a95fcca4d25bebde817c2b5c94a082a73bef793f,36e92bf5ade211362a3ed5d19f0a537472dc2402
a15fd0a5f1583c638085002e198a4ef9732245cf,2529e110e070af7b00e39bd9a45617c4283bb6fa
a15fd0a5f1583c638085002e198a4ef9732245cf,02e6751db3a1d170649022603088ef76c4479055
86703e26779deb68bc7d5a118f96bc84b81d62f9,36e92bf5ade211362a3ed5d19f0a537472dc2402
acea87e0dc94dd5c37aabf6b979573de5b6d9537,2ff814273f4ec21890250fdf729e982801f5ea89
73abe46a77130c0bf691907321d7fd3f187b7bdc,36e92bf5ade211362a3ed5d19f0a537472dc2402
73abe46a77130c0bf691907321d7fd3f187b7bdc,36e92bf5ade211362a3ed5d19f0a537472dc2402
73abe46a77130c0bf691907321d7fd3f187b7bdc,36e92bf5ade211362a3ed5d19f0a537472dc2402
3bbe15b81f7c606f09ff1eab88cc5e246ec3ed5f,36e92bf5ade211362a3ed5d19f0a537472dc2402
0ed6adbddffe9f838eae68866c050368a8606c73,7be3176d8baf0e08f5a3e20d305424432c1caa9e
153a5a43d626fd3deccb9e031786fa579a414a02,36e92bf5ade211362a3ed5d19f0a537472dc2402
153a5a43d626fd3deccb9e031786fa579a414a02,36e92bf5ade211362a3ed5d19f0a537472dc2402
4c14e1416a83ed785d2714806d3f76d488c047e7,0b849d03aecc2f90d5aa640cf7fccd4b5bea2848
573628ba41b9e0e2aece9f3da050a93a3d4f9d87,58fccf2b499cb92f19c1d86cc071197a998a8a02
573628ba41b9e0e2aece9f3da050a93a3d4f9d87,58fccf2b499cb92f19c1d86cc071197a998a8a02
36e92bf5ade211362a3ed5d19f0a537472dc2402,8c665202241dc07cc22d0c2f41db12b021253eef
e8620048fd8ec7113df50243f794e132c0b14910,64ec0ba89116cf222135206decd82e66b05c6a4a
30c3f1eab2f58bf9a3c3cd5d3d7cfe713136ea59,7be3176d8baf0e08f5a3e20d305424432c1caa9e
30c3f1eab2f58bf9a3c3cd5d3d7cfe713136ea59,7be3176d8baf0e08f5a3e20d305424432c1caa9e
50086b8f7f052a51ec06c42ca455c0c7a3245cbb,debf6201bfe98c0ec7fcf9fa138a13a616350dd5
ac72ed3133c94011173b8276f7035d226ada7ea3,37b1139ebfe49b30d7f958e2329cdaa5e535f406
ac72ed3133c94011173b8276f7035d226ada7ea3,21b586e700c5c62ffb1561ba144a5b3f56255340
ac72ed3133c94011173b8276f7035d226ada7ea3,915127593eaf8a400b8adeffedf3f0c08269cf00
6c44b6a5d71c07f69fb3b6068bd9bec8c3d9acf8,37b1139ebfe49b30d7f958e2329cdaa5e535f406
6c44b6a5d71c07f69fb3b6068bd9bec8c3d9acf8,cf90462ebe72d25689f331b9b085271f285d5454
da99b915cf6ac5cae89bd7adcc153a2b55b2013a,035877ddb5f2a5743ee3b713273f68a2571be069
c96ead6d5a44d9aba429d8b7a09701b5dd5aed9e,babef98b37307daa6351fc44cba2ab6c29bd1212
c96ead6d5a44d9aba429d8b7a09701b5dd5aed9e,629f8f815df602ec8cf7468677852b87b7cc715f
fb7b8da08527e52ba78a9a14fd33beff0ff66e13,6960b3a4a0265a6137a1383f2ad678caffc03287
fb7b8da08527e52ba78a9a14fd33beff0ff66e13,928e81236fe4f01378f3f08c878a61e212550c4d
fb7b8da08527e52ba78a9a14fd33beff0ff66e13,6960b3a4a0265a6137a1383f2ad678caffc03287
fb7b8da08527e52ba78a9a14fd33beff0ff66e13,928e81236fe4f01378f3f08c878a61e212550c4d
191ef07c68937a17bb41dfeec7be8492109c87a1,f435f20dd389fa7d69882de291f47ad9c28605a4
965a9c8354e6e51f52089ef3b5ac5a7995d2dc06,035877ddb5f2a5743ee3b713273f68a2571be069
18e59a66f4cd352afa9a7775c987a7b363371709,031af05cd8f87972e9425597a0f781c621597445
18e59a66f4cd352afa9a7775c987a7b363371709,031af05cd8f87972e9425597a0f781c621597445
18e59a66f4cd352afa9a7775c987a7b363371709,031af05cd8f87972e9425597a0f781c621597445
18e59a66f4cd352afa9a7775c987a7b363371709,031af05cd8f87972e9425597a0f781c621597445
18e59a66f4cd352afa9a7775c987a7b363371709,031af05cd8f87972e9425597a0f781c621597445
18e59a66f4cd352afa9a7775c987a7b363371709,031af05cd8f87972e9425597a0f781c621597445
878f0fb86fd16d5c687083a635574920cd956e79,031af05cd8f87972e9425597a0f781c621597445
b5085c04868181f1dfd2c4bc7e932ea9c2c364d3,721927c7fda438aa2821a69896b76d17fabec9eb
b5085c04868181f1dfd2c4bc7e932ea9c2c364d3,721927c7fda438aa2821a69896b76d17fabec9eb
b5085c04868181f1dfd2c4bc7e932ea9c2c364d3,721927c7fda438aa2821a69896b76d17fabec9eb
63f4fcd02f4924adf969e0b3943ec75374ea51ab,3dcc281e6de2a6f4b514f4bab42689a6a764a50d
ad736517422cb3f52f58ac4eff1a64943548b4d4,031af05cd8f87972e9425597a0f781c621597445
45731c0d5e5c5de279e0d491e2b51989d1bd4619,eeafe95fda4614c90ad5e95856f6dfd29add6518
45731c0d5e5c5de279e0d491e2b51989d1bd4619,eeafe95fda4614c90ad5e95856f6dfd29add6518
45731c0d5e5c5de279e0d491e2b51989d1bd4619,eeafe95fda4614c90ad5e95856f6dfd29add6518
45731c0d5e5c5de279e0d491e2b51989d1bd4619,eeafe95fda4614c90ad5e95856f6dfd29add6518
45731c0d5e5c5de279e0d491e2b51989d1bd4619,eeafe95fda4614c90ad5e95856f6dfd29add6518
45731c0d5e5c5de279e0d491e2b51989d1bd4619,eeafe95fda4614c90ad5e95856f6dfd29add6518
45731c0d5e5c5de279e0d491e2b51989d1bd4619,eeafe95fda4614c90ad5e95856f6dfd29add6518
45731c0d5e5c5de279e0d491e2b51989d1bd4619,eeafe95fda4614c90ad5e95856f6dfd29add6518
4c1c3f52ed9aff29bcdfeb89421f026ae717fa0c,031af05cd8f87972e9425597a0f781c621597445
457ee2976e4276f88f2dc2cec913fd4e057f5a77,031af05cd8f87972e9425597a0f781c621597445
45f0604c45a8d642e187c1871050b24df4c5b1cb,182899fe18fb2bf1e631f66800f6159500e5fb3d
f436b862321ed568cc3817b4dd74e3bbddbf68f0,171d56aab67b1691f391a3beb65888ebb5232b62
98ac0e794f5a8599768dbc20b00dd0804e816eda,cf90462ebe72d25689f331b9b085271f285d5454
1179632773041e8862137131516984b14ead42a8,721927c7fda438aa2821a69896b76d17fabec9eb
5906c800444d10fc21b6d7a764ca49079ccb90a1,58fccf2b499cb92f19c1d86cc071197a998a8a02
de0ffa4a0410379f71c6a9286541d627525431df,82dae2bcb8c196ecce63abff041d02acbd086c50
de0ffa4a0410379f71c6a9286541d627525431df,82dae2bcb8c196ecce63abff041d02acbd086c50
a39843228448250774d56e2c531af339531f882c,d6a81580fc3959c96a2b5116a6df27ebc5049981
00bdb12fa88a0eee1362b3d16c6e0a4280f40978,d6a81580fc3959c96a2b5116a6df27ebc5049981
baddbf94e7ca5b9a5425905d46b53d1aed1b4030,43a35e1216a1b4ef47303bc0ff14de126bf11957
62db6ed586c87a6df43cecf3bd175c822200a062,031af05cd8f87972e9425597a0f781c621597445
6e111aa0609980624c898a847c6157a7f4aa5616,629f8f815df602ec8cf7468677852b87b7cc715f
6e111aa0609980624c898a847c6157a7f4aa5616,eeafe95fda4614c90ad5e95856f6dfd29add6518
6e111aa0609980624c898a847c6157a7f4aa5616,babef98b37307daa6351fc44cba2ab6c29bd1212
a22aec12eaa05f7e7ae32fa50d8b144c5e454658,58fccf2b499cb92f19c1d86cc071197a998a8a02
a22aec12eaa05f7e7ae32fa50d8b144c5e454658,11f2b723867955926f2f10d545c90d708a304c63
1efbdd46db63d34f489f9a8bccf315fba71c11be,7bfdea97f5a1fcc3e608f04d32c17562dc05229b
c0df82cf445e2849e1f31f2586fd0dd017123776,f85c98b059604afe99ec9f20a2926e4e19bccb4a
c0df82cf445e2849e1f31f2586fd0dd017123776,02e6751db3a1d170649022603088ef76c4479055
c0df82cf445e2849e1f31f2586fd0dd017123776,f85c98b059604afe99ec9f20a2926e4e19bccb4a
0f976af3821566fded6458fa17b3515f64de01ba,928e81236fe4f01378f3f08c878a61e212550c4d
70169e71b5c37b8043aa8e83f3d27456d0285028,dc27073ddaf5c2f90da486bb2b06cf9dd762f107
70169e71b5c37b8043aa8e83f3d27456d0285028,dc27073ddaf5c2f90da486bb2b06cf9dd762f107
70169e71b5c37b8043aa8e83f3d27456d0285028,dc27073ddaf5c2f90da486bb2b06cf9dd762f107
b73692a69a300b3056a385994ba36408955a564c,6960b3a4a0265a6137a1383f2ad678caffc03287
b1c11e9c1f3e188ac5ede77532e1fc356c2afd2d,928e81236fe4f01378f3f08c878a61e212550c4d
6d5292c53a2779e51f62251fb96789de4b0ff12d,02e6751db3a1d170649022603088ef76c4479055
f85c98b059604afe99ec9f20a2926e4e19bccb4a,02e6751db3a1d170649022603088ef76c4479055
1489b4ce15207c4cc76449a8f69dac0b7ab349cb,0b849d03aecc2f90d5aa640cf7fccd4b5bea2848
18642e30d04fe942fe18327b22ae95b7a792b8e3,f4b62a159d14463922375eff6d11f08bf006d682
18642e30d04fe942fe18327b22ae95b7a792b8e3,f4b62a159d14463922375eff6d11f08bf006d682
18642e30d04fe942fe18327b22ae95b7a792b8e3,f4b62a159d14463922375eff6d11f08bf006d682
18642e30d04fe942fe18327b22ae95b7a792b8e3,f4b62a159d14463922375eff6d11f08bf006d682
18642e30d04fe942fe18327b22ae95b7a792b8e3,f4b62a159d14463922375eff6d11f08bf006d682
18642e30d04fe942fe18327b22ae95b7a792b8e3,f4b62a159d14463922375eff6d11f08bf006d682
18642e30d04fe942fe18327b22ae95b7a792b8e3,f4b62a159d14463922375eff6d11f08bf006d682
18642e30d04fe942fe18327b22ae95b7a792b8e3,f4b62a159d14463922375eff6d11f08bf006d682
fba53622123983ab2f3f8020eb96ceb2176170b3,915127593eaf8a400b8adeffedf3f0c08269cf00
60364154234b74b13d1c001d6b3cf28303f906d8,11f2b723867955926f2f10d545c90d708a304c63
a670f60d975eaf89fbf04a8e701eb2f310a1768c,31db158d418d5776229b2ef8f1a48eb3132e9843
a1a1d2cf262a85306dbc50b28c30844afb37fc9b,82dae2bcb8c196ecce63abff041d02acbd086c50
a1a1d2cf262a85306dbc50b28c30844afb37fc9b,82dae2bcb8c196ecce63abff041d02acbd086c50
a1a1d2cf262a85306dbc50b28c30844afb37fc9b,82dae2bcb8c196ecce63abff041d02acbd086c50
a1a1d2cf262a85306dbc50b28c30844afb37fc9b,82dae2bcb8c196ecce63abff041d02acbd086c50
a1a1d2cf262a85306dbc50b28c30844afb37fc9b,82dae2bcb8c196ecce63abff041d02acbd086c50
a1a1d2cf262a85306dbc50b28c30844afb37fc9b,82dae2bcb8c196ecce63abff041d02acbd086c50
a1a1d2cf262a85306dbc50b28c30844afb37fc9b,82dae2bcb8c196ecce63abff041d02acbd086c50
a1a1d2cf262a85306dbc50b28c30844afb37fc9b,82dae2bcb8c196ecce63abff041d02acbd086c50
a1a1d2cf262a85306dbc50b28c30844afb37fc9b,82dae2bcb8c196ecce63abff041d02acbd086c50
a1a1d2cf262a85306dbc50b28c30844afb37fc9b,82dae2bcb8c196ecce63abff041d02acbd086c50
a1a1d2cf262a85306dbc50b28c30844afb37fc9b,82dae2bcb8c196ecce63abff041d02acbd086c50
a1a1d2cf262a85306dbc50b28c30844afb37fc9b,82dae2bcb8c196ecce63abff041d02acbd086c50
a1a1d2cf262a85306dbc50b28c30844afb37fc9b,82dae2bcb8c196ecce63abff041d02acbd086c50
a1a1d2cf262a85306dbc50b28c30844afb37fc9b,82dae2bcb8c196ecce63abff041d02acbd086c50
a1a1d2cf262a85306dbc50b28c30844afb37fc9b,82dae2bcb8c196ecce63abff041d02acbd086c50
a1a1d2cf262a85306dbc50b28c30844afb37fc9b,82dae2bcb8c196ecce63abff041d02acbd086c50
a1a1d2cf262a85306dbc50b28c30844afb37fc9b,82dae2bcb8c196ecce63abff041d02acbd086c50
a1a1d2cf262a85306dbc50b28c30844afb37fc9b,82dae2bcb8c196ecce63abff041d02acbd086c50
a1a1d2cf262a85306dbc50b28c30844afb37fc9b,82dae2bcb8c196ecce63abff041d02acbd086c50
0a5cb1d4bf680e98fc77d106cbd261b93418cc70,31db158d418d5776229b2ef8f1a48eb3132e9843
0a5cb1d4bf680e98fc77d106cbd261b93418cc70,31db158d418d5776229b2ef8f1a48eb3132e9843
0a5cb1d4bf680e98fc77d106cbd261b93418cc70,031af05cd8f87972e9425597a0f781c621597445
b0908ef5321bfbdb799546a8ba4a08ba6f05f80e,031af05cd8f87972e9425597a0f781c621597445
b0908ef5321bfbdb799546a8ba4a08ba6f05f80e,031af05cd8f87972e9425597a0f781c621597445
b86d21bac39ea12024b2acd1c64657338934f69c,31db158d418d5776229b2ef8f1a48eb3132e9843
b86d21bac39ea12024b2acd1c64657338934f69c,31db158d418d5776229b2ef8f1a48eb3132e9843
b86d21bac39ea12024b2acd1c64657338934f69c,031af05cd8f87972e9425597a0f781c621597445
82dae2bcb8c196ecce63abff041d02acbd086c50,02e6751db3a1d170649022603088ef76c4479055
82dae2bcb8c196ecce63abff041d02acbd086c50,02e6751db3a1d170649022603088ef76c4479055
82dae2bcb8c196ecce63abff041d02acbd086c50,02e6751db3a1d170649022603088ef76c4479055
82dae2bcb8c196ecce63abff041d02acbd086c50,02e6751db3a1d170649022603088ef76c4479055
82dae2bcb8c196ecce63abff041d02acbd086c50,25e124dd1e5c15c8f00b17eedf737e93ffa4bac0
82dae2bcb8c196ecce63abff041d02acbd086c50,02e6751db3a1d170649022603088ef76c4479055
82dae2bcb8c196ecce63abff041d02acbd086c50,02e6751db3a1d170649022603088ef76c4479055
82dae2bcb8c196ecce63abff041d02acbd086c50,25e124dd1e5c15c8f00b17eedf737e93ffa4bac0
82dae2bcb8c196ecce63abff041d02acbd086c50,25e124dd1e5c15c8f00b17eedf737e93ffa4bac0
82dae2bcb8c196ecce63abff041d02acbd086c50,8ceb7ee584e9ce343d8495ca7000a20f926b6d92
82dae2bcb8c196ecce63abff041d02acbd086c50,6577a3ca62b29910e4236b783808c434ebf5509e
82dae2bcb8c196ecce63abff041d02acbd086c50,02e6751db3a1d170649022603088ef76c4479055
82dae2bcb8c196ecce63abff041d02acbd086c50,25e124dd1e5c15c8f00b17eedf737e93ffa4bac0
82dae2bcb8c196ecce63abff041d02acbd086c50,02e6751db3a1d170649022603088ef76c4479055
82dae2bcb8c196ecce63abff041d02acbd086c50,25e124dd1e5c15c8f00b17eedf737e93ffa4bac0
82dae2bcb8c196ecce63abff041d02acbd086c50,6577a3ca62b29910e4236b783808c434ebf5509e
82dae2bcb8c196ecce63abff041d02acbd086c50,02e6751db3a1d170649022603088ef76c4479055
82dae2bcb8c196ecce63abff041d02acbd086c50,25e124dd1e5c15c8f00b17eedf737e93ffa4bac0
82dae2bcb8c196ecce63abff041d02acbd086c50,6577a3ca62b29910e4236b783808c434ebf5509e
82dae2bcb8c196ecce63abff041d02acbd086c50,8ceb7ee584e9ce343d8495ca7000a20f926b6d92
82dae2bcb8c196ecce63abff041d02acbd086c50,02e6751db3a1d170649022603088ef76c4479055
82dae2bcb8c196ecce63abff041d02acbd086c50,6577a3ca62b29910e4236b783808c434ebf5509e
82dae2bcb8c196ecce63abff041d02acbd086c50,02e6751db3a1d170649022603088ef76c4479055
82dae2bcb8c196ecce63abff041d02acbd086c50,02e6751db3a1d170649022603088ef76c4479055
a6c9f9b9f9b38fc64b42d93037287336531f73d5,f435f20dd389fa7d69882de291f47ad9c28605a4
a6c9f9b9f9b38fc64b42d93037287336531f73d5,58fccf2b499cb92f19c1d86cc071197a998a8a02
e2d1884e4024beab38001bdd562ae60d899350f3,928e81236fe4f01378f3f08c878a61e212550c4d
b52e24f162fdee8491c7eccb9ff775da439c18a8,64ec0ba89116cf222135206decd82e66b05c6a4a
adfbf670ba1b9f9d8efc4a3ecdf2ce88de33a77c,031af05cd8f87972e9425597a0f781c621597445
b7e9d108224f45375fe64df2032e4e91d2b868c7,031af05cd8f87972e9425597a0f781c621597445
5368d48c3bb1c6f1d5e46c112e877c5d0cdec0f8,0b849d03aecc2f90d5aa640cf7fccd4b5bea2848
5368d48c3bb1c6f1d5e46c112e877c5d0cdec0f8,0b849d03aecc2f90d5aa640cf7fccd4b5bea2848
5368d48c3bb1c6f1d5e46c112e877c5d0cdec0f8,0b849d03aecc2f90d5aa640cf7fccd4b5bea2848
5368d48c3bb1c6f1d5e46c112e877c5d0cdec0f8,0b849d03aecc2f90d5aa640cf7fccd4b5bea2848
e3156d2e1176ba7b2a558e1d1272b5eb0ac8eed6,0b849d03aecc2f90d5aa640cf7fccd4b5bea2848
4dabe74a4250f9137c39031977484b859ac036b8,031af05cd8f87972e9425597a0f781c621597445
24d0157a4f7d7803c7c3899dc6c433b50b9fd70b,11f2b723867955926f2f10d545c90d708a304c63
b13f126c5350fefd533e7e2e4e1e9fa4ef693bbb,31db158d418d5776229b2ef8f1a48eb3132e9843
b13f126c5350fefd533e7e2e4e1e9fa4ef693bbb,031af05cd8f87972e9425597a0f781c621597445
3742682c65ffc6fa5e9af5c44001dc0e9809df7c,64ec0ba89116cf222135206decd82e66b05c6a4a
d2e32374b9c9bc795b7bee737013abb7d056587f,031af05cd8f87972e9425597a0f781c621597445
d2e32374b9c9bc795b7bee737013abb7d056587f,031af05cd8f87972e9425597a0f781c621597445
d2e32374b9c9bc795b7bee737013abb7d056587f,031af05cd8f87972e9425597a0f781c621597445
d2e32374b9c9bc795b7bee737013abb7d056587f,031af05cd8f87972e9425597a0f781c621597445
d2e32374b9c9bc795b7bee737013abb7d056587f,031af05cd8f87972e9425597a0f781c621597445
d2e32374b9c9bc795b7bee737013abb7d056587f,031af05cd8f87972e9425597a0f781c621597445
d2e32374b9c9bc795b7bee737013abb7d056587f,031af05cd8f87972e9425597a0f781c621597445
ca152c69fb4c6c1569ce89e7d0dd3c867f999a6d,64ec0ba89116cf222135206decd82e66b05c6a4a
f9f19a284c6f2ba72d23001ab2ef058c34cbbd42,64ec0ba89116cf222135206decd82e66b05c6a4a
6c5e7821efec31a66d0dff21c891ad210c9a8513,72341a0eeba2303117fa45671745d5b5070c12f3
1f349b8b1745d21942d2fcff3c5e506240b0b935,031af05cd8f87972e9425597a0f781c621597445
205d468b3ec1321fc97e73271db93e44525bf08b,02e6751db3a1d170649022603088ef76c4479055
205d468b3ec1321fc97e73271db93e44525bf08b,02e6751db3a1d170649022603088ef76c4479055
031af05cd8f87972e9425597a0f781c621597445,31db158d418d5776229b2ef8f1a48eb3132e9843
031af05cd8f87972e9425597a0f781c621597445,31db158d418d5776229b2ef8f1a48eb3132e9843
e44571aa5d0c997692d8a1f9ebca2e60b2770621,0b849d03aecc2f90d5aa640cf7fccd4b5bea2848
e44571aa5d0c997692d8a1f9ebca2e60b2770621,0b849d03aecc2f90d5aa640cf7fccd4b5bea2848
e44571aa5d0c997692d8a1f9ebca2e60b2770621,0b849d03aecc2f90d5aa640cf7fccd4b5bea2848
77c894cd36e970a13fe798153c987b53b69aea71,11f2b723867955926f2f10d545c90d708a304c63
38f206b47f93cda0fc3ae167c6714c539f342fa0,0b849d03aecc2f90d5aa640cf7fccd4b5bea2848
55c7fc958dacc6573b3379d39d77b9204a2fb07b,02e6751db3a1d170649022603088ef76c4479055
55c7fc958dacc6573b3379d39d77b9204a2fb07b,02e6751db3a1d170649022603088ef76c4479055
55c7fc958dacc6573b3379d39d77b9204a2fb07b,25e124dd1e5c15c8f00b17eedf737e93ffa4bac0
babef98b37307daa6351fc44cba2ab6c29bd1212,629f8f815df602ec8cf7468677852b87b7cc715f
babef98b37307daa6351fc44cba2ab6c29bd1212,629f8f815df602ec8cf7468677852b87b7cc715f
5f14b3d4fb150ccaa12b0b387533fd9987c3c338,64ec0ba89116cf222135206decd82e66b05c6a4a
5f14b3d4fb150ccaa12b0b387533fd9987c3c338,928e81236fe4f01378f3f08c878a61e212550c4d
315ed967602b64215195d8ab2d2aad78250c66ed,58fccf2b499cb92f19c1d86cc071197a998a8a02
315ed967602b64215195d8ab2d2aad78250c66ed,58fccf2b499cb92f19c1d86cc071197a998a8a02
315ed967602b64215195d8ab2d2aad78250c66ed,58fccf2b499cb92f19c1d86cc071197a998a8a02
315ed967602b64215195d8ab2d2aad78250c66ed,11f2b723867955926f2f10d545c90d708a304c63
fa1739240a096ac9c4bff3dcbb68edf1eb68b4fa,02e6751db3a1d170649022603088ef76c4479055
7fe8ae2dab43857dc805e87a5618e997e50051be,64ec0ba89116cf222135206decd82e66b05c6a4a
681e02a571b3a8a020058c168cbc549360e8c74e,721927c7fda438aa2821a69896b76d17fabec9eb
eda9938c4ac329520cc05d1af9f4712179ee13c2,721927c7fda438aa2821a69896b76d17fabec9eb
9138ab6fa68031a03fd275ef29c52bf12447042f,915127593eaf8a400b8adeffedf3f0c08269cf00
f1244665be5ac08b1e16f6ed80574529a62392cb,721927c7fda438aa2821a69896b76d17fabec9eb
64ec0ba89116cf222135206decd82e66b05c6a4a,11f2b723867955926f2f10d545c90d708a304c63
64ec0ba89116cf222135206decd82e66b05c6a4a,11f2b723867955926f2f10d545c90d708a304c63
64ec0ba89116cf222135206decd82e66b05c6a4a,11f2b723867955926f2f10d545c90d708a304c63
64ec0ba89116cf222135206decd82e66b05c6a4a,11f2b723867955926f2f10d545c90d708a304c63
64ec0ba89116cf222135206decd82e66b05c6a4a,11f2b723867955926f2f10d545c90d708a304c63
64ec0ba89116cf222135206decd82e66b05c6a4a,11f2b723867955926f2f10d545c90d708a304c63
64ec0ba89116cf222135206decd82e66b05c6a4a,11f2b723867955926f2f10d545c90d708a304c63
64ec0ba89116cf222135206decd82e66b05c6a4a,11f2b723867955926f2f10d545c90d708a304c63
64ec0ba89116cf222135206decd82e66b05c6a4a,6b6c51afb7b3c9c773d7b9f049e7fe75a101f643
dc02c863f3a9290a2c702fe921a076aa9851e0f4,928e81236fe4f01378f3f08c878a61e212550c4d
81e8d546db53acd78c73c3cf969b330997e66a62,25e124dd1e5c15c8f00b17eedf737e93ffa4bac0
25e124dd1e5c15c8f00b17eedf737e93ffa4bac0,02e6751db3a1d170649022603088ef76c4479055
25e124dd1e5c15c8f00b17eedf737e93ffa4bac0,02e6751db3a1d170649022603088ef76c4479055
25e124dd1e5c15c8f00b17eedf737e93ffa4bac0,02e6751db3a1d170649022603088ef76c4479055
25e124dd1e5c15c8f00b17eedf737e93ffa4bac0,02e6751db3a1d170649022603088ef76c4479055
25e124dd1e5c15c8f00b17eedf737e93ffa4bac0,02e6751db3a1d170649022603088ef76c4479055
d1e7a8d1de1bd7984a384ddc4d9c04c58910176a,928e81236fe4f01378f3f08c878a61e212550c4d
7ab75b856a668e60a69ddcfb3931c7ae2d864e2a,ed87a68e047b9274bfeb824f6c1958b5581a6dd1
4dc569fb3571574f3b14593c6da2ac5e122a6f4d,035877ddb5f2a5743ee3b713273f68a2571be069
4dc569fb3571574f3b14593c6da2ac5e122a6f4d,035877ddb5f2a5743ee3b713273f68a2571be069
4dc569fb3571574f3b14593c6da2ac5e122a6f4d,035877ddb5f2a5743ee3b713273f68a2571be069
d040bb7cf17cf76cf59b0173c6b78d63fa6e48de,6960b3a4a0265a6137a1383f2ad678caffc03287
d040bb7cf17cf76cf59b0173c6b78d63fa6e48de,a45bf2660277be7ce1bda17491e8f0b831773d46
d040bb7cf17cf76cf59b0173c6b78d63fa6e48de,d5863f7417dd619c37a36699c3533290aca9f76f
0f0203ccf44622355e30685651e0cf97a5d0bf6b,d5863f7417dd619c37a36699c3533290aca9f76f
afff596d2a9fd7ed207adb94be9390a3cf283a84,428c7fc74fd82c0134d9ff750362c137192a3a0a
afff596d2a9fd7ed207adb94be9390a3cf283a84,428c7fc74fd82c0134d9ff750362c137192a3a0a
a0cce98319de4bb5e8552f6caa0d177383a3bfea,035877ddb5f2a5743ee3b713273f68a2571be069
98321a92e2079d9196fa3953497b4fd97634d144,428c7fc74fd82c0134d9ff750362c137192a3a0a
e14f0a193a89ad06bc00010dc3d524ce196d51bb,428c7fc74fd82c0134d9ff750362c137192a3a0a
e14f0a193a89ad06bc00010dc3d524ce196d51bb,428c7fc74fd82c0134d9ff750362c137192a3a0a
e14f0a193a89ad06bc00010dc3d524ce196d51bb,428c7fc74fd82c0134d9ff750362c137192a3a0a
e14f0a193a89ad06bc00010dc3d524ce196d51bb,428c7fc74fd82c0134d9ff750362c137192a3a0a
e14f0a193a89ad06bc00010dc3d524ce196d51bb,428c7fc74fd82c0134d9ff750362c137192a3a0a
e14f0a193a89ad06bc00010dc3d524ce196d51bb,428c7fc74fd82c0134d9ff750362c137192a3a0a
e14f0a193a89ad06bc00010dc3d524ce196d51bb,428c7fc74fd82c0134d9ff750362c137192a3a0a
064d46bb1ab3dcd57a00ff4bf66bfccc7bc6ccba,d5863f7417dd619c37a36699c3533290aca9f76f
cf90462ebe72d25689f331b9b085271f285d5454,915127593eaf8a400b8adeffedf3f0c08269cf00
4cb6aa606f086dfc74a180d61d2d2e863de1a04f,915127593eaf8a400b8adeffedf3f0c08269cf00
440094830295405b810a91265f7ee64cae3cd045,11f2b723867955926f2f10d545c90d708a304c63
cf5ab5712a8aed5adc6ae71f9edfc6f3a55f4280,035877ddb5f2a5743ee3b713273f68a2571be069
9d6784d2d5afcb4a14acc790708c5c62b0686f53,11f2b723867955926f2f10d545c90d708a304c63
ef453096ccbae506e7e014122937a286a4ffe1ca,21b586e700c5c62ffb1561ba144a5b3f56255340
ef453096ccbae506e7e014122937a286a4ffe1ca,ec3f4036ca7bfe402941b39e7ecaa3bc96d5c799
ef453096ccbae506e7e014122937a286a4ffe1ca,21b586e700c5c62ffb1561ba144a5b3f56255340
ef453096ccbae506e7e014122937a286a4ffe1ca,21b586e700c5c62ffb1561ba144a5b3f56255340
ef453096ccbae506e7e014122937a286a4ffe1ca,21b586e700c5c62ffb1561ba144a5b3f56255340
ef453096ccbae506e7e014122937a286a4ffe1ca,21b586e700c5c62ffb1561ba144a5b3f56255340
ef453096ccbae506e7e014122937a286a4ffe1ca,21b586e700c5c62ffb1561ba144a5b3f56255340
ef453096ccbae506e7e014122937a286a4ffe1ca,21b586e700c5c62ffb1561ba144a5b3f56255340
18d6568f8371e149d3467011779c1160e32f5d21,21b586e700c5c62ffb1561ba144a5b3f56255340
21b586e700c5c62ffb1561ba144a5b3f56255340,bed6c7efe3391d553a71fa2a8a3cbfb70fa8bdb2
21b586e700c5c62ffb1561ba144a5b3f56255340,bed6c7efe3391d553a71fa2a8a3cbfb70fa8bdb2
21b586e700c5c62ffb1561ba144a5b3f56255340,bed6c7efe3391d553a71fa2a8a3cbfb70fa8bdb2
21b586e700c5c62ffb1561ba144a5b3f56255340,bed6c7efe3391d553a71fa2a8a3cbfb70fa8bdb2
21b586e700c5c62ffb1561ba144a5b3f56255340,bed6c7efe3391d553a71fa2a8a3cbfb70fa8bdb2
21b586e700c5c62ffb1561ba144a5b3f56255340,bed6c7efe3391d553a71fa2a8a3cbfb70fa8bdb2
21b586e700c5c62ffb1561ba144a5b3f56255340,bed6c7efe3391d553a71fa2a8a3cbfb70fa8bdb2
21b586e700c5c62ffb1561ba144a5b3f56255340,bed6c7efe3391d553a71fa2a8a3cbfb70fa8bdb2
21b586e700c5c62ffb1561ba144a5b3f56255340,bed6c7efe3391d553a71fa2a8a3cbfb70fa8bdb2
21b586e700c5c62ffb1561ba144a5b3f56255340,bed6c7efe3391d553a71fa2a8a3cbfb70fa8bdb2
21b586e700c5c62ffb1561ba144a5b3f56255340,bed6c7efe3391d553a71fa2a8a3cbfb70fa8bdb2
21b586e700c5c62ffb1561ba144a5b3f56255340,bed6c7efe3391d553a71fa2a8a3cbfb70fa8bdb2
bed6c7efe3391d553a71fa2a8a3cbfb70fa8bdb2,b35ca0594854dc2f3152fa50282177b94c42eda7
bed6c7efe3391d553a71fa2a8a3cbfb70fa8bdb2,b35ca0594854dc2f3152fa50282177b94c42eda7
bed6c7efe3391d553a71fa2a8a3cbfb70fa8bdb2,b35ca0594854dc2f3152fa50282177b94c42eda7
bed6c7efe3391d553a71fa2a8a3cbfb70fa8bdb2,b35ca0594854dc2f3152fa50282177b94c42eda7
bed6c7efe3391d553a71fa2a8a3cbfb70fa8bdb2,b35ca0594854dc2f3152fa50282177b94c42eda7
bed6c7efe3391d553a71fa2a8a3cbfb70fa8bdb2,b35ca0594854dc2f3152fa50282177b94c42eda7
bed6c7efe3391d553a71fa2a8a3cbfb70fa8bdb2,b35ca0594854dc2f3152fa50282177b94c42eda7
bed6c7efe3391d553a71fa2a8a3cbfb70fa8bdb2,b35ca0594854dc2f3152fa50282177b94c42eda7
bed6c7efe3391d553a71fa2a8a3cbfb70fa8bdb2,b35ca0594854dc2f3152fa50282177b94c42eda7
bed6c7efe3391d553a71fa2a8a3cbfb70fa8bdb2,b35ca0594854dc2f3152fa50282177b94c42eda7
bed6c7efe3391d553a71fa2a8a3cbfb70fa8bdb2,b35ca0594854dc2f3152fa50282177b94c42eda7
bed6c7efe3391d553a71fa2a8a3cbfb70fa8bdb2,b35ca0594854dc2f3152fa50282177b94c42eda7
b35ca0594854dc2f3152fa50282177b94c42eda7,14e29b46a93d33703646dfa8aab7630df77a5fd4
b35ca0594854dc2f3152fa50282177b94c42eda7,14e29b46a93d33703646dfa8aab7630df77a5fd4
b35ca0594854dc2f3152fa50282177b94c42eda7,14e29b46a93d33703646dfa8aab7630df77a5fd4
b35ca0594854dc2f3152fa50282177b94c42eda7,14e29b46a93d33703646dfa8aab7630df77a5fd4
b35ca0594854dc2f3152fa50282177b94c42eda7,14e29b46a93d33703646dfa8aab7630df77a5fd4
b35ca0594854dc2f3152fa50282177b94c42eda7,14e29b46a93d33703646dfa8aab7630df77a5fd4
b35ca0594854dc2f3152fa50282177b94c42eda7,14e29b46a93d33703646dfa8aab7630df77a5fd4
b35ca0594854dc2f3152fa50282177b94c42eda7,14e29b46a93d33703646dfa8aab7630df77a5fd4
b35ca0594854dc2f3152fa50282177b94c42eda7,14e29b46a93d33703646dfa8aab7630df77a5fd4
b35ca0594854dc2f3152fa50282177b94c42eda7,14e29b46a93d33703646dfa8aab7630df77a5fd4
b35ca0594854dc2f3152fa50282177b94c42eda7,14e29b46a93d33703646dfa8aab7630df77a5fd4
b35ca0594854dc2f3152fa50282177b94c42eda7,14e29b46a93d33703646dfa8aab7630df77a5fd4
08c9ae728f66d76d08f1450d1cf32ff3a0d12149,428c7fc74fd82c0134d9ff750362c137192a3a0a
08c9ae728f66d76d08f1450d1cf32ff3a0d12149,428c7fc74fd82c0134d9ff750362c137192a3a0a
08c9ae728f66d76d08f1450d1cf32ff3a0d12149,428c7fc74fd82c0134d9ff750362c137192a3a0a
08c9ae728f66d76d08f1450d1cf32ff3a0d12149,428c7fc74fd82c0134d9ff750362c137192a3a0a
8629a642b4d0b8f43c9ddfb1d9ba3a3c21355f06,ed163b19d1f8c590c2ca954c47f96e9e1e1821b7
8629a642b4d0b8f43c9ddfb1d9ba3a3c21355f06,ed163b19d1f8c590c2ca954c47f96e9e1e1821b7
8629a642b4d0b8f43c9ddfb1d9ba3a3c21355f06,ed163b19d1f8c590c2ca954c47f96e9e1e1821b7
14e29b46a93d33703646dfa8aab7630df77a5fd4,ed163b19d1f8c590c2ca954c47f96e9e1e1821b7
14e29b46a93d33703646dfa8aab7630df77a5fd4,ed163b19d1f8c590c2ca954c47f96e9e1e1821b7
14e29b46a93d33703646dfa8aab7630df77a5fd4,ed163b19d1f8c590c2ca954c47f96e9e1e1821b7
14e29b46a93d33703646dfa8aab7630df77a5fd4,ed163b19d1f8c590c2ca954c47f96e9e1e1821b7
14e29b46a93d33703646dfa8aab7630df77a5fd4,ed163b19d1f8c590c2ca954c47f96e9e1e1821b7
14e29b46a93d33703646dfa8aab7630df77a5fd4,ed163b19d1f8c590c2ca954c47f96e9e1e1821b7
14e29b46a93d33703646dfa8aab7630df77a5fd4,ed163b19d1f8c590c2ca954c47f96e9e1e1821b7
14e29b46a93d33703646dfa8aab7630df77a5fd4,ed163b19d1f8c590c2ca954c47f96e9e1e1821b7
14e29b46a93d33703646dfa8aab7630df77a5fd4,ed163b19d1f8c590c2ca954c47f96e9e1e1821b7
14e29b46a93d33703646dfa8aab7630df77a5fd4,ed163b19d1f8c590c2ca954c47f96e9e1e1821b7
14e29b46a93d33703646dfa8aab7630df77a5fd4,ed163b19d1f8c590c2ca954c47f96e9e1e1821b7
14e29b46a93d33703646dfa8aab7630df77a5fd4,ed163b19d1f8c590c2ca954c47f96e9e1e1821b7
f1064d77ced536b2f90ddc2a1d8518027cc413c5,171d56aab67b1691f391a3beb65888ebb5232b62
ae93021addd778fcfcb69905eb8934595312a8e2,58fccf2b499cb92f19c1d86cc071197a998a8a02
f425c72f82947cce642394f55945a14107b5444d,035877ddb5f2a5743ee3b713273f68a2571be069
eb70cc158826e01959661ef61afb5905bcfac759,721927c7fda438aa2821a69896b76d17fabec9eb
5ec5b2dfe204ea25ae126619d64b19d7c4e1cc9d,b142c832f5fa871849af164141e2555f1ac6ff2d
2bb7a77c79dbf0803c52952c9db7289315baa252,68e3ebbd6114012e0192ba0cb8662a8080394ea1
7135527b92f6a11524715ad91d45ae9bf3356e6c,11f2b723867955926f2f10d545c90d708a304c63
58fccf2b499cb92f19c1d86cc071197a998a8a02,f435f20dd389fa7d69882de291f47ad9c28605a4
112ecba129597fe369c325e927cc85e820aab7ba,44faec992d18d110d06a20c0a34ce24516939921
035877ddb5f2a5743ee3b713273f68a2571be069,139b0571380f2393df45789b16bea83b9cf089b2
035877ddb5f2a5743ee3b713273f68a2571be069,139b0571380f2393df45789b16bea83b9cf089b2
41058b44e588f942277f0a195c92f3e778a48092,78b1f58ddbb6cfb1419027e687979dc18b1f92c6
8f20214800cae1d156508ae2870643f4329f292d,11f2b723867955926f2f10d545c90d708a304c63
10cce91a5b441e13f47ad5bb1648ecb32fdb910a,6d6efa0653750a785e065ca6526e593f283b5f2d
10cce91a5b441e13f47ad5bb1648ecb32fdb910a,6b6c51afb7b3c9c773d7b9f049e7fe75a101f643
11f2b723867955926f2f10d545c90d708a304c63,c76f1db9dfc6a5d264cc62dc05f32a11d51ee729
11f2b723867955926f2f10d545c90d708a304c63,c76f1db9dfc6a5d264cc62dc05f32a11d51ee729
11f2b723867955926f2f10d545c90d708a304c63,c76f1db9dfc6a5d264cc62dc05f32a11d51ee729
11f2b723867955926f2f10d545c90d708a304c63,c76f1db9dfc6a5d264cc62dc05f32a11d51ee729
11f2b723867955926f2f10d545c90d708a304c63,c76f1db9dfc6a5d264cc62dc05f32a11d51ee729
11f2b723867955926f2f10d545c90d708a304c63,c76f1db9dfc6a5d264cc62dc05f32a11d51ee729
11f2b723867955926f2f10d545c90d708a304c63,c76f1db9dfc6a5d264cc62dc05f32a11d51ee729
11f2b723867955926f2f10d545c90d708a304c63,c76f1db9dfc6a5d264cc62dc05f32a11d51ee729
11f2b723867955926f2f10d545c90d708a304c63,c76f1db9dfc6a5d264cc62dc05f32a11d51ee729
11f2b723867955926f2f10d545c90d708a304c63,c76f1db9dfc6a5d264cc62dc05f32a11d51ee729
11f2b723867955926f2f10d545c90d708a304c63,c76f1db9dfc6a5d264cc62dc05f32a11d51ee729
11f2b723867955926f2f10d545c90d708a304c63,c76f1db9dfc6a5d264cc62dc05f32a11d51ee729
11f2b723867955926f2f10d545c90d708a304c63,c76f1db9dfc6a5d264cc62dc05f32a11d51ee729
11f2b723867955926f2f10d545c90d708a304c63,c76f1db9dfc6a5d264cc62dc05f32a11d51ee729
11f2b723867955926f2f10d545c90d708a304c63,c76f1db9dfc6a5d264cc62dc05f32a11d51ee729
11f2b723867955926f2f10d545c90d708a304c63,c76f1db9dfc6a5d264cc62dc05f32a11d51ee729
11f2b723867955926f2f10d545c90d708a304c63,c76f1db9dfc6a5d264cc62dc05f32a11d51ee729
11f2b723867955926f2f10d545c90d708a304c63,c76f1db9dfc6a5d264cc62dc05f32a11d51ee729
11f2b723867955926f2f10d545c90d708a304c63,c76f1db9dfc6a5d264cc62dc05f32a11d51ee729
11f2b723867955926f2f10d545c90d708a304c63,c76f1db9dfc6a5d264cc62dc05f32a11d51ee729
11f2b723867955926f2f10d545c90d708a304c63,c76f1db9dfc6a5d264cc62dc05f32a11d51ee729
11f2b723867955926f2f10d545c90d708a304c63,c76f1db9dfc6a5d264cc62dc05f32a11d51ee729
11f2b723867955926f2f10d545c90d708a304c63,c76f1db9dfc6a5d264cc62dc05f32a11d51ee729
11f2b723867955926f2f10d545c90d708a304c63,c76f1db9dfc6a5d264cc62dc05f32a11d51ee729
11f2b723867955926f2f10d545c90d708a304c63,c76f1db9dfc6a5d264cc62dc05f32a11d51ee729
11f2b723867955926f2f10d545c90d708a304c63,c76f1db9dfc6a5d264cc62dc05f32a11d51ee729
11f2b723867955926f2f10d545c90d708a304c63,c76f1db9dfc6a5d264cc62dc05f32a11d51ee729
11f2b723867955926f2f10d545c90d708a304c63,c76f1db9dfc6a5d264cc62dc05f32a11d51ee729
11f2b723867955926f2f10d545c90d708a304c63,c76f1db9dfc6a5d264cc62dc05f32a11d51ee729
11f2b723867955926f2f10d545c90d708a304c63,c76f1db9dfc6a5d264cc62dc05f32a11d51ee729
11f2b723867955926f2f10d545c90d708a304c63,c76f1db9dfc6a5d264cc62dc05f32a11d51ee729
11f2b723867955926f2f10d545c90d708a304c63,c76f1db9dfc6a5d264cc62dc05f32a11d51ee729
11f2b723867955926f2f10d545c90d708a304c63,c76f1db9dfc6a5d264cc62dc05f32a11d51ee729
11f2b723867955926f2f10d545c90d708a304c63,c76f1db9dfc6a5d264cc62dc05f32a11d51ee729
11f2b723867955926f2f10d545c90d708a304c63,c76f1db9dfc6a5d264cc62dc05f32a11d51ee729
11f2b723867955926f2f10d545c90d708a304c63,c76f1db9dfc6a5d264cc62dc05f32a11d51ee729
11f2b723867955926f2f10d545c90d708a304c63,c76f1db9dfc6a5d264cc62dc05f32a11d51ee729
11f2b723867955926f2f10d545c90d708a304c63,c76f1db9dfc6a5d264cc62dc05f32a11d51ee729
11f2b723867955926f2f10d545c90d708a304c63,c76f1db9dfc6a5d264cc62dc05f32a11d51ee729
11f2b723867955926f2f10d545c90d708a304c63,c76f1db9dfc6a5d264cc62dc05f32a11d51ee729
11f2b723867955926f2f10d545c90d708a304c63,c76f1db9dfc6a5d264cc62dc05f32a11d51ee729
11f2b723867955926f2f10d545c90d708a304c63,c76f1db9dfc6a5d264cc62dc05f32a11d51ee729
11f2b723867955926f2f10d545c90d708a304c63,c76f1db9dfc6a5d264cc62dc05f32a11d51ee729
11f2b723867955926f2f10d545c90d708a304c63,c76f1db9dfc6a5d264cc62dc05f32a11d51ee729
11f2b723867955926f2f10d545c90d708a304c63,c76f1db9dfc6a5d264cc62dc05f32a11d51ee729
11f2b723867955926f2f10d545c90d708a304c63,c76f1db9dfc6a5d264cc62dc05f32a11d51ee729
11f2b723867955926f2f10d545c90d708a304c63,c76f1db9dfc6a5d264cc62dc05f32a11d51ee729
11f2b723867955926f2f10d545c90d708a304c63,c76f1db9dfc6a5d264cc62dc05f32a11d51ee729
11f2b723867955926f2f10d545c90d708a304c63,c76f1db9dfc6a5d264cc62dc05f32a11d51ee729
11f2b723867955926f2f10d545c90d708a304c63,c76f1db9dfc6a5d264cc62dc05f32a11d51ee729
11f2b723867955926f2f10d545c90d708a304c63,c76f1db9dfc6a5d264cc62dc05f32a11d51ee729
11f2b723867955926f2f10d545c90d708a304c63,c76f1db9dfc6a5d264cc62dc05f32a11d51ee729
11f2b723867955926f2f10d545c90d708a304c63,c76f1db9dfc6a5d264cc62dc05f32a11d51ee729
11f2b723867955926f2f10d545c90d708a304c63,c76f1db9dfc6a5d264cc62dc05f32a11d51ee729
11f2b723867955926f2f10d545c90d708a304c63,c76f1db9dfc6a5d264cc62dc05f32a11d51ee729
11f2b723867955926f2f10d545c90d708a304c63,c76f1db9dfc6a5d264cc62dc05f32a11d51ee729
11f2b723867955926f2f10d545c90d708a304c63,171d56aab67b1691f391a3beb65888ebb5232b62
11f2b723867955926f2f10d545c90d708a304c63,c76f1db9dfc6a5d264cc62dc05f32a11d51ee729
11f2b723867955926f2f10d545c90d708a304c63,171d56aab67b1691f391a3beb65888ebb5232b62
11f2b723867955926f2f10d545c90d708a304c63,c76f1db9dfc6a5d264cc62dc05f32a11d51ee729
11f2b723867955926f2f10d545c90d708a304c63,c76f1db9dfc6a5d264cc62dc05f32a11d51ee729
11f2b723867955926f2f10d545c90d708a304c63,c76f1db9dfc6a5d264cc62dc05f32a11d51ee729
11f2b723867955926f2f10d545c90d708a304c63,c76f1db9dfc6a5d264cc62dc05f32a11d51ee729
11f2b723867955926f2f10d545c90d708a304c63,c76f1db9dfc6a5d264cc62dc05f32a11d51ee729
d95641f9fe7d7dfc6aaacfac4c5f94bb4a7a5fd6,d04126b28935bb663eb56d25104cf4ca1b59e600
d95641f9fe7d7dfc6aaacfac4c5f94bb4a7a5fd6,721927c7fda438aa2821a69896b76d17fabec9eb
d95641f9fe7d7dfc6aaacfac4c5f94bb4a7a5fd6,6d6efa0653750a785e065ca6526e593f283b5f2d
d95641f9fe7d7dfc6aaacfac4c5f94bb4a7a5fd6,6d6efa0653750a785e065ca6526e593f283b5f2d
d95641f9fe7d7dfc6aaacfac4c5f94bb4a7a5fd6,721927c7fda438aa2821a69896b76d17fabec9eb
1a21d6b0bce631c76f619a3e2da3eda62a0aedf8,72341a0eeba2303117fa45671745d5b5070c12f3
fed53fe00ce47bfca5edbfe62761c7c75de2f477,44faec992d18d110d06a20c0a34ce24516939921
d504f25abc7338f694f992bf54aab525217e749b,721927c7fda438aa2821a69896b76d17fabec9eb
bcb26611c9f72d99997930d792b78efd0189e5ec,d6a81580fc3959c96a2b5116a6df27ebc5049981
6ef21bbb1600ff43f5d206fff08d488cf7fd761a,7f32af86dfee70506637704109b94b84f48d507d
71bed502d6916bb8920088784577eeac1d230b04,171d56aab67b1691f391a3beb65888ebb5232b62
7e3036dc1b7203aaabe07305516766596a73d591,cb2ab4e1ad264a5ffc392a3ffce274f4a1810c70
c76f1db9dfc6a5d264cc62dc05f32a11d51ee729,8b6343acf6a0829c78ef1201696eb42a7e295180
c76f1db9dfc6a5d264cc62dc05f32a11d51ee729,8b6343acf6a0829c78ef1201696eb42a7e295180
c76f1db9dfc6a5d264cc62dc05f32a11d51ee729,8b6343acf6a0829c78ef1201696eb42a7e295180
c76f1db9dfc6a5d264cc62dc05f32a11d51ee729,8b6343acf6a0829c78ef1201696eb42a7e295180
c76f1db9dfc6a5d264cc62dc05f32a11d51ee729,8b6343acf6a0829c78ef1201696eb42a7e295180
c76f1db9dfc6a5d264cc62dc05f32a11d51ee729,8b6343acf6a0829c78ef1201696eb42a7e295180
c76f1db9dfc6a5d264cc62dc05f32a11d51ee729,8b6343acf6a0829c78ef1201696eb42a7e295180
c76f1db9dfc6a5d264cc62dc05f32a11d51ee729,8b6343acf6a0829c78ef1201696eb42a7e295180
c76f1db9dfc6a5d264cc62dc05f32a11d51ee729,8b6343acf6a0829c78ef1201696eb42a7e295180
c76f1db9dfc6a5d264cc62dc05f32a11d51ee729,8b6343acf6a0829c78ef1201696eb42a7e295180
c76f1db9dfc6a5d264cc62dc05f32a11d51ee729,8b6343acf6a0829c78ef1201696eb42a7e295180
c76f1db9dfc6a5d264cc62dc05f32a11d51ee729,8b6343acf6a0829c78ef1201696eb42a7e295180
c76f1db9dfc6a5d264cc62dc05f32a11d51ee729,8b6343acf6a0829c78ef1201696eb42a7e295180
c76f1db9dfc6a5d264cc62dc05f32a11d51ee729,8b6343acf6a0829c78ef1201696eb42a7e295180
c76f1db9dfc6a5d264cc62dc05f32a11d51ee729,8b6343acf6a0829c78ef1201696eb42a7e295180
c76f1db9dfc6a5d264cc62dc05f32a11d51ee729,8b6343acf6a0829c78ef1201696eb42a7e295180
c76f1db9dfc6a5d264cc62dc05f32a11d51ee729,8b6343acf6a0829c78ef1201696eb42a7e295180
c76f1db9dfc6a5d264cc62dc05f32a11d51ee729,8b6343acf6a0829c78ef1201696eb42a7e295180
c76f1db9dfc6a5d264cc62dc05f32a11d51ee729,8b6343acf6a0829c78ef1201696eb42a7e295180
c76f1db9dfc6a5d264cc62dc05f32a11d51ee729,8b6343acf6a0829c78ef1201696eb42a7e295180
c76f1db9dfc6a5d264cc62dc05f32a11d51ee729,8b6343acf6a0829c78ef1201696eb42a7e295180
c76f1db9dfc6a5d264cc62dc05f32a11d51ee729,8b6343acf6a0829c78ef1201696eb42a7e295180
c76f1db9dfc6a5d264cc62dc05f32a11d51ee729,8b6343acf6a0829c78ef1201696eb42a7e295180
c76f1db9dfc6a5d264cc62dc05f32a11d51ee729,8b6343acf6a0829c78ef1201696eb42a7e295180
c76f1db9dfc6a5d264cc62dc05f32a11d51ee729,8b6343acf6a0829c78ef1201696eb42a7e295180
c76f1db9dfc6a5d264cc62dc05f32a11d51ee729,8b6343acf6a0829c78ef1201696eb42a7e295180
c76f1db9dfc6a5d264cc62dc05f32a11d51ee729,8b6343acf6a0829c78ef1201696eb42a7e295180
c76f1db9dfc6a5d264cc62dc05f32a11d51ee729,8b6343acf6a0829c78ef1201696eb42a7e295180
c76f1db9dfc6a5d264cc62dc05f32a11d51ee729,8b6343acf6a0829c78ef1201696eb42a7e295180
c76f1db9dfc6a5d264cc62dc05f32a11d51ee729,8b6343acf6a0829c78ef1201696eb42a7e295180
c76f1db9dfc6a5d264cc62dc05f32a11d51ee729,8b6343acf6a0829c78ef1201696eb42a7e295180
c76f1db9dfc6a5d264cc62dc05f32a11d51ee729,8b6343acf6a0829c78ef1201696eb42a7e295180
c76f1db9dfc6a5d264cc62dc05f32a11d51ee729,8b6343acf6a0829c78ef1201696eb42a7e295180
c76f1db9dfc6a5d264cc62dc05f32a11d51ee729,8b6343acf6a0829c78ef1201696eb42a7e295180
c76f1db9dfc6a5d264cc62dc05f32a11d51ee729,8b6343acf6a0829c78ef1201696eb42a7e295180
c76f1db9dfc6a5d264cc62dc05f32a11d51ee729,8b6343acf6a0829c78ef1201696eb42a7e295180
c76f1db9dfc6a5d264cc62dc05f32a11d51ee729,8b6343acf6a0829c78ef1201696eb42a7e295180
c76f1db9dfc6a5d264cc62dc05f32a11d51ee729,8b6343acf6a0829c78ef1201696eb42a7e295180
c76f1db9dfc6a5d264cc62dc05f32a11d51ee729,8b6343acf6a0829c78ef1201696eb42a7e295180
c76f1db9dfc6a5d264cc62dc05f32a11d51ee729,8b6343acf6a0829c78ef1201696eb42a7e295180
c76f1db9dfc6a5d264cc62dc05f32a11d51ee729,8b6343acf6a0829c78ef1201696eb42a7e295180
c76f1db9dfc6a5d264cc62dc05f32a11d51ee729,8b6343acf6a0829c78ef1201696eb42a7e295180
c76f1db9dfc6a5d264cc62dc05f32a11d51ee729,8b6343acf6a0829c78ef1201696eb42a7e295180
c76f1db9dfc6a5d264cc62dc05f32a11d51ee729,8b6343acf6a0829c78ef1201696eb42a7e295180
c76f1db9dfc6a5d264cc62dc05f32a11d51ee729,8b6343acf6a0829c78ef1201696eb42a7e295180
c76f1db9dfc6a5d264cc62dc05f32a11d51ee729,8b6343acf6a0829c78ef1201696eb42a7e295180
c76f1db9dfc6a5d264cc62dc05f32a11d51ee729,8b6343acf6a0829c78ef1201696eb42a7e295180
c76f1db9dfc6a5d264cc62dc05f32a11d51ee729,8b6343acf6a0829c78ef1201696eb42a7e295180
c76f1db9dfc6a5d264cc62dc05f32a11d51ee729,8b6343acf6a0829c78ef1201696eb42a7e295180
c76f1db9dfc6a5d264cc62dc05f32a11d51ee729,8b6343acf6a0829c78ef1201696eb42a7e295180
c76f1db9dfc6a5d264cc62dc05f32a11d51ee729,8b6343acf6a0829c78ef1201696eb42a7e295180
c76f1db9dfc6a5d264cc62dc05f32a11d51ee729,8b6343acf6a0829c78ef1201696eb42a7e295180
c76f1db9dfc6a5d264cc62dc05f32a11d51ee729,8b6343acf6a0829c78ef1201696eb42a7e295180
c76f1db9dfc6a5d264cc62dc05f32a11d51ee729,8b6343acf6a0829c78ef1201696eb42a7e295180
c76f1db9dfc6a5d264cc62dc05f32a11d51ee729,8b6343acf6a0829c78ef1201696eb42a7e295180
c76f1db9dfc6a5d264cc62dc05f32a11d51ee729,8b6343acf6a0829c78ef1201696eb42a7e295180
c76f1db9dfc6a5d264cc62dc05f32a11d51ee729,8b6343acf6a0829c78ef1201696eb42a7e295180
c76f1db9dfc6a5d264cc62dc05f32a11d51ee729,8b6343acf6a0829c78ef1201696eb42a7e295180
c76f1db9dfc6a5d264cc62dc05f32a11d51ee729,8b6343acf6a0829c78ef1201696eb42a7e295180
c76f1db9dfc6a5d264cc62dc05f32a11d51ee729,8b6343acf6a0829c78ef1201696eb42a7e295180
c76f1db9dfc6a5d264cc62dc05f32a11d51ee729,8b6343acf6a0829c78ef1201696eb42a7e295180
c76f1db9dfc6a5d264cc62dc05f32a11d51ee729,8b6343acf6a0829c78ef1201696eb42a7e295180
c76f1db9dfc6a5d264cc62dc05f32a11d51ee729,8b6343acf6a0829c78ef1201696eb42a7e295180
c76f1db9dfc6a5d264cc62dc05f32a11d51ee729,8b6343acf6a0829c78ef1201696eb42a7e295180
c76f1db9dfc6a5d264cc62dc05f32a11d51ee729,8b6343acf6a0829c78ef1201696eb42a7e295180
c76f1db9dfc6a5d264cc62dc05f32a11d51ee729,8b6343acf6a0829c78ef1201696eb42a7e295180
c76f1db9dfc6a5d264cc62dc05f32a11d51ee729,8b6343acf6a0829c78ef1201696eb42a7e295180
c76f1db9dfc6a5d264cc62dc05f32a11d51ee729,8b6343acf6a0829c78ef1201696eb42a7e295180
c76f1db9dfc6a5d264cc62dc05f32a11d51ee729,8b6343acf6a0829c78ef1201696eb42a7e295180
c76f1db9dfc6a5d264cc62dc05f32a11d51ee729,8b6343acf6a0829c78ef1201696eb42a7e295180
8b6343acf6a0829c78ef1201696eb42a7e295180,171d56aab67b1691f391a3beb65888ebb5232b62
8b6343acf6a0829c78ef1201696eb42a7e295180,171d56aab67b1691f391a3beb65888ebb5232b62
c4ff46221ad273dda9d02f3687aab7e94eb59ad3,6d6efa0653750a785e065ca6526e593f283b5f2d
381a2c1261f450e63be98dd895f1f0b030335079,1e95cf62bc28f8be5017180c2838e4543a690b25
381a2c1261f450e63be98dd895f1f0b030335079,928e81236fe4f01378f3f08c878a61e212550c4d
10993cfd4a787d4365659d1f16f5a2f770b55710,171d56aab67b1691f391a3beb65888ebb5232b62
10993cfd4a787d4365659d1f16f5a2f770b55710,171d56aab67b1691f391a3beb65888ebb5232b62
4970338ce413faf9b475aa98531bc286bcf86629,dc27073ddaf5c2f90da486bb2b06cf9dd762f107
5eda8f3ab6de7565fad3c0842f9646725a4c8168,ed87a68e047b9274bfeb824f6c1958b5581a6dd1
8590ac95a9d5df674603c18c5e2f6e7d212bf653,43a35e1216a1b4ef47303bc0ff14de126bf11957
cd91fc45b7b27b4273f5bab517246fb0a46fbfd5,72341a0eeba2303117fa45671745d5b5070c12f3
049bbd57d580f41d30d32f10730c7452eceb383b,721927c7fda438aa2821a69896b76d17fabec9eb
d03ae381f36a6d8751b38a0847b6d3ed351a00df,721927c7fda438aa2821a69896b76d17fabec9eb
63f1998c7f4818d1416f23cde97aa5e3af4b53f8,721927c7fda438aa2821a69896b76d17fabec9eb
63f1998c7f4818d1416f23cde97aa5e3af4b53f8,721927c7fda438aa2821a69896b76d17fabec9eb
d9fa7c77608399be889787378ebc00fe303fb3f1,2ff814273f4ec21890250fdf729e982801f5ea89
d9fa7c77608399be889787378ebc00fe303fb3f1,2ff814273f4ec21890250fdf729e982801f5ea89
d9fa7c77608399be889787378ebc00fe303fb3f1,39e87a36f9747aa39790b7918b473608dcae38d5
d9fa7c77608399be889787378ebc00fe303fb3f1,2ff814273f4ec21890250fdf729e982801f5ea89
d9fa7c77608399be889787378ebc00fe303fb3f1,2ff814273f4ec21890250fdf729e982801f5ea89
0709034de7289a3238e3635a94de23d9358059bb,928e81236fe4f01378f3f08c878a61e212550c4d
8434776fbcaa5234fd399e5ad7cff324b4662e0c,72341a0eeba2303117fa45671745d5b5070c12f3
9e29c3c8d14afc4b79562f50f71cd8a89df6a51a,dc27073ddaf5c2f90da486bb2b06cf9dd762f107
9e29c3c8d14afc4b79562f50f71cd8a89df6a51a,dc27073ddaf5c2f90da486bb2b06cf9dd762f107
9e29c3c8d14afc4b79562f50f71cd8a89df6a51a,dc27073ddaf5c2f90da486bb2b06cf9dd762f107
72341a0eeba2303117fa45671745d5b5070c12f3,fd095c8b5b2bd3de0084603aa9596ce4b69d64bb
72341a0eeba2303117fa45671745d5b5070c12f3,fd095c8b5b2bd3de0084603aa9596ce4b69d64bb
72341a0eeba2303117fa45671745d5b5070c12f3,fd095c8b5b2bd3de0084603aa9596ce4b69d64bb
72341a0eeba2303117fa45671745d5b5070c12f3,fd095c8b5b2bd3de0084603aa9596ce4b69d64bb
72341a0eeba2303117fa45671745d5b5070c12f3,fd095c8b5b2bd3de0084603aa9596ce4b69d64bb
72341a0eeba2303117fa45671745d5b5070c12f3,fd095c8b5b2bd3de0084603aa9596ce4b69d64bb
72341a0eeba2303117fa45671745d5b5070c12f3,fd095c8b5b2bd3de0084603aa9596ce4b69d64bb
72341a0eeba2303117fa45671745d5b5070c12f3,fd095c8b5b2bd3de0084603aa9596ce4b69d64bb
72341a0eeba2303117fa45671745d5b5070c12f3,fd095c8b5b2bd3de0084603aa9596ce4b69d64bb
2f6b1a97aa1421ce68a46ef98a9334634a75c4e3,f435f20dd389fa7d69882de291f47ad9c28605a4
3870393574484324a73a4c2e280599c1b48292da,721927c7fda438aa2821a69896b76d17fabec9eb
796d336d9c3ec925f519a04ac1b4b46cd839b1a8,721927c7fda438aa2821a69896b76d17fabec9eb
c6b75f52d43a05eec53bfaf390cfec1d5ddb7d66,721927c7fda438aa2821a69896b76d17fabec9eb
5dacf645f2d7b7ab2e01f531faff00198636327d,721927c7fda438aa2821a69896b76d17fabec9eb
6ef77dfc5b62d1452e2042e59786b9717fe2e6b5,721927c7fda438aa2821a69896b76d17fabec9eb
0d586431a25c44f3cb2f822d3f73d384e606ecbe,dc27073ddaf5c2f90da486bb2b06cf9dd762f107
1d60b0a55602c74ad76c3f392d5c94c3af38655f,8c665202241dc07cc22d0c2f41db12b021253eef
fd095c8b5b2bd3de0084603aa9596ce4b69d64bb,ca12bd11189c73532134fccf0c343a61bdfaf495
fd095c8b5b2bd3de0084603aa9596ce4b69d64bb,ca12bd11189c73532134fccf0c343a61bdfaf495
fd095c8b5b2bd3de0084603aa9596ce4b69d64bb,ca12bd11189c73532134fccf0c343a61bdfaf495
fd095c8b5b2bd3de0084603aa9596ce4b69d64bb,ca12bd11189c73532134fccf0c343a61bdfaf495
fd095c8b5b2bd3de0084603aa9596ce4b69d64bb,ca12bd11189c73532134fccf0c343a61bdfaf495
fd095c8b5b2bd3de0084603aa9596ce4b69d64bb,ca12bd11189c73532134fccf0c343a61bdfaf495
fd095c8b5b2bd3de0084603aa9596ce4b69d64bb,ca12bd11189c73532134fccf0c343a61bdfaf495
fd095c8b5b2bd3de0084603aa9596ce4b69d64bb,ca12bd11189c73532134fccf0c343a61bdfaf495
fd095c8b5b2bd3de0084603aa9596ce4b69d64bb,ca12bd11189c73532134fccf0c343a61bdfaf495
fd095c8b5b2bd3de0084603aa9596ce4b69d64bb,ca12bd11189c73532134fccf0c343a61bdfaf495
fd095c8b5b2bd3de0084603aa9596ce4b69d64bb,ca12bd11189c73532134fccf0c343a61bdfaf495
fd095c8b5b2bd3de0084603aa9596ce4b69d64bb,ca12bd11189c73532134fccf0c343a61bdfaf495
fd095c8b5b2bd3de0084603aa9596ce4b69d64bb,ca12bd11189c73532134fccf0c343a61bdfaf495
fd095c8b5b2bd3de0084603aa9596ce4b69d64bb,ca12bd11189c73532134fccf0c343a61bdfaf495
e56bfe7b7b369241a1f12e6f2391392f50e008f5,ed87a68e047b9274bfeb824f6c1958b5581a6dd1
ac5dd335de27af504ba602c14feb289fd55f1ca7,ca12bd11189c73532134fccf0c343a61bdfaf495
ac5dd335de27af504ba602c14feb289fd55f1ca7,ca12bd11189c73532134fccf0c343a61bdfaf495
d4bc38a46694b28d61c583f025bb605517284e5a,d5863f7417dd619c37a36699c3533290aca9f76f
b6620ba2b9823eb6112ff97da3ac8f2929a58eff,928e81236fe4f01378f3f08c878a61e212550c4d
94245ea053a9719ad02fc92180cd9940212a83d1,be66a8150a2b125f375c2f4570385f89547ba0a6
c491d4b0e4ab85384afeb0c773274ad02ceb4bc4,5492e134d57d96598a26aac1d071357a8d0fa7d2
c570573737b3c98db5d2221d67abad1f3c54e39e,721927c7fda438aa2821a69896b76d17fabec9eb
20f4460e710cd08b4debcb515eb46e00bc18d2aa,94d7f5140456814f4c3cfcb2c4fd9fecbe99df23
47c477029f5d2e1fa00d392de6194649b3608551,171d56aab67b1691f391a3beb65888ebb5232b62
9cd678b4ae65be304c7124b274ba0c11b8ddcec7,f435f20dd389fa7d69882de291f47ad9c28605a4
dc81279286af6f722cfc24d3eb23fc39ac210534,0bda1a32b865095b704686bd1a04b59a45bed058
7cac939ae153a220c876cdf04e56721396e013d4,d5863f7417dd619c37a36699c3533290aca9f76f
7cac939ae153a220c876cdf04e56721396e013d4,5492e134d57d96598a26aac1d071357a8d0fa7d2
1ae720c2e5c0493f87af0e5d185a6795a8d10971,ed87a68e047b9274bfeb824f6c1958b5581a6dd1
6e3fa7ee45bd6b1fc0d6831be5de2b428e3a03d1,8c665202241dc07cc22d0c2f41db12b021253eef
394c36c9e83c9e2c1dc22da49f0636639d05f93f,ed87a68e047b9274bfeb824f6c1958b5581a6dd1
394c36c9e83c9e2c1dc22da49f0636639d05f93f,e2a00e60a1311cf0438215244a4f2b3b50c0644b
394c36c9e83c9e2c1dc22da49f0636639d05f93f,182899fe18fb2bf1e631f66800f6159500e5fb3d
a34091f4eb256eeeab363c1c735bb22851013989,5492e134d57d96598a26aac1d071357a8d0fa7d2
ac51d0966a703772d002f12c7cbf7299c6e52edc,d6a81580fc3959c96a2b5116a6df27ebc5049981
1a5387fda8aef4e2e875aeb093c8af939cdd2861,5492e134d57d96598a26aac1d071357a8d0fa7d2
c9d8c501c4ad0d90236d24173906c20b64b55350,0bda1a32b865095b704686bd1a04b59a45bed058
e6276ed327f9ed867d243910e213a1a14e378454,0bda1a32b865095b704686bd1a04b59a45bed058
e6276ed327f9ed867d243910e213a1a14e378454,0bda1a32b865095b704686bd1a04b59a45bed058
e6276ed327f9ed867d243910e213a1a14e378454,0bda1a32b865095b704686bd1a04b59a45bed058
8ad75d391b57759612014bcc27a23fac137ad45f,721927c7fda438aa2821a69896b76d17fabec9eb
5492e134d57d96598a26aac1d071357a8d0fa7d2,d5863f7417dd619c37a36699c3533290aca9f76f
5492e134d57d96598a26aac1d071357a8d0fa7d2,d5863f7417dd619c37a36699c3533290aca9f76f
5492e134d57d96598a26aac1d071357a8d0fa7d2,d5863f7417dd619c37a36699c3533290aca9f76f
5492e134d57d96598a26aac1d071357a8d0fa7d2,d5863f7417dd619c37a36699c3533290aca9f76f
5492e134d57d96598a26aac1d071357a8d0fa7d2,d5863f7417dd619c37a36699c3533290aca9f76f
83a098e22701f05f1b51ee6f19c4eb4e13e8898d,0bda1a32b865095b704686bd1a04b59a45bed058
8d2c8d777f0004ee24b4e0dc9c1a0abf5a001dd0,c7ea8d918f306fc594616e28f8f62308b0fe1667
8d2c8d777f0004ee24b4e0dc9c1a0abf5a001dd0,c7ea8d918f306fc594616e28f8f62308b0fe1667
8d2c8d777f0004ee24b4e0dc9c1a0abf5a001dd0,c7ea8d918f306fc594616e28f8f62308b0fe1667
8d2c8d777f0004ee24b4e0dc9c1a0abf5a001dd0,d5863f7417dd619c37a36699c3533290aca9f76f
b4d82931fbfe9e4a97c7729b6290cd727149ac0e,d6a81580fc3959c96a2b5116a6df27ebc5049981
b4d82931fbfe9e4a97c7729b6290cd727149ac0e,d6a81580fc3959c96a2b5116a6df27ebc5049981
0bda1a32b865095b704686bd1a04b59a45bed058,171d56aab67b1691f391a3beb65888ebb5232b62
0bda1a32b865095b704686bd1a04b59a45bed058,171d56aab67b1691f391a3beb65888ebb5232b62
d6a81580fc3959c96a2b5116a6df27ebc5049981,33ecbd52ff70bc59afa82035e52a3660a08cf27b
ab952631c29d0e864f3aa4a7b1619e7d1c65d6c5,1e95cf62bc28f8be5017180c2838e4543a690b25
05ea976d5125fa2cc0e3213d63537ad1baf21a2c,1e95cf62bc28f8be5017180c2838e4543a690b25
635a9adc79dd2f431507672dd9f1b88ebea2f68e,721927c7fda438aa2821a69896b76d17fabec9eb
b89ef0778e5c4380afa5d15b3776f82edaf7fa2a,721927c7fda438aa2821a69896b76d17fabec9eb
b89ef0778e5c4380afa5d15b3776f82edaf7fa2a,721927c7fda438aa2821a69896b76d17fabec9eb
9e493e2a527c251b777567f0515446540e16b3b4,721927c7fda438aa2821a69896b76d17fabec9eb
1d0e5e5a28cb353bdcdbd1cc53206278c8d84e3c,182899fe18fb2bf1e631f66800f6159500e5fb3d
cda70f5edc34ab6818055f1eefd7be305401d2ee,721927c7fda438aa2821a69896b76d17fabec9eb
ac7992b3d54ed4e1cfb34a75581e94189163ce41,ba854e495976b4e8cd3f5e19ea5410fd8369b25e
05cde94d416247c51df20bf8ab95660aac843c18,1e95cf62bc28f8be5017180c2838e4543a690b25
00fd08feeddd543f72803bcbdbea8028abad57ac,721927c7fda438aa2821a69896b76d17fabec9eb
4f23fa225da4916e9a839782a12be0cdc669037e,721927c7fda438aa2821a69896b76d17fabec9eb
f545c42ff29ca30958b77b623ed5ed19a22bfb91,721927c7fda438aa2821a69896b76d17fabec9eb
f545c42ff29ca30958b77b623ed5ed19a22bfb91,721927c7fda438aa2821a69896b76d17fabec9eb
f545c42ff29ca30958b77b623ed5ed19a22bfb91,721927c7fda438aa2821a69896b76d17fabec9eb
721927c7fda438aa2821a69896b76d17fabec9eb,6b6c51afb7b3c9c773d7b9f049e7fe75a101f643
7ea0c8c44b8f031c5de1eda052ec22ad515f9bf9,1e95cf62bc28f8be5017180c2838e4543a690b25
7fb7f880c82eb0a0989939b19097e19a53f313b1,6b6c51afb7b3c9c773d7b9f049e7fe75a101f643
7fb7f880c82eb0a0989939b19097e19a53f313b1,a45bf2660277be7ce1bda17491e8f0b831773d46
7fb7f880c82eb0a0989939b19097e19a53f313b1,1e95cf62bc28f8be5017180c2838e4543a690b25
3927429512b783f0e590024e811c397607e18c7f,1e95cf62bc28f8be5017180c2838e4543a690b25
4e7af0341632807e87d475e497e66247a435a4fc,b142c832f5fa871849af164141e2555f1ac6ff2d
9ebdd0ac7ea47d89cc0a7f492fd6055607b2c0a8,ba854e495976b4e8cd3f5e19ea5410fd8369b25e
9e44e3f111352d31ac1b4810430ed0c1b4c610a6,1e95cf62bc28f8be5017180c2838e4543a690b25
7c40e3786d09fa4ed5a2131dfc6a0d4d5f27e363,139b0571380f2393df45789b16bea83b9cf089b2
4e7280b7701ea52ff6d22009f4779da92cdf05d6,139b0571380f2393df45789b16bea83b9cf089b2
4e7280b7701ea52ff6d22009f4779da92cdf05d6,139b0571380f2393df45789b16bea83b9cf089b2
4e7280b7701ea52ff6d22009f4779da92cdf05d6,139b0571380f2393df45789b16bea83b9cf089b2
fd0ee0ac4fbdbae8f12fc45488af2230afb67885,182899fe18fb2bf1e631f66800f6159500e5fb3d
42c2b7796d4213be941346ce13b3989dc996db7a,1e95cf62bc28f8be5017180c2838e4543a690b25
8deff590a63233efe57feb2d530cadd0cf93c838,c7ea8d918f306fc594616e28f8f62308b0fe1667
00a87353dee97f1d94f027ad0f7294710445aecc,1e95cf62bc28f8be5017180c2838e4543a690b25
00a87353dee97f1d94f027ad0f7294710445aecc,1e95cf62bc28f8be5017180c2838e4543a690b25
00a87353dee97f1d94f027ad0f7294710445aecc,1e95cf62bc28f8be5017180c2838e4543a690b25
1a0913723609abc7cb3c03dcd885c81997312927,ed87a68e047b9274bfeb824f6c1958b5581a6dd1
6d6bc094a3cbdaddac367f707f46093dae9a2adf,8c665202241dc07cc22d0c2f41db12b021253eef
6d6bc094a3cbdaddac367f707f46093dae9a2adf,8c665202241dc07cc22d0c2f41db12b021253eef
f9a7c39e1cd86fe33de6408b68381b7be972d7be,8c665202241dc07cc22d0c2f41db12b021253eef
f9a7c39e1cd86fe33de6408b68381b7be972d7be,8c665202241dc07cc22d0c2f41db12b021253eef
c2f11cff64ae18d0f502fec25618f47a1aeb074c,1e95cf62bc28f8be5017180c2838e4543a690b25
c2381623c79ad1dbdddfbbea27c8a09c84690221,1e95cf62bc28f8be5017180c2838e4543a690b25
c2381623c79ad1dbdddfbbea27c8a09c84690221,1e95cf62bc28f8be5017180c2838e4543a690b25
f8a3ce98f037869e8843b92fa72aa09442c2856c,ba854e495976b4e8cd3f5e19ea5410fd8369b25e
f8a3ce98f037869e8843b92fa72aa09442c2856c,ba854e495976b4e8cd3f5e19ea5410fd8369b25e
f8a3ce98f037869e8843b92fa72aa09442c2856c,ba854e495976b4e8cd3f5e19ea5410fd8369b25e
f8a3ce98f037869e8843b92fa72aa09442c2856c,ba854e495976b4e8cd3f5e19ea5410fd8369b25e
4905bf012b31e7ca3ace47f7eed9edd717571a65,8c665202241dc07cc22d0c2f41db12b021253eef
4905bf012b31e7ca3ace47f7eed9edd717571a65,8c665202241dc07cc22d0c2f41db12b021253eef
4905bf012b31e7ca3ace47f7eed9edd717571a65,8c665202241dc07cc22d0c2f41db12b021253eef
83a1ab0cb76a5034167f6b1dc73b3d8242876bca,6b6c51afb7b3c9c773d7b9f049e7fe75a101f643
756310845be9694ffdbf95a4f0c82e87f5d20cd5,c6aed54d86da1f3418ac7429338d857af99422b5
756310845be9694ffdbf95a4f0c82e87f5d20cd5,c6aed54d86da1f3418ac7429338d857af99422b5
1d508e4a294865f3074d945faf2c6f938a9cf9b0,d04126b28935bb663eb56d25104cf4ca1b59e600
d5416b19a1baf4de701b371d292fb7155ea929ae,e2a00e60a1311cf0438215244a4f2b3b50c0644b
d5416b19a1baf4de701b371d292fb7155ea929ae,182899fe18fb2bf1e631f66800f6159500e5fb3d
2b93a955b0658c65ae0e3a1e407db145d9910b79,e2a00e60a1311cf0438215244a4f2b3b50c0644b
2b93a955b0658c65ae0e3a1e407db145d9910b79,182899fe18fb2bf1e631f66800f6159500e5fb3d
0a45b255c7860662964d0278da11d4fbbb0b300c,6b6c51afb7b3c9c773d7b9f049e7fe75a101f643
8e97efa0ad03b7f2ddd8c50c389fc34257d6af31,6b6c51afb7b3c9c773d7b9f049e7fe75a101f643
6d6efa0653750a785e065ca6526e593f283b5f2d,6b6c51afb7b3c9c773d7b9f049e7fe75a101f643
6d6efa0653750a785e065ca6526e593f283b5f2d,6b6c51afb7b3c9c773d7b9f049e7fe75a101f643
6d6efa0653750a785e065ca6526e593f283b5f2d,6b6c51afb7b3c9c773d7b9f049e7fe75a101f643
7bb414f207fce286dea811fecec6f7a05d9f6d95,6b6c51afb7b3c9c773d7b9f049e7fe75a101f643
5a15df430000f4c730718c48a3a9ceb3be936fa6,a45bf2660277be7ce1bda17491e8f0b831773d46
5a15df430000f4c730718c48a3a9ceb3be936fa6,2ff814273f4ec21890250fdf729e982801f5ea89
5a15df430000f4c730718c48a3a9ceb3be936fa6,2ff814273f4ec21890250fdf729e982801f5ea89
519b0d27e4b574528100a898b93864de499b0677,e2a00e60a1311cf0438215244a4f2b3b50c0644b
519b0d27e4b574528100a898b93864de499b0677,e2a00e60a1311cf0438215244a4f2b3b50c0644b
225f9d6a37081e85abd1b91dc9d8f2589cc2b2f0,6b6c51afb7b3c9c773d7b9f049e7fe75a101f643
e2a00e60a1311cf0438215244a4f2b3b50c0644b,182899fe18fb2bf1e631f66800f6159500e5fb3d
e2a00e60a1311cf0438215244a4f2b3b50c0644b,182899fe18fb2bf1e631f66800f6159500e5fb3d
e2a00e60a1311cf0438215244a4f2b3b50c0644b,182899fe18fb2bf1e631f66800f6159500e5fb3d
e2a00e60a1311cf0438215244a4f2b3b50c0644b,182899fe18fb2bf1e631f66800f6159500e5fb3d
dcc3a2ef03717cf71407ed212dc4dc3747992134,39e87a36f9747aa39790b7918b473608dcae38d5
39e87a36f9747aa39790b7918b473608dcae38d5,2ff814273f4ec21890250fdf729e982801f5ea89
c77be9b960b2dd1f5b6770f2a55417a528b7bbfc,6b6c51afb7b3c9c773d7b9f049e7fe75a101f643
29d7858a38d803bd50cc4ae248eb355684c93d1c,a45bf2660277be7ce1bda17491e8f0b831773d46
