121.0,0.0,121.0,5.556813871262226,0.0,7,0.5714285714285714,2,False
20.5,3.5,24.0,1.710866075926426,49.0,2,1.0,4,False
334.8125,0.0,334.8125,6.96702418621149,0.0,48,0.0,0,False
94.5,1.5,96.0,2.8076680748823373,0.0,2,0.5,3,False
36.0,49.5,85.5,2.5693687517687542,0.0,2,1.0,4,False
13.0,9.0,22.0,0.0,0.0,1,1.0,5,False
5.0,2.0,7.0,1.0148736716970261,147.0,2,1.5,8,False
2.5,0.5,3.0,1.0849625007211563,0.0,2,2.0,9,False
626.0,221.36363636363637,847.3636363636364,4.961700574508762,157.0,11,1.0,5,False
36.57142857142857,20.142857142857142,56.714285714285715,4.257501228901753,134.57142857142858,7,1.0,6,False
75.91666666666667,90.41666666666667,166.33333333333334,5.718310298717143,216.41666666666666,12,1.0,8,False
24.285714285714285,136.71428571428572,161.0,5.877275292569905,215.57142857142858,7,1.0,10,False
373.4,53.6,427.0,4.209649736138858,251.0,5,1.0,11,False
169.38095238095238,61.142857142857146,230.52380952380952,5.842961115359951,328.5238095238095,21,0.7142857142857143,12,False
5.5,6.0,11.5,1.827403244667633,252.0,2,1.0,13,False
103.38095238095238,26.30952380952381,129.6904761904762,7.609891392091295,693.5714285714286,42,0.8333333333333334,14,False
147.0,0.0,147.0,1.0446144925192902,0.0,2,0.0,15,False
344.3333333333333,0.0,344.3333333333333,2.154013448034489,0.0,3,0.0,16,False
268.8333333333333,0.0,268.8333333333333,2.988515125172722,0.0,6,0.0,17,False
145.58333333333334,92.83333333333333,238.41666666666666,4.347657166821414,477.3333333333333,12,0.6666666666666666,18,False
401.0,0.0,401.0,0.0,0.0,1,0.0,19,False
140.0,0.0,140.0,1.0750207885558818,0.0,2,0.0,20,False
164.86363636363637,23.818181818181817,188.6818181818182,5.643189669918709,39.77272727272727,22,0.045454545454545456,21,False
268.75,0.0,268.75,2.441705428208174,0.0,4,0.0,24,False
7.0,4.375,11.375,5.22230055600375,247.8125,16,0.625,25,False
3.8260869565217392,5.130434782608695,8.956521739130435,6.060973283601881,152.17391304347825,23,0.6086956521739131,26,False
5.0,4.875,9.875,4.030439087035995,289.875,8,0.5,27,False
307.22972972972974,52.81531531531532,360.0450450450451,9.480027445331718,593.9954954954954,222,0.21621621621621623,0,False
339.2,0.21818181818181817,339.41818181818184,8.599437689288767,0.0,165,0.006060606060606061,4,True
130.95454545454547,67.03636363636363,197.9909090909091,8.50205889327568,0.0,110,0.32727272727272727,5,True
8.0,2.5,10.5,1.0148736716970261,0.0,2,1.0,11,False
10.0,0.0,10.0,0.0,0.0,1,0.0,1,False
33.0,7.0,40.0,0.0,0.0,1,1.0,15,False
55.916666666666664,13.333333333333334,69.25,5.051644493307513,5.833333333333333,12,0.5833333333333334,18,True
31.428571428571427,25.571428571428573,57.0,5.434449637946537,3.0,7,0.42857142857142855,20,False
9.75,7.75,17.5,2.1469684147857233,2.5,4,0.25,22,False
3.0,2.0,5.0,0.0,9.0,1,1.0,23,False
25.0,0.6666666666666666,25.666666666666668,1.7397589194435008,3.6666666666666665,3,0.6666666666666666,24,False
16.5,0.5,17.0,1.0025003405291832,0.0,2,0.5,25,False
18.0,15.333333333333334,33.333333333333336,4.110551909045682,7.333333333333333,3,1.0,29,False
35.75,0.25,36.0,3.1819444692519867,2.75,4,0.75,30,False
10.5,0.0,10.5,1.0148736716970261,0.0,2,0.5,31,False
16.6,1.0,17.6,2.7108749990503407,4.4,5,0.8,32,False
21.545454545454547,0.36363636363636365,21.90909090909091,4.150978036548464,3.0,11,0.45454545454545453,33,True
26.6,2.0,28.6,2.9849134802155644,0.0,5,0.4,34,False
24.666666666666668,14.666666666666666,39.333333333333336,1.9923874223620939,8.0,3,0.6666666666666666,35,False
9.25,4.0,13.25,2.4793320953484845,3.25,4,0.5,36,False
7.0,1.0,8.0,1.0465547021957406,0.0,2,0.5,37,False
42.0,3.0,45.0,0.0,0.0,1,0.0,38,False
11.0,8.0,19.0,0.0,13.0,1,1.0,39,False
22.5,6.0,28.5,1.005571999900758,0.5,2,0.5,40,False
12.333333333333334,8.5,20.833333333333332,3.7311622054678453,1.8333333333333333,6,0.8333333333333334,41,True
34.0,0.0,34.0,0.0,0.0,1,0.0,42,False
10.0,6.0,16.0,0.0,5.0,1,1.0,44,False
17.0,2.0,19.0,0.0,1.0,1,1.0,46,False
8.25,0.25,8.5,3.0302581686263688,17.5,4,1.0,49,False
38.82,12.64,51.46,6.925512232629001,10.66,50,0.44,50,True
36.5,5.0,41.5,1.619163104463235,0.0,2,0.0,51,False
238.25,0.0,238.25,4.378599083868834,0.0,4,0.0,52,False
16.2,11.2,27.4,2.842877654600005,14.2,5,0.8,53,False
64.51937984496124,12.426356589147288,76.94573643410853,8.612829859096719,0.0,129,0.0,55,False
2.3461538461538463,1.0384615384615385,3.3846153846153846,7.680193168678721,0.023076923076923078,130,1.0,57,False
25.0,11.5,36.5,1.0012192936857414,10.5,2,1.0,58,False
1.5,1.5,3.0,1.0849625007211563,21.5,2,1.0,59,False
9.5,3.8,13.3,4.332119064890897,19.0,10,0.9,60,True
1.0,1.0,2.0,0.0,0.0,1,1.0,62,False
25.333333333333332,6.0,31.333333333333332,6.400476532661806,13.083333333333334,12,0.6666666666666666,63,False
33.0,3.0,36.0,0.0,13.0,1,1.0,64,False
33.526315789473685,12.236842105263158,45.76315789473684,6.720358031468409,15.0,38,0.47368421052631576,68,True
21.916666666666668,7.0,28.916666666666668,4.90246130034823,37.25,12,0.8333333333333334,70,True
0.9166666666666666,2.9583333333333335,3.875,4.919931709332684,29.916666666666668,24,0.5833333333333334,0,False
6.5,0.6666666666666666,7.166666666666667,3.024699598679147,34.833333333333336,6,1.1666666666666667,71,True
14.0,4.0,18.0,0.0,5.0,1,2.0,72,False
12.5,2.0,14.5,1.0217683241418243,2.5,2,0.5,74,False
15.071428571428571,7.857142857142857,22.928571428571427,5.004145639627793,25.071428571428573,14,1.2142857142857142,76,True
8.666666666666666,0.6666666666666666,9.333333333333334,2.6328342700386,21.333333333333332,3,1.6666666666666667,77,False
3.272727272727273,3.090909090909091,6.363636363636363,5.262086761389691,38.27272727272727,11,1.0909090909090908,78,False
28.861313868613138,14.328467153284672,43.18978102189781,8.549302801124744,39.54744525547445,137,0.9197080291970803,79,False
8.0,5.5,13.5,1.1309237454416758,41.0,2,1.0,82,False
7.0,4.0,11.0,0.0,0.0,1,1.0,84,False
8.0,2.5,10.5,1.7683536660569674,44.0,2,1.5,85,False
15.5,5.0,20.5,2.6965879571744025,21.0,2,1.5,86,False
10.333333333333334,5.666666666666667,16.0,1.6666666666666667,38.333333333333336,3,1.0,88,False
417.6725663716814,6.761061946902655,424.43362831858406,8.46497923243147,5.646017699115045,113,0.18584070796460178,89,True
27.0,7.615384615384615,34.61538461538461,4.891923144330172,41.53846153846154,13,1.2307692307692308,90,False
74.22627737226277,0.5401459854014599,74.76642335766424,7.823296853246493,8.452554744525548,137,0.1897810218978102,92,True
12.75,1.25,14.0,2.4682419295021654,26.5,4,1.75,93,False
9.0,1.0,10.0,0.0,3.0,1,1.0,94,False
35.0,37.0,72.0,0.0,1.0,1,1.0,95,False
66.0,63.0,129.0,0.0,0.0,1,1.0,99,False
45.2171052631579,6.302631578947368,51.51973684210526,9.20155552938005,68.24342105263158,152,0.8355263157894737,103,False
24.576923076923077,8.5,33.07692307692308,6.234137205416336,32.73076923076923,26,0.9230769230769231,104,True
15.666666666666666,63.333333333333336,79.0,3.049192197007129,17.666666666666668,3,0.6666666666666666,105,False
14.5,2.0,16.5,1.1669503682767193,26.5,2,1.0,4,False
25.25,4.25,29.5,2.2449563530160304,13.25,4,1.25,7,False
1.0,2.0,3.0,0.0,116.0,1,1.0,8,False
31.0,3.0,34.0,0.0,54.0,1,2.0,10,False
3.8,3.8,7.6,2.8864565290320643,11.8,5,1.8,13,False
12.8125,8.4375,21.25,4.959999901006497,24.625,16,0.9375,108,True
15.0,2.3,17.3,4.044935940957444,0.5,10,0.8,15,False
3.0,8.0,11.0,0.0,50.0,1,2.0,18,False
20.785714285714285,15.142857142857142,35.92857142857143,6.663469615647149,22.607142857142858,28,1.0714285714285714,111,True
26.74390243902439,4.7317073170731705,31.475609756097562,9.880452242501232,66.3170731707317,164,0.774390243902439,112,False
36.333333333333336,8.333333333333334,44.666666666666664,1.8491280382348745,1.0,3,1.3333333333333333,113,False
32.833333333333336,19.166666666666668,52.0,3.034145110465582,2.8333333333333335,6,1.8333333333333333,114,False
70.0,44.0,114.0,0.0,74.0,1,1.0,116,False
16.0,6.0,22.0,0.0,0.0,1,1.0,118,False
3.6666666666666665,2.0,5.666666666666667,2.4850112005644713,24.0,3,1.3333333333333333,121,False
8.818181818181818,4.363636363636363,13.181818181818182,4.261002623211508,19.90909090909091,11,1.4545454545454546,123,True
117.32,0.0,117.32,6.201760828009664,0.0,25,0.0,124,False
24.5,2.75,27.25,3.059147073715553,23.0,4,1.75,128,False
12.238095238095237,5.238095238095238,17.476190476190474,5.491454597141713,16.714285714285715,21,1.1428571428571428,130,True
4.5,1.0,5.5,1.374469117916141,5.0,2,1.0,134,False
15.666666666666666,6.0,21.666666666666668,3.378788700507492,67.33333333333333,3,1.3333333333333333,135,False
18.75,2.5,21.25,2.8862016509077386,9.0,4,1.5,136,False
9.5,7.0,16.5,1.1216490938862658,0.5,2,1.0,137,False
9.0,7.0,16.0,0.0,12.0,1,1.0,138,False
6.0,4.0,10.0,0.0,13.0,1,2.0,140,False
2.0,1.0,3.0,0.0,15.0,1,1.0,141,False
8.333333333333334,1.3333333333333333,9.666666666666666,2.3606966296843472,20.333333333333332,3,1.6666666666666667,145,False
54.0,0.0,54.0,0.0,80.0,1,1.0,146,False
5.0,4.0,9.0,0.0,7.0,1,1.0,147,False
6.0,4.0,10.0,0.0,2.0,1,1.0,149,False
504.0,0.0,504.0,0.0,0.0,1,0.0,150,False
6.0,0.0,6.0,0.0,8.0,1,1.0,153,False
9.333333333333334,2.3333333333333335,11.666666666666666,2.11085553844457,56.333333333333336,3,1.0,154,False
382.830303030303,369.75151515151515,752.5818181818182,7.889495661548111,92.64242424242424,165,0.7636363636363637,155,False
402.6666666666667,0.0,402.6666666666667,1.6178526355290552,0.0,3,0.0,156,False
9.142857142857142,4.571428571428571,13.714285714285714,3.423098663300361,18.142857142857142,7,1.4285714285714286,157,False
30.0,16.333333333333332,46.333333333333336,3.161951070686328,25.666666666666668,6,1.0,159,False
13.5,2.0,15.5,1.758037598997495,0.0,2,0.0,161,False
19.0,8.0,27.0,0.0,0.0,1,3.0,166,False
6.5,3.0,9.5,1.0020009652787483,8.5,2,1.0,168,False
5.2105263157894735,2.473684210526316,7.684210526315789,4.694618132776927,29.05263157894737,19,0.9473684210526315,170,False
3.0,8.0,11.0,0.0,1.0,1,2.0,175,False
23.0,3.6666666666666665,26.666666666666668,3.0121752920083718,22.666666666666668,3,2.0,177,False
3.909090909090909,1.9090909090909092,5.818181818181818,3.818213842133785,7.909090909090909,11,0.45454545454545453,179,False
13.0,6.0,19.0,0.0,11.0,1,1.0,180,False
3.6,0.8,4.4,2.516582515104073,66.4,5,1.6,181,False
385.1525423728813,379.85310734463275,765.0056497175141,7.954154700092779,99.03389830508475,177,0.7288135593220338,183,False
1.0,1.0,2.0,1.0,87.5,2,1.0,191,False
2.6666666666666665,1.3333333333333333,4.0,2.3899750004807707,6.0,3,1.3333333333333333,195,False
7.0,0.6666666666666666,7.666666666666667,1.6052661220025233,58.0,3,2.6666666666666665,196,False
42.111111111111114,13.777777777777779,55.888888888888886,4.190983216270077,42.888888888888886,9,1.6666666666666667,197,False
8.166666666666666,2.5,10.666666666666666,4.503201692025429,26.416666666666668,12,1.0,200,True
12.333333333333334,26.0,38.333333333333336,3.403346888570274,49.0,3,1.3333333333333333,203,False
29.25,1.75,31.0,2.8041019221099144,30.5,4,1.25,204,False
25.333333333333332,0.6666666666666666,26.0,3.2287605517148115,9.333333333333334,3,1.0,206,False
88.33333333333333,80.0,168.33333333333334,1.6078624856729204,54.0,3,1.6666666666666667,211,True
2.0,1.6666666666666667,3.6666666666666665,2.126098285303964,39.333333333333336,3,1.6666666666666667,212,True
30.2,9.4,39.6,3.4553541288572545,47.2,5,1.2,214,False
165.88059701492537,49.96268656716418,215.84328358208955,11.699898711236024,0.22388059701492538,134,0.014925373134328358,215,False
5.0,4.0,9.0,0.0,21.0,1,2.0,216,False
142.0,16.0,158.0,0.0,28.0,1,1.0,217,False
16.0,11.5,27.5,1.1989062501868157,14.5,2,0.5,219,False
12.8,26.4,39.2,3.924749535799677,48.6,5,2.0,220,True
17.0,10.0,27.0,0.0,29.0,1,1.0,221,False
5.0,6.0,11.0,0.0,0.0,1,2.0,222,False
43.78947368421053,12.105263157894736,55.89473684210526,5.7757602238649675,42.1578947368421,19,1.5263157894736843,223,True
24.0,11.0,35.0,0.0,62.0,1,2.0,224,False
9.0,8.0,17.0,0.0,3.0,1,1.0,225,False
31.770491803278688,7.174863387978142,38.94535519125683,10.004971732191402,115.29508196721312,183,0.6939890710382514,226,False
3.5,0.5,4.0,1.207518749639422,17.5,2,1.5,21,False
20.77777777777778,7.0,27.77777777777778,5.500132258813433,31.333333333333332,18,1.2222222222222223,231,False
19.833333333333332,6.633333333333334,26.466666666666665,6.892328199972704,149.23333333333332,30,0.9333333333333333,233,False
40.0,16.0,56.0,0.0,38.0,1,1.0,234,False
16.666666666666668,1.0,17.666666666666668,2.6007394708350042,23.666666666666668,3,0.6666666666666666,236,False
15.333333333333334,4.666666666666667,20.0,2.8025962771804003,7.666666666666667,3,1.6666666666666667,238,False
8.75,0.75,9.5,2.5444822156393263,51.25,4,2.0,239,True
11.0,3.3333333333333335,14.333333333333334,3.7167001142533227,2.5,6,1.6666666666666667,241,True
10.666666666666666,0.6666666666666666,11.333333333333334,2.6064816759674296,142.33333333333334,3,1.0,243,False
11.2,8.0,19.2,2.765125818705299,16.0,5,2.2,245,True
9.0,1.0,10.0,1.207518749639422,1.5,2,0.5,247,False
53.92307692307692,40.15384615384615,94.07692307692308,5.8631013910729886,52.61538461538461,13,1.3846153846153846,248,True
0.6666666666666666,0.5555555555555556,1.2222222222222223,2.99610661847704,49.55555555555556,9,1.4444444444444444,249,False
10.0,1.0,11.0,1.7984675711936162,85.0,2,2.5,250,False
33.0,13.76923076923077,46.76923076923077,4.577269208764258,58.0,13,2.076923076923077,252,True
22.1,7.3,29.4,4.380187784672633,109.6,10,0.7,254,False
21.0,17.0,38.0,2.199729097618345,109.25,4,2.25,255,False
13.5,2.8333333333333335,16.333333333333332,3.6228290582873792,98.83333333333333,6,1.6666666666666667,256,True
15.0,1.0,16.0,0.0,162.0,1,2.0,257,False
19.625,11.875,31.5,3.435861883417257,36.375,8,1.75,258,False
5.0,2.0,7.0,0.0,85.0,1,2.0,259,False
15.333333333333334,14.666666666666666,30.0,2.6796159156172705,0.3333333333333333,3,1.3333333333333333,261,False
32.6,10.466666666666667,43.06666666666667,5.148270630709302,24.0,15,1.4666666666666666,262,True
11.333333333333334,9.666666666666666,21.0,4.167623995976192,37.75,12,1.4166666666666667,263,True
1.0,1.0,2.0,0.0,18.0,1,3.0,265,False
14.333333333333334,0.3333333333333333,14.666666666666666,2.6463442926427487,34.0,6,1.8333333333333333,267,False
7.288461538461538,4.480769230769231,11.76923076923077,7.312536499974166,181.44230769230768,52,0.9038461538461539,270,False
24.0,6.5,30.5,1.288036228131762,17.5,2,2.0,272,False
6.5,1.5,8.0,1.207518749639422,12.5,2,2.0,275,False
37.0,15.0,52.0,0.0,0.0,1,1.0,277,False
136.0,62.0,198.0,3.5276826185897283,46.5,2,1.5,279,False
6.666666666666667,0.3333333333333333,7.0,2.3160445259468,13.0,3,1.6666666666666667,280,False
3.0,1.0,4.0,0.0,33.0,1,2.0,281,False
15.333333333333334,0.6666666666666666,16.0,2.655661647590679,47.0,3,1.6666666666666667,283,False
1.0,0.0,1.0,0.0,53.0,1,2.0,284,False
36.5,8.0,44.5,1.0413221535788983,187.5,2,1.0,286,False
46.0,33.6,79.6,5.111907021682252,96.7,10,0.9,287,False
9.6,4.8,14.4,5.0576594683816305,88.33333333333333,15,1.7333333333333334,289,False
15.0,125.16666666666667,140.16666666666666,4.792016357730961,65.83333333333333,6,1.3333333333333333,292,False
151.0,110.0,261.0,0.0,92.0,1,2.0,295,False
79.59663865546219,79.47899159663865,159.07563025210084,10.742927042548144,421.4033613445378,119,1.2016806722689075,30,False
986.0,0.0,986.0,2.0397247770599134,836.75,4,0.25,31,False
36.787234042553195,15.340425531914894,52.12765957446808,9.146031961811833,394.3262411347518,141,1.198581560283688,33,False
1436.25,0.0,1436.25,4.534017201533933,0.0,4,0.0,34,False
6.0,20.8,26.8,4.333733570903375,240.6,5,1.8,36,False
28.0,1.2,29.2,3.012475666325565,241.2,5,1.0,38,False
5.0,0.0,5.0,0.0,0.0,1,1.0,300,False
22.0,5.2,27.2,4.032470746822218,242.4,5,1.8,41,False
24.0,1.0,25.0,0.0,16.0,1,1.0,303,False
59.5,53.0,112.5,1.0024120822814657,6.0,2,0.5,304,False
1.5,1.0,2.5,1.160964047443681,0.0,2,0.5,305,False
1.0,1.0,2.0,0.0,0.0,1,1.0,308,False
6.75,2.25,9.0,2.328344447880858,7.5,4,1.25,309,False
22.0,5.0,27.0,1.9329594072761063,6.0,2,2.0,310,False
4.0,0.0,4.0,0.0,11.0,1,2.0,311,False
21.0,2.0,23.0,0.0,161.0,1,1.0,312,False
9.0,4.0,13.0,0.0,18.0,1,3.0,313,False
19.0,10.5,29.5,1.2330390401682019,8.0,2,1.5,315,False
11.0,7.0,18.0,1.6907898973398796,54.0,3,1.3333333333333333,316,False
9.0,4.1,13.1,4.5389878261352035,293.9,10,1.6,43,False
8.6,2.8,11.4,3.894192622664877,252.8,5,2.0,44,False
93.33333333333333,17.2,110.53333333333333,5.902714433757394,112.0,15,0.7333333333333333,49,False
37.5,20.5,58.0,2.1748198880046643,2389.5,2,2.0,51,False
5.0,3.0,8.0,1.207518749639422,208.5,2,2.0,53,False
4.0,2.6666666666666665,6.666666666666667,3.0041129956192756,208.5,6,1.1666666666666667,56,False
6.125,5.107142857142857,11.232142857142858,6.159143337201573,373.10714285714283,56,1.3392857142857142,58,False
3.625,4.125,7.75,3.435239956640197,104.25,8,0.625,62,False
3.0,1.0,4.0,1.0,1613.5,2,2.0,81,False
3.6666666666666665,1.6666666666666667,5.333333333333333,2.0310364681304938,8.333333333333334,3,1.0,319,False
22.55614973262032,2.6684491978609626,25.22459893048128,9.429603317370397,161.93582887700535,187,0.6524064171122995,321,False
4.6,1.6,6.2,2.538833190976709,38.4,5,1.2,323,False
33.0,10.4,43.4,4.755970033130502,68.6,5,1.4,324,False
10.75,0.5,11.25,3.417051091732855,73.5,4,1.75,326,True
0.75,0.75,1.5,1.834962500721156,14.0,4,1.5,328,False
8.0,4.0,12.0,0.0,3.0,1,1.0,338,False
9.0,7.0,16.0,0.0,45.0,1,1.0,340,False
48.0,13.0,61.0,0.0,0.0,1,1.0,341,False
6.25,2.5,8.75,2.5063197428625474,62.75,4,1.5,343,False
113.0625,0.0,113.0625,4.296497652836358,0.4375,16,0.125,89,False
12.0,13.0,25.0,0.0,124.0,1,1.0,3,False
50.0,78.0,128.0,0.0,0.0,1,2.0,4,False
20.666666666666668,6.666666666666667,27.333333333333332,2.8248678378975502,22.666666666666668,3,2.0,346,False
7.5,3.75,11.25,2.730754566490061,73.75,4,1.75,347,False
1.0,0.5,1.5,1.0849625007211563,46.5,2,1.5,348,False
52.75,18.75,71.5,3.23988106154624,13.0,4,0.75,350,False
22.22222222222222,14.11111111111111,36.333333333333336,4.17376630675399,117.11111111111111,9,1.2222222222222223,351,False
3.0,0.3333333333333333,3.3333333333333335,1.8812853965915748,27.0,3,1.6666666666666667,352,False
5.0,5.75,10.75,2.730924826320933,15.75,4,1.0,353,False
12.0,1.6666666666666667,13.666666666666666,5.016597333946862,130.91666666666666,12,1.0833333333333333,90,False
66.66666666666667,34.333333333333336,101.0,2.7926250883717683,85.33333333333333,3,1.3333333333333333,355,False
4.125,1.625,5.75,3.6111609537586027,92.25,8,1.0,358,True
4.0,1.6666666666666667,5.666666666666667,1.8183445338978048,24.0,3,1.0,361,False
2.3333333333333335,2.3333333333333335,4.666666666666667,2.0333788904284833,65.0,3,1.3333333333333333,362,False
0.42857142857142855,0.42857142857142855,0.8571428571428571,2.1563910721497277,29.285714285714285,7,1.0,363,False
14.0,0.0,14.0,2.7788380102662877,64.5,4,1.5,365,False
21.0,1.0,22.0,1.013539767028142,30.0,2,2.0,7,False
14.0,7.5,21.5,1.1225995978272925,54.0,2,2.5,368,False
14.0,3.0,17.0,0.0,115.0,1,2.0,369,False
17.0,9.0,26.0,1.0271828515582744,0.0,2,0.0,372,False
10.0,0.0,10.0,1.0,193.0,2,2.0,373,False
24.0,23.666666666666668,47.666666666666664,3.148730336265906,160.0,3,1.6666666666666667,381,False
8.75,3.75,12.5,2.957647730399838,54.5,4,2.0,382,False
6.5,0.0,6.5,1.0394756706974109,96.5,2,2.0,384,False
13.666666666666666,3.6666666666666665,17.333333333333332,2.7176506409461996,50.333333333333336,3,1.6666666666666667,386,False
6.25,3.5,9.75,3.2281975462382784,71.5,4,1.0,391,False
54.0,58.5,112.5,3.910103730188235,0.5,2,1.0,392,False
11.5,3.0,14.5,1.1120544469627347,70.5,2,2.5,11,False
49.25,31.75,81.0,4.642466591642035,44.25,4,1.75,394,False
410.318407960199,386.95522388059703,797.273631840796,8.125370095745774,238.36318407960198,201,0.6318407960199005,395,False
13.5,1.0,14.5,1.161822283738192,82.0,2,1.5,398,False
10.4,2.4,12.8,3.1814485718160297,20.4,5,1.8,399,False
7.4,2.1,9.5,3.7668029033897135,325.1,10,1.1,92,False
7.5,1.0,8.5,2.478284955716036,29.25,4,1.0,22,False
8.5,0.5,9.0,1.423998453277475,94.0,2,2.0,400,False
9.0,1.0,10.0,1.3219280948873622,1.5,2,2.5,402,False
13.5,6.0,19.5,1.023621240833742,304.5,2,1.5,404,False
30.0,1.6666666666666667,31.666666666666668,2.918456838201989,29.0,3,2.0,407,False
18.571428571428573,1.4285714285714286,20.0,3.285799222979403,196.85714285714286,7,1.8571428571428572,414,False
35.0,0.0,35.0,2.1070859572657397,4.0,2,1.5,415,False
3.6968085106382977,2.223404255319149,5.920212765957447,7.888402766277237,261.25531914893617,188,0.6223404255319149,417,False
13.0,9.0,22.0,0.0,6.0,1,1.0,418,False
24.666666666666668,7.333333333333333,32.0,2.53589419240708,131.0,3,1.3333333333333333,420,False
36.972972972972975,9.45945945945946,46.432432432432435,6.4614861077678585,105.70270270270271,37,0.8378378378378378,423,True
977.0,95.0,1072.0,0.0,70.0,1,2.0,8,False
3.0,0.3333333333333333,3.3333333333333335,2.052809787534828,77.0,3,2.0,426,False
24.454545454545453,8.090909090909092,32.54545454545455,4.3402507556075625,174.0909090909091,11,1.7272727272727273,427,False
3.0,0.75,3.75,2.2050518650941178,74.75,4,0.25,436,False
37.333333333333336,0.3333333333333333,37.666666666666664,2.628647786635984,132.0,3,1.0,10,False
7.0,0.75,7.75,2.817472695414966,19.75,4,1.75,440,False
26.25,3.5,29.75,3.742031298060435,103.75,8,2.0,442,False
117.96624472573839,8.654008438818565,126.62025316455696,11.332813944494124,229.14345991561183,237,0.5274261603375527,444,False
6.0,1.0,7.0,0.0,200.0,1,1.0,447,False
13.6,0.4,14.0,2.6508899850835403,78.4,5,1.6,450,True
3.0,0.8,3.8,2.3495568941776503,104.8,5,2.6,452,False
2.0,1.2,3.2,2.6830074998557687,13.0,5,1.4,453,False
1.0,1.0,2.0,0.0,14.0,1,1.0,454,False
52.0,6.0,58.0,0.0,243.0,1,3.0,27,False
17.0,0.75,17.75,2.68915953365123,81.25,4,1.0,458,False
6.666666666666667,1.3333333333333333,8.0,2.421011468611265,14.333333333333334,3,2.3333333333333335,459,False
5.0,1.0,6.0,1.423998453277475,12.0,2,2.0,30,False
0.14285714285714285,0.14285714285714285,0.2857142857142857,0.8571428571428571,125.42857142857143,7,1.1428571428571428,31,False
86.0,10.0,96.0,3.300034696555682,206.0,2,1.5,11,False
11.75,1.75,13.5,2.060573673365488,100.0,4,1.5,460,False
395.88429752066116,134.92561983471074,530.8099173553719,10.577952977831002,9.685950413223141,121,0.049586776859504134,463,False
249.46666666666667,194.0,443.46666666666664,8.87631241470645,410.26666666666665,15,1.2,94,False
10.181818181818182,2.272727272727273,12.454545454545455,4.097322358150321,412.72727272727275,11,1.3636363636363635,95,False
675.8333333333334,0.0,675.8333333333334,3.925112111305556,0.0,6,0.0,12,False
71.0,54.0,125.0,0.0,0.0,1,1.0,13,False
97.0,101.0,198.0,0.0,65.0,1,2.0,465,False
374.5833333333333,288.4166666666667,663.0,8.49963329258778,39.583333333333336,12,0.3333333333333333,466,False
17.0,4.0,21.0,0.0,93.0,1,3.0,469,False
25.0,7.5,32.5,3.0223678130284544,72.0,2,2.5,475,False
1.0,1.0,2.0,0.0,10.0,1,3.0,33,False
5.5,4.5,10.0,1.736965594166206,144.5,2,2.0,477,False
15.9,1.5,17.4,4.494940313034293,177.0,10,1.8,480,True
11.5,0.0,11.5,1.0013648963777861,230.0,2,2.0,483,False
13.166666666666666,2.3333333333333335,15.5,3.2392785408543774,249.33333333333334,6,2.1666666666666665,485,True
21.0,6.333333333333333,27.333333333333332,2.884934499656118,79.33333333333333,3,2.6666666666666665,487,False
12.0,6.4,18.4,4.16614469114669,109.2,5,2.4,490,False
1.0,1.0,2.0,0.0,11.0,1,3.0,491,False
9.0,2.25,11.25,3.066743166794402,293.5,4,2.25,493,False
16.125,5.25,21.375,3.7085376379033548,190.25,8,1.875,495,True
4.274725274725275,11.637362637362637,15.912087912087912,6.620969267728021,13.780219780219781,91,0.16483516483516483,498,False
4.0,6.066666666666666,10.066666666666666,5.0993511139732055,5.066666666666666,15,0.2,499,False
6.25,1.5,7.75,2.927065196192333,60.5,4,0.5,502,False
48.666666666666664,9.0,57.666666666666664,3.4563626969105905,161.33333333333334,3,1.0,503,False
5.5,6.333333333333333,11.833333333333334,3.848253090351472,69.66666666666667,6,2.1666666666666665,507,True
10.5,5.5,16.0,2.2576983442589413,73.0,4,2.0,511,True
3.0,2.0,5.0,0.0,677.0,1,2.0,515,False
38.53846153846154,2.076923076923077,40.61538461538461,5.288646680001626,165.6153846153846,13,2.0,516,True
22.0,10.0,32.0,0.0,53.0,1,2.0,517,False
8.0,6.0,14.0,0.0,0.0,1,0.0,521,False
23.609053497942387,2.8353909465020575,26.444444444444443,9.779341974225288,345.2304526748971,243,0.49794238683127573,536,False
4.0,1.0,5.0,0.0,0.0,1,2.0,540,False
1.0,1.0,2.0,0.0,0.0,1,2.0,541,False
5.0,5.0,10.0,0.0,0.0,1,2.0,542,False
3.0,2.0,5.0,0.0,0.0,1,2.0,543,False
17.666666666666668,0.6666666666666666,18.333333333333332,1.7720577146680316,184.0,3,1.3333333333333333,546,False
92.3,15.9,108.2,5.7498534833923305,81.4,10,1.7,548,True
17.0,8.0,25.0,0.0,8.0,1,2.0,549,False
26.0,22.0,48.0,0.0,0.0,1,2.0,550,False
7.6,2.0,9.6,2.680642412776411,273.4,5,1.8,551,True
28.25,13.0,41.25,4.155467121886002,30.0,8,2.125,555,True
2.0,0.0,2.0,0.0,412.0,1,3.0,556,False
14.666666666666666,9.666666666666666,24.333333333333332,3.4940036117965705,148.66666666666666,3,2.0,559,False
51.5,6.5,58.0,1.0730531909620982,218.5,2,2.0,560,False
4.0,4.0,8.0,2.596322538971198,107.25,4,2.25,561,False
2.0,2.0,4.0,0.0,420.0,1,1.0,563,False
2.0,1.0,3.0,1.0,4.0,2,2.5,564,True
17.0,19.0,36.0,0.0,0.0,1,3.0,565,False
5.0,2.0,7.0,0.0,1.0,1,3.0,567,False
51.0,1.0,52.0,0.0,5.0,1,2.0,569,False
4.590909090909091,12.193181818181818,16.78409090909091,6.547628092934954,732.8636363636364,88,0.8295454545454546,8,False
3.4285714285714284,1.8571428571428572,5.285714285714286,3.114913637375809,385.7142857142857,7,1.4285714285714286,8,False
20.454545454545453,6.545454545454546,27.0,4.510907410492934,157.8181818181818,11,1.7272727272727273,573,True
15.4,4.4,19.8,2.595872990913262,179.2,5,2.0,574,True
2.6666666666666665,1.0,3.6666666666666665,1.6854555870081764,30.0,3,2.3333333333333335,576,False
2.6666666666666665,0.3333333333333333,3.0,1.974937501201927,40.666666666666664,3,2.6666666666666665,578,False
14.0,11.0,25.0,0.0,0.0,1,0.0,579,False
46.5,39.7,86.2,5.6908812719432404,181.1,10,1.9,580,True
8.0,4.5,12.5,1.0294468445267841,238.5,2,2.0,581,False
19.0,6.0,25.0,2.8365012677171206,6.5,2,2.5,583,False
3.5,1.0,4.5,1.2662475404135105,6.5,2,2.5,585,False
17.11111111111111,6.555555555555555,23.666666666666668,4.341060259303424,259.0,9,2.2222222222222223,586,False
4.0,2.0,6.0,0.0,1.0,1,2.0,588,False
114.0,0.0,114.0,4.301609796808871,2.0,3,1.0,591,False
60.214285714285715,13.75,73.96428571428571,6.954753094731283,121.85714285714286,28,1.5357142857142858,593,True
8.0,5.166666666666667,13.166666666666666,3.215535967667592,203.33333333333334,6,1.3333333333333333,594,True
5.0,5.0,10.0,0.0,5.0,1,2.0,597,False
21.5,9.5,31.0,1.0792615966884533,14.5,2,2.0,598,False
31.0,22.0,53.0,0.0,0.0,1,2.0,599,False
11.5,1.5,13.0,1.2469944203368328,41.5,2,3.0,600,False
14.0,12.0,26.0,0.0,0.0,1,0.0,601,False
10.0,0.0,10.0,0.0,641.0,1,2.0,605,False
35.333333333333336,5.333333333333333,40.666666666666664,2.981313647551086,111.83333333333333,6,0.8333333333333334,606,False
21.3,22.3,43.6,4.251944637956086,88.1,10,2.0,607,True
24.333333333333332,12.333333333333334,36.666666666666664,3.9531016919142115,119.66666666666667,6,2.0,608,False
4.0,3.0,7.0,2.618633046516737,7.25,4,2.0,609,True
22.5,2.5,25.0,2.074080513575328,8.0,2,1.5,610,False
4.545454545454546,4.363636363636363,8.909090909090908,3.7538795695852447,27.818181818181817,11,0.8181818181818182,611,False
27.0,7.0,34.0,0.0,9.0,1,3.0,613,False
13.0,4.0,17.0,0.0,0.0,1,1.0,615,False
11.0,6.666666666666667,17.666666666666668,2.3889843586676816,50.333333333333336,3,2.6666666666666665,616,False
9.8,5.6,15.4,3.2872174494937987,240.4,5,2.4,620,True
8.2,4.4,12.6,3.510648853437793,141.8,5,2.2,621,True
12.75,5.75,18.5,2.5278988257959,24.75,4,2.5,622,False
17.0,6.166666666666667,23.166666666666668,3.7057548879898063,119.5,6,1.3333333333333333,626,True
11.0,8.0,19.0,0.0,18.0,1,2.0,627,False
11.434426229508198,4.032786885245901,15.467213114754099,8.868359499647317,366.6393442622951,244,0.4918032786885246,629,False
15.0,4.666666666666667,19.666666666666668,1.6514807301953993,57.666666666666664,3,1.3333333333333333,631,False
21.333333333333332,0.0,21.333333333333332,3.6897542208123713,490.0,3,1.3333333333333333,632,False
1.0,1.0,2.0,0.0,25.0,1,2.0,636,False
21.0,15.0,36.0,1.8552466914025074,47.5,2,1.5,638,False
2.5,0.75,3.25,2.3523603624464022,49.5,4,1.75,639,False
14.0,7.0,21.0,1.3485860021535905,624.0,2,1.5,640,False
9.6,2.2666666666666666,11.866666666666667,5.778708003829638,204.8,15,1.8,641,False
32.333333333333336,16.333333333333332,48.666666666666664,2.2697578418759528,65.0,3,2.6666666666666665,642,False
7.0,0.75,7.75,2.4577358261360396,194.5,4,2.5,643,False
30.333333333333332,1.0,31.333333333333332,2.4413055173827627,17.0,3,1.6666666666666667,644,True
3.3333333333333335,1.5,4.833333333333333,3.065499744766994,38.0,6,2.1666666666666665,646,False
5.5,1.5,7.0,1.1463908746139229,1.5,2,0.5,647,False
16.5,4.75,21.25,2.6206864088746755,46.5,4,2.75,648,False
9.75,1.0,10.75,2.5153007072584166,237.75,4,2.25,649,False
18.666666666666668,0.0,18.666666666666668,2.2246239721944505,6.0,3,0.6666666666666666,650,False
12.375,13.0,25.375,5.563613268283046,4.875,8,1.5,651,True
17.666666666666668,2.3333333333333335,20.0,2.6711042182482245,496.3333333333333,3,1.6666666666666667,654,False
50.0,31.0,81.0,0.0,29.0,1,1.0,655,False
15.0,5.25,20.25,2.233021791850884,65.75,4,2.25,658,False
15.25,1.75,17.0,3.192633856855336,67.25,4,2.75,661,False
35.0,26.0,61.0,0.0,586.0,1,2.0,663,False
27.0,27.0,54.0,0.0,3.0,1,2.0,664,False
7.5,2.0,9.5,2.5108357055474158,55.5,4,2.25,665,False
4.0,1.0,5.0,1.736965594166206,11.0,2,2.0,668,False
474.57,0.0,474.57,9.843152775819863,0.0,300,0.0,3,False
1413.4242424242425,321.90909090909093,1735.3333333333333,8.753744170737514,0.0,33,0.48484848484848486,4,False
57.07142857142857,4.071428571428571,61.142857142857146,6.462994523543429,0.0,14,0.5,5,False
3.5,1.75,5.25,2.188872124974501,77.75,4,2.25,675,False
11.39917695473251,3.419753086419753,14.818930041152264,9.344931471397889,410.3991769547325,243,0.49382716049382713,678,False
206.33333333333334,7.333333333333333,213.66666666666666,1.6807814274165451,0.0,3,0.0,679,False
7.0,1.0,8.0,0.0,9.0,1,2.0,680,False
13.0,2.4,15.4,3.8713305559949176,104.0,5,2.4,682,False
1.0,1.0,2.0,0.0,0.0,1,2.0,14,False
9.0,3.0,12.0,1.8552466914025074,69.5,2,2.5,684,False
2.3621399176954734,2.045267489711934,4.407407407407407,8.038120818166579,423.798353909465,243,0.49382716049382713,686,False
27.666666666666668,11.833333333333334,39.5,4.080513647180297,140.0,6,2.5,687,False
5583.625,0.0,5583.625,8.074392832253373,0.0,8,0.0,12,False
326.65909090909093,359.25,685.9090909090909,11.862177877509918,61.81818181818182,88,0.7727272727272727,13,False
687.7222222222222,7.722222222222222,695.4444444444445,11.964411210651694,29.333333333333332,90,0.4111111111111111,15,False
536.2,4.966666666666667,541.1666666666666,10.055822906437964,16.133333333333333,30,0.43333333333333335,16,False
87.95,400.4,488.35,7.652502534054493,12.35,20,0.4,17,False
10.454545454545455,5.181818181818182,15.636363636363637,5.304925918423275,51.63636363636363,11,0.9090909090909091,18,False
32.416666666666664,9.083333333333334,41.5,5.3772010605199005,7.0,12,0.6666666666666666,21,False
14.977272727272727,506.40909090909093,521.3863636363636,9.805501675583635,6.7272727272727275,44,0.7272727272727273,27,False
138.0441176470588,64.03676470588235,202.0808823529412,9.112685861214276,1.2647058823529411,136,0.9044117647058824,31,False
514.5853658536586,2.048780487804878,516.6341463414634,11.318205475750508,12.75609756097561,41,0.4146341463414634,33,False
32.61538461538461,513.1794871794872,545.7948717948718,9.537115802992165,16.871794871794872,39,0.5384615384615384,35,False
8.968,669.824,678.792,12.205406048010794,31.632,125,0.656,38,False
2.2,0.4,2.6,2.46645471785263,175.2,5,2.2,689,False
204.2,1.9,206.1,6.003447395249,25.1,10,0.5,41,False
291.5,18.5,310.0,6.438021403368023,32.285714285714285,14,0.5,43,False
120.33333333333333,0.16666666666666666,120.5,3.8831826464878687,5.666666666666667,6,0.3333333333333333,44,False
5.5,0.0,5.5,1.374469117916141,7.0,2,0.5,45,False
2957.9285714285716,0.6428571428571429,2958.5714285714284,9.353032694836704,15.142857142857142,14,0.14285714285714285,0,False
2.4285714285714284,2.142857142857143,4.571428571428571,3.035016071119504,0.0,7,1.0,1,False
4.333333333333333,0.3333333333333333,4.666666666666667,1.8073549220576044,617.3333333333334,3,1.6666666666666667,690,False
1.511111111111111,0.5555555555555556,2.066666666666667,6.062066966222926,1.0888888888888888,45,0.1111111111111111,2,False
5.0,0.5,5.5,1.374469117916141,430.5,2,2.0,692,False
68.24137931034483,10.241379310344827,78.48275862068965,6.095278447972424,0.3793103448275862,29,0.4827586206896552,3,False
35.23076923076923,1.0769230769230769,36.30769230769231,4.428194598934506,25.46153846153846,13,0.6153846153846154,6,False
11.758620689655173,9.954022988505747,21.71264367816092,8.169147820143978,34.49425287356322,87,0.22988505747126436,7,False
7.434782608695652,2.0869565217391304,9.521739130434783,7.310594482399553,27.55072463768116,69,0.11594202898550725,10,False
22.74074074074074,1.4444444444444444,24.185185185185187,5.979810039166294,4.666666666666667,27,0.48148148148148145,12,False
2.6,1.1,3.7,3.377260556140213,2.8,10,0.6,13,False
18.714285714285715,0.7857142857142857,19.5,5.468667620797966,1.0714285714285714,14,0.35714285714285715,14,False
84.66666666666667,12.666666666666666,97.33333333333333,3.132021845324085,0.0,6,0.0,15,False
51.666666666666664,11.0,62.666666666666664,4.476688268761566,1.6666666666666667,9,0.5555555555555556,16,False
127.16666666666667,2.3333333333333335,129.5,3.2234768998186465,0.0,6,0.0,17,False
44.5,7.5,52.0,2.238785539041427,4.0,4,1.0,18,False
1.5,0.5,2.0,1.207518749639422,176.5,2,2.5,694,False
126.6875,20.9375,147.625,5.006105265471523,2.75,16,0.375,21,False
95.66666666666667,28.333333333333332,124.0,2.03844278542218,11.0,3,1.0,22,False
89.16666666666667,0.0,89.16666666666667,3.0065311083374127,0.0,6,0.16666666666666666,23,False
157.0,0.0,157.0,2.8226881840172346,3.25,4,0.25,24,False
38.2,0.6,38.8,2.584767007192016,1.2,5,0.4,25,False
59.333333333333336,4.333333333333333,63.666666666666664,1.9548738785755004,1.6666666666666667,3,0.6666666666666666,26,False
45.142857142857146,0.42857142857142855,45.57142857142857,3.163441828548962,0.0,7,0.0,27,False
19.3,8.1,27.4,4.068402578249976,2.0,10,0.3,28,False
27.93103448275862,13.96551724137931,41.89655172413793,5.851247917314045,11.827586206896552,29,0.2413793103448276,29,False
19.6,10.8,30.4,3.6539284016634226,0.1,10,0.2,30,False
5.0,1.0,6.0,1.423998453277475,4.5,2,1.0,31,False
113.125,5.25,118.375,4.001309361098104,9.0,8,1.0,32,False
15.88888888888889,4.555555555555555,20.444444444444443,3.647527848434285,23.666666666666668,9,0.3333333333333333,33,False
7.5,1.0,8.5,1.6340175434460802,16.0,2,1.0,36,False
8.5,22.0,30.5,1.4335606191334573,12.5,2,1.0,37,False
5.0,1.0,6.0,0.0,30.0,1,4.0,695,False
426.97727272727275,351.3863636363636,778.3636363636364,11.364122122783876,97.79545454545455,88,0.23863636363636365,696,False
1244.84375,1.3125,1246.15625,9.555465117818589,54.5,32,0.375,50,False
20.5,9.75,30.25,2.4533522317386103,258.0,4,2.5,697,False
5.666666666666667,5.666666666666667,11.333333333333334,2.7851659760475,558.6666666666666,3,1.6666666666666667,700,False
5.0,0.6666666666666666,5.666666666666667,2.1184993093808333,135.33333333333334,3,3.0,702,False
13.375,6.520833333333333,19.895833333333332,7.090479729539665,14.0,48,0.5,38,False
4.121212121212121,3.0,7.121212121212121,5.960027541503698,92.81818181818181,33,0.7272727272727273,39,False
1977.5714285714287,0.2857142857142857,1977.857142857143,9.816019577731925,73.85714285714286,14,0.5,52,False
43.0,0.0,43.0,1.025410575243867,0.0,2,0.0,40,False
41.5,0.0,41.5,1.0309142767803356,43.0,2,1.0,0,False
4.0,2.6666666666666665,6.666666666666667,1.5986197610732582,48.666666666666664,3,1.0,43,False
38.0,2.0,40.0,2.2005228499209974,21.666666666666668,3,1.6666666666666667,44,False
7.0,4.5,11.5,1.0349219943070547,40.0,2,1.0,47,False
104.5,2.5,107.0,3.090763278244368,52.0,4,1.75,49,False
11.5,1.25,12.75,2.8096225640134134,55.0,4,1.75,50,False
9.0,0.3333333333333333,9.333333333333334,2.430927249742615,454.3333333333333,3,2.6666666666666665,707,False
111.85714285714286,28.785714285714285,140.64285714285714,5.284940134647533,25.5,14,0.6428571428571429,51,False
30.666666666666668,0.6666666666666666,31.333333333333332,4.39038853392945,15.88888888888889,9,0.8888888888888888,52,False
41.375,2.375,43.75,3.1255560316467683,15.625,8,0.875,54,False
204.08955223880596,875.6119402985074,1079.7014925373135,12.327261704584327,202.4179104477612,67,0.835820895522388,54,False
41.666666666666664,0.0,41.666666666666664,3.5000625121939954,13.166666666666666,6,1.3333333333333333,55,False
5.5,0.0,5.5,1.7984675711936162,72.5,2,3.5,711,False
0.75,0.8333333333333334,1.5833333333333333,7.660270666147739,189.16666666666666,156,0.22435897435897437,731,False
17.0,2.6666666666666665,19.666666666666668,1.9447159856228289,0.3333333333333333,3,1.3333333333333333,732,False
156.275,1.35,157.625,8.407724907823686,127.1,40,0.475,55,False
7.0,0.0,7.0,0.0,436.0,1,3.0,740,False
41.0,32.0,73.0,1.9851290908111665,568.0,2,1.5,743,False
3.5,1.5,5.0,1.736965594166206,198.0,2,3.5,744,False
560.5,0.125,560.625,8.502429831340937,53.125,8,0.375,59,False
1312.2941176470588,1.8823529411764706,1314.1764705882354,8.886436898246243,105.11764705882354,17,0.47058823529411764,60,False
12.0,0.0,12.0,0.0,0.0,1,0.0,0,False
6.0,0.0,6.0,0.0,349.0,1,1.0,1,False
1.0,1.0,2.0,0.0,0.0,1,1.0,5,False
3.0,0.5,3.5,1.1463908746139229,174.5,2,1.5,10,False
34.5,22.5,57.0,1.0448840770613517,134.5,2,1.5,11,False
14.0,0.0,14.0,0.0,0.0,1,0.0,21,False
43.625,0.0,43.625,4.4000718882732315,7.5,8,0.5,56,False
7.333333333333333,2.0,9.333333333333334,2.3607382544293958,0.0,3,1.3333333333333333,57,False
1.0,1.3333333333333333,2.3333333333333335,1.612367421817219,23.0,3,0.3333333333333333,59,False
11.0,10.0,21.0,0.0,0.0,1,1.0,60,False
22.25,1.0,23.25,2.936479727706964,0.75,4,1.0,61,False
10.0,0.75,10.75,2.8033014806196794,0.5,4,0.75,62,False
11.666666666666666,2.6666666666666665,14.333333333333334,1.6338612445725804,0.0,3,0.6666666666666666,63,False
9.5,3.0,12.5,1.0588936890535685,0.5,2,0.5,64,False
61.0,1.75,62.75,3.3555148176850302,1.0,4,1.75,66,False
34.25,11.75,46.0,2.4111115706625985,1.0,4,1.0,67,False
120.8,1.0,121.8,3.7240600475513617,5.0,5,1.4,0,False
0.16666666666666666,123.58333333333333,123.75,4.671111914061355,1118.5,12,1.0,70,False
28.75,0.5,29.25,4.120717112147073,3.0,4,2.25,71,False
1.0,1.0,2.0,0.0,0.0,1,2.0,72,False
68.5,6.5,75.0,4.224834272168574,3.0,4,2.25,73,False
52.0,0.875,52.875,4.0384427487670775,2.0,8,1.125,1,False
26.5,0.5,27.0,1.2258916407838807,11.0,2,1.0,76,False
85.95333333333333,548.6866666666666,634.64,10.804521471707316,281.82666666666665,300,0.7566666666666667,63,False
2410.4285714285716,1.5,2411.9285714285716,8.383570265380433,114.28571428571429,14,0.6428571428571429,64,False
3.6666666666666665,1.0,4.666666666666667,2.0333788904284833,254.66666666666666,3,4.0,746,False
21.0,0.5,21.5,2.247488752393056,326.5,2,3.5,747,False
10.0,5.5,15.5,1.1395180003470704,435.5,2,3.0,748,False
11.0,4.5,15.5,1.443012403872648,249.0,2,3.0,749,False
7.75,4.5,12.25,3.401772583761194,178.75,4,3.75,750,False
2.6666666666666665,1.6666666666666667,4.333333333333333,1.7646547441218907,45.333333333333336,3,1.3333333333333333,77,False
16.5,7.5,24.0,1.423998453277475,0.0,2,0.0,2,False
67.0,1.5555555555555556,68.55555555555556,4.076323882128538,90.66666666666667,9,1.7777777777777777,0,False
50.25,0.75,51.0,3.142527936786215,14.0,4,3.75,1,False
5.666666666666667,1.0,6.666666666666667,1.9811388238778775,12.333333333333334,3,4.0,2,False
44.8,338.24,383.04,9.857511031989723,189.12,50,0.64,65,False
2805.75,0.75,2806.5,9.131801674036282,145.0,8,0.875,66,False
902.0,0.0,902.0,5.40889178253921,70.5,2,1.0,68,False
619.875,1.75,621.625,7.933637842432658,117.75,8,0.625,69,False
571.875,0.125,572.0,8.937456963497693,161.625,8,0.5,70,False
9.777777777777779,202.11111111111111,211.88888888888889,7.270207182277706,45.44444444444444,9,0.2222222222222222,73,False
6.439024390243903,0.6585365853658537,7.097560975609756,6.097742914035119,126.48780487804878,41,0.6829268292682927,75,False
72.0,3.0,75.0,4.4779658175379655,282.6666666666667,6,0.6666666666666666,76,False
1081.8620689655172,0.9482758620689655,1082.8103448275863,9.281760810691758,67.96551724137932,58,0.4827586206896552,77,False
23.5,4.0,27.5,1.374469117916141,194.5,2,0.5,78,False
1.5,1.5,3.0,2.084962500721156,449.75,4,1.0,82,False
33.0,13.125,46.125,5.220784955078288,120.0,8,1.375,84,False
728.6818181818181,6.090909090909091,734.7727272727273,10.281374841065833,98.72727272727273,22,0.5454545454545454,85,False
344.25,0.75,345.0,8.575809583455197,118.0,16,0.4375,87,False
1312.0,441.94444444444446,1753.9444444444443,10.291200645592683,128.66666666666666,18,0.7777777777777778,89,False
2224.909090909091,0.36363636363636365,2225.2727272727275,9.32325146497124,63.09090909090909,11,0.6363636363636364,90,False
467.25,0.25,467.5,8.116505940606112,128.16666666666666,12,0.5833333333333334,91,False
330.92857142857144,39.82142857142857,370.75,10.149982292724259,63.857142857142854,28,0.42857142857142855,92,False
3.6666666666666665,3040.8888888888887,3044.5555555555557,9.01955998053153,125.44444444444444,9,0.5555555555555556,94,False
181.33333333333334,271.8,453.1333333333333,10.191438513265751,40.03333333333333,30,0.36666666666666664,95,False
57.8125,0.25,58.0625,6.0894025362456246,62.0625,16,0.25,96,False
1002.2075471698113,1138.2075471698113,2140.4150943396226,12.047613460469899,56.867924528301884,53,0.4716981132075472,97,False
709.0,5.411764705882353,714.4117647058823,10.259875017863886,69.0,34,0.47058823529411764,99,False
4.769230769230769,42.88461538461539,47.65384615384615,7.103825698872809,65.6923076923077,26,0.4230769230769231,100,False
6.0,18.0,24.0,0.0,145.0,1,2.0,30,False
9.0,0.0,9.0,0.0,0.0,1,2.0,31,False
15.0,0.0,15.0,0.0,145.0,1,2.0,32,False
3.0,3.0,6.0,0.0,0.0,1,2.0,33,False
470.3,1.5,471.8,8.74825095276959,91.2,10,0.8,101,False
203.6851851851852,4.388888888888889,208.07407407407408,9.468469923031593,115.70370370370371,54,0.7962962962962963,102,False
316.90909090909093,0.7272727272727273,317.6363636363636,6.901658996516571,83.72727272727273,11,0.8181818181818182,103,False
49.0,43.166666666666664,92.16666666666667,4.932796159498079,49.833333333333336,6,0.8333333333333334,104,False
1696.0,115.15384615384616,1811.1538461538462,8.630217017176916,43.76923076923077,13,0.5384615384615384,105,False
21.076923076923077,17.384615384615383,38.46153846153846,5.336225619569022,69.53846153846153,26,0.9615384615384616,106,False
753.125,0.125,753.25,10.40723928980087,119.625,8,0.75,107,False
253.82857142857142,270.9142857142857,524.7428571428571,8.964352314253556,58.94285714285714,35,0.7714285714285715,108,False
4.619047619047619,4.619047619047619,9.238095238095237,5.183467615494689,71.19047619047619,21,1.0952380952380953,109,False
14.666666666666666,6.333333333333333,21.0,2.8465074492403297,442.3333333333333,3,1.3333333333333333,753,False
6.833333333333333,0.0,6.833333333333333,3.047856119522168,72.0,6,1.3333333333333333,80,False
3.595744680851064,3.4468085106382977,7.042553191489362,6.544706545612422,49.48936170212766,47,0.9361702127659575,111,False
5.333333333333333,1.0,6.333333333333333,2.5812608467769187,103.33333333333333,3,1.3333333333333333,754,False
10.0,9.0,19.0,0.0,594.0,1,2.0,755,False
2.0,1.0,3.0,2.8073549220576046,114.57142857142857,7,0.14285714285714285,756,False
14.914285714285715,12.4,27.314285714285713,8.396035421416027,286.34285714285716,35,1.7428571428571429,759,True
505.6363636363636,0.18181818181818182,505.8181818181818,8.850133879704565,147.45454545454547,11,0.6363636363636364,113,False
22.0,0.0,22.0,0.0,0.0,1,0.0,3,False
69.4,124.1,193.5,5.354322954684331,27.6,10,0.6,4,False
42.22222222222222,8.0,50.22222222222222,3.757443957065608,0.0,9,0.2222222222222222,5,False
7.5,5.25,12.75,3.435333534075326,157.25,4,0.75,9,False
2.0,2.0,4.0,0.0,0.0,1,2.0,765,False
128.54545454545453,60.5,189.04545454545453,6.293957398225872,23.545454545454547,22,0.45454545454545453,0,False
5.5,26.75,32.25,2.2355077820139977,0.0,4,2.25,2,False
11.666666666666666,6.0,17.666666666666668,3.102414805708199,0.0,3,3.3333333333333335,3,False
2.3,2.3733333333333335,4.673333333333333,10.390249622537151,0.38,300,0.02,766,True
18.0,21.5,39.5,3.4773721762904253,1.25,4,0.75,767,False
8.0,5.5,13.5,1.02517169284482,0.0,2,0.0,768,False
20.444444444444443,21.833333333333332,42.27777777777778,4.769235993812966,8.0,18,0.8333333333333334,10,False
47.5,24.25,71.75,2.540683732412877,0.0,4,1.5,11,False
76.5,77.0,153.5,1.0000688860112679,0.0,2,2.0,17,False
10.0,10.0,20.0,0.0,2.0,1,4.0,769,False
4.666666666666667,3.0,7.666666666666667,2.0829192577612257,0.0,3,0.0,770,False
1.0,2.0,3.0,1.0,2.0,2,2.5,20,False
5.8,7.2,13.0,2.628526488435608,0.0,5,2.4,21,False
43.0,0.6666666666666666,43.666666666666664,1.9237712142770065,15.666666666666666,3,2.6666666666666665,0,False
87.0,0.0,87.0,0.0,0.0,1,0.0,2,False
206.8673469387755,210.42857142857142,417.2959183673469,11.62033642714277,155.66326530612244,98,0.7142857142857143,114,False
51.5,0.0,51.5,2.857394785807321,15.0,2,1.5,14,False
9.0,5.0,14.0,2.320877715845172,14.666666666666666,3,2.3333333333333335,778,False
11.5,7.5,19.0,1.1052264040124613,22.0,2,0.5,779,False
2.0,1.0,3.0,0.0,31.0,1,2.0,781,False
17.714285714285715,2.7142857142857144,20.428571428571427,3.098995424493967,11.571428571428571,7,0.7142857142857143,782,True
40.0,2.0,42.0,0.0,34.0,1,4.0,783,False
28.375,1.375,29.75,3.7862589768950223,9.375,8,0.875,788,True
9.291666666666666,287.4166666666667,296.7083333333333,8.848757450431892,128.08333333333334,24,0.6666666666666666,115,False
0.2222222222222222,103.33333333333333,103.55555555555556,6.1623437086751665,0.4444444444444444,9,0.4444444444444444,0,False
2.0,1.0,3.0,0.0,0.0,1,5.0,3,False
3.0,3.0,6.0,0.0,0.0,1,5.0,4,False
367.2739726027397,252.08219178082192,619.3561643835617,11.741243155367043,184.26027397260273,73,0.7671232876712328,116,False
221.0,29.5,250.5,6.370021385577903,382.0,6,1.3333333333333333,117,False
185.89473684210526,41.86842105263158,227.76315789473685,9.462039838629554,227.57894736842104,38,1.0526315789473684,119,False
331.0,45.25,376.25,5.676376534319662,491.0,4,1.25,121,False
19.285714285714285,3.857142857142857,23.142857142857142,3.5200509036242225,263.7142857142857,7,1.2857142857142858,122,False
21.071428571428573,6.857142857142857,27.928571428571427,4.887196927160152,22.285714285714285,14,1.0714285714285714,791,True
7.909090909090909,12.636363636363637,20.545454545454547,4.281921431085218,23.454545454545453,11,1.1818181818181819,793,True
379.8333333333333,2.5,382.3333333333333,5.761447045100109,7.916666666666667,12,0.25,794,True
4.909090909090909,6.454545454545454,11.363636363636363,4.079382545551213,45.27272727272727,11,1.9090909090909092,800,True
8.2,2.0,10.2,3.30176343089076,32.8,5,2.8,802,False
117.95,108.85,226.8,8.342767201893322,31.85,20,0.8,808,True
9.8,9.0,18.8,3.022609178766885,29.4,5,2.2,809,True
48.53846153846154,33.84615384615385,82.38461538461539,6.472838102447919,22.03846153846154,26,0.6153846153846154,810,True
1.3333333333333333,2.6666666666666665,4.0,1.9182958340544893,33.333333333333336,3,1.0,811,True
5.666666666666667,3.0,8.666666666666666,4.1257676030692245,45.111111111111114,9,1.0,812,True
4.5,2.7,7.2,4.186754691520882,30.3,10,1.1,813,True
12.0,8.0,20.0,0.0,0.0,1,5.0,814,False
10.0,3.0,13.0,1.115477217419936,48.5,2,1.5,815,False
8.25,3.25,11.5,2.96098735158043,17.5,4,0.5,817,False
1.6666666666666667,2.0,3.6666666666666665,1.6854555870081764,31.666666666666668,3,0.3333333333333333,818,False
2.8333333333333335,1.1666666666666667,4.0,3.0239087983468536,11.0,6,1.6666666666666667,820,True
3.75,2.75,6.5,3.0855818134817676,16.5,4,0.75,821,False
1.0,1.0,2.0,0.0,66.0,1,1.0,822,False
5.0,5.0,10.0,0.0,70.0,1,3.0,21,False
4.0,0.0,4.0,0.0,0.0,1,1.0,826,False
2.0,0.5,2.5,1.0294468445267841,105.0,2,2.0,828,False
1.0,0.0,1.0,0.0,105.0,1,2.0,831,False
10.333333333333334,2.8333333333333335,13.166666666666666,3.6724636549451977,26.5,6,0.8333333333333334,832,False
15.25,2.5,17.75,2.532463864547284,13.5,4,2.5,837,True
12.818181818181818,7.2727272727272725,20.09090909090909,4.933301096338607,13.727272727272727,11,1.0,839,True
6.428571428571429,4.214285714285714,10.642857142857142,5.488639297587789,35.142857142857146,14,0.9285714285714286,840,True
16.0,0.0,16.0,0.0,0.0,1,5.0,844,False
2.0,0.0,2.0,0.0,0.0,1,5.0,847,False
88.24444444444444,71.73333333333333,159.9777777777778,8.259665820663772,30.11111111111111,45,0.9111111111111111,848,True
1.1666666666666667,1.3333333333333333,2.5,3.1427301788216595,73.5,6,1.8333333333333333,857,False
11.0,6.5,17.5,1.1941006571532642,45.0,2,3.5,858,False
21.0,5.25,26.25,3.6351751347295673,9.0,4,3.5,860,True
10.363636363636363,6.363636363636363,16.727272727272727,4.624621882027241,43.45454545454545,11,0.7272727272727273,863,False
4.2,2.0,6.2,2.366868722586361,5.6,5,0.2,865,False
10.0,1.0,11.0,0.0,13.0,1,2.0,868,False
0.5,0.23333333333333334,0.7333333333333333,4.135623434715092,69.43333333333334,30,2.066666666666667,870,False
112.1063829787234,79.80851063829788,191.91489361702128,9.853486072794094,178.31914893617022,47,0.5957446808510638,123,False
9.466666666666667,8.2,17.666666666666668,5.589532960431217,107.06666666666666,15,0.7333333333333333,124,False
45.0,11.2,56.2,3.9838894316201463,444.8,5,1.0,126,False
1133.25,8.35,1141.6,9.970210411812038,181.1,20,0.95,129,False
573.1764705882352,15.529411764705882,588.7058823529412,7.386460190163308,221.2941176470588,17,0.5294117647058824,131,False
244.61764705882354,0.6176470588235294,245.23529411764707,8.402045112602577,221.0,34,0.5,133,False
258.3142857142857,121.05714285714286,379.37142857142857,10.614428641270507,121.48571428571428,35,0.5142857142857142,135,False
26.4,4.4,30.8,3.7912766467610863,79.6,5,2.2,872,False
5.142857142857143,1.8571428571428572,7.0,3.9022435566762743,27.428571428571427,7,1.8571428571428572,873,True
736.0,639.8571428571429,1375.857142857143,4.395555811633085,123.0,7,2.4285714285714284,0,False
1170.5,1181.5,2352.0,2.9475414739595824,1.0,4,3.75,2,False
89.0,21.75,110.75,3.658050125405874,0.75,4,3.75,3,False
15.0,3.0,18.0,0.0,135.0,1,2.0,875,False
4.8,6.8,11.6,4.981912248560229,39.8,10,3.1,876,False
26.25,7.25,33.5,4.894777840575804,17.75,8,2.375,878,False
27.0,11.25,38.25,3.743991206782858,2.0,4,1.0,880,False
1.0,0.5,1.5,0.7924812503605781,4.0,2,3.0,881,False
2.6,2.2,4.8,2.6035843815994526,137.0,5,2.6,884,False
1125.275,1125.15,2250.425,10.479373523034074,122.15,40,2.325,885,False
0.5,2.0,2.5,1.160964047443681,70.0,2,1.0,886,False
1.3333333333333333,1.0,2.3333333333333335,1.612367421817219,140.0,3,2.0,887,False
323.25,304.0,627.25,5.398196250771997,68.5,4,3.75,888,False
170.5,165.75,336.25,6.934795770765272,87.875,8,2.5,889,False
4.0,8.0,12.0,0.0,0.0,1,2.0,890,False
14.833333333333334,2.1666666666666665,17.0,3.6170742588201783,58.166666666666664,6,2.8333333333333335,895,False
12.0,7.0,19.0,0.0,8.0,1,6.0,897,False
2.0,2.0,4.0,0.0,187.0,1,1.0,25,False
73.66666666666667,10.333333333333334,84.0,1.6749654475960882,2.3333333333333335,3,2.0,0,False
10.0,2.0,12.0,0.0,36.0,1,3.0,900,False
8.0,7.0,15.0,0.0,0.0,1,7.0,902,False
41.0,36.0,77.0,0.0,196.0,1,2.0,0,False
41.592592592592595,620.1111111111111,661.7037037037037,12.251513369613226,196.88888888888889,108,0.6759259259259259,139,False
6.25,1.0,7.25,2.439874659634698,350.5,4,1.25,141,False
610.0,0.375,610.375,8.598956343857122,199.875,8,0.75,143,False
2041.6363636363637,0.2727272727272727,2041.909090909091,10.032838294381044,189.9090909090909,11,0.9090909090909091,144,False
0.5,0.3,0.8,2.6,60.3,10,3.6,904,False
0.5,0.25,0.75,1.1887218755408673,53.25,4,4.25,906,False
1.0,1.0,2.0,0.0,0.0,1,8.0,907,False
456.0,434.0,890.0,4.915694782909252,148.33333333333334,3,3.0,6,False
7.0,0.0,7.0,0.0,0.0,1,3.0,7,False
3.75,3.25,7.0,2.146390874613923,45.5,4,2.75,908,False
20.185185185185187,45.18518518518518,65.37037037037037,9.163219930381334,162.6851851851852,108,0.5555555555555556,148,False
879.5,9.466666666666667,888.9666666666667,8.593515295361009,126.5,30,0.43333333333333335,149,False
12.0,0.0,12.0,1.020320992248673,199.0,2,4.0,0,False
1.0,1.0,2.0,0.0,0.0,1,5.0,1,False
27.133333333333333,4.044444444444444,31.177777777777777,8.052882884500574,139.2888888888889,45,0.35555555555555557,150,False
6.5,0.5,7.0,1.5148736716970261,103.5,2,4.0,2,False
1.0,1.0,2.0,1.207518749639422,9.0,2,6.0,4,False
7.0,4.875,11.875,4.5955536250371845,395.5,8,1.125,151,False
7.5,0.5,8.0,1.0465547021957406,12.0,2,4.5,10,False
10.0,4.0,14.0,1.0148736716970261,48.0,2,4.5,11,False
648.2352941176471,0.29411764705882354,648.5294117647059,8.56291599800619,206.05882352941177,17,0.5294117647058824,154,False
34.42857142857143,24.142857142857142,58.57142857142857,3.445271988557205,114.85714285714286,7,3.0,1,True
36.745387453874535,1439.0479704797049,1475.7933579335793,11.987716041988092,192.61992619926198,271,0.5535055350553506,155,False
812.7931034482758,1.1724137931034482,813.9655172413793,8.940534155580519,155.86206896551724,29,0.3448275862068966,156,False
178.30769230769232,1.6923076923076923,180.0,6.043825545569548,345.61538461538464,13,0.7692307692307693,158,False
121.69461077844312,2.095808383233533,123.79041916167665,9.394490959597938,31.5748502994012,167,0.08982035928143713,0,False
8.545454545454545,1.0,9.545454545454545,3.573706447749262,83.72727272727273,11,0.5454545454545454,160,False
497.14285714285717,0.35714285714285715,497.5,8.589079652914547,31.714285714285715,14,1.0714285714285714,0,False
2237.9411764705883,0.17647058823529413,2238.1176470588234,9.105143189668697,58.11764705882353,17,0.8235294117647058,163,False
434.46666666666664,0.13333333333333333,434.6,8.849733441458987,3.2,15,1.2,0,False
760.0666666666667,9.6,769.6666666666666,8.01094503742215,39.733333333333334,15,1.6,1,False
1915.5,1.8333333333333333,1917.3333333333333,9.832241273189391,161.08333333333334,12,1.4166666666666667,170,False
1499.0416666666667,8.291666666666666,1507.3333333333333,9.736286116494233,144.54166666666666,24,1.1666666666666667,171,False
13.714285714285714,3.2857142857142856,17.0,3.9325435403758724,101.28571428571429,7,4.285714285714286,909,False
6.833333333333333,1.9166666666666667,8.75,4.640330056439832,83.66666666666667,12,2.0,910,False
5.0,5.0,10.0,0.0,179.0,1,3.0,0,False
1.5,1.5,3.0,1.0849625007211563,89.5,2,4.0,1,False
13.0,1.0,14.0,0.0,313.0,1,2.0,1,False
7.0,6.0,13.0,0.0,0.0,1,5.0,84,False
1.0,1.0,2.0,0.0,203.0,1,2.0,31,False
1.0,1.0,2.0,0.0,0.0,1,2.0,33,False
3.5,3.5,7.0,1.5148736716970261,42.5,2,6.5,914,False
2.0,2.0,4.0,0.0,0.0,1,5.0,35,False
18.5,13.0,31.5,1.4523556487746356,52.0,2,9.0,916,False
76.0,33.0,109.0,0.0,25.0,1,4.0,86,False
8.0,1.0,9.0,0.0,111.0,1,4.0,924,False
9.0,1.0,10.0,2.883206219346495,62.25,4,4.0,925,False
4.7,13.55,18.25,5.758084325748743,233.45,20,3.05,89,False
1.0,1.0,2.0,0.0,30.0,1,4.0,3,False
8.0,2.6666666666666665,10.666666666666666,3.2260239683708796,123.33333333333333,6,3.1666666666666665,926,False
66.75,1.25,68.0,2.3468503818796087,109.75,4,1.5,0,False
3.3333333333333335,4.666666666666667,8.0,1.7036771041295813,203.33333333333334,3,3.3333333333333335,5,False
2.5,3.5,6.0,1.0849625007211563,185.5,2,3.5,6,False
1.0,1.0,2.0,0.0,0.0,1,5.0,7,False
4.454545454545454,25.181818181818183,29.636363636363637,4.968417219545627,192.8181818181818,11,2.4545454545454546,91,False
8.75,9.25,18.0,3.0358631975202806,93.0,4,3.25,92,False
5.0,5.0,10.0,0.0,367.0,1,3.0,93,False
5.0,2.3333333333333335,7.333333333333333,1.6794816176757557,0.0,3,5.666666666666667,9,False
190.85714285714286,182.28571428571428,373.14285714285717,6.212180718628794,158.85714285714286,7,4.428571428571429,94,False
4.5,5.0,9.5,1.1832860049711025,0.0,2,5.5,10,False
9.333333333333334,1.0,10.333333333333334,2.097577774276559,124.33333333333333,3,5.666666666666667,928,False
3.5,3.0,6.5,1.0394756706974109,186.5,2,7.0,930,False
2.0,0.0,2.0,0.0,5.0,1,12.0,933,False
17.25,10.5,27.75,2.1001020375521255,286.75,4,1.75,934,False
13.0,3.5,16.5,1.1669503682767193,0.0,2,2.0,935,False
9.0,5.0,14.0,0.0,0.0,1,1.0,18,False
4.0,4.0,8.0,0.0,0.0,1,1.0,45,False
5.0,3.0,8.0,0.0,0.0,1,2.0,47,False
23.0,9.0,32.0,6.341254698171709,118.625,16,2.375,938,False
67.775,50.525,118.3,7.920343910275366,183.075,40,2.275,940,False
21.272727272727273,3.0,24.272727272727273,4.280356706024321,112.63636363636364,11,2.909090909090909,942,True
2.3333333333333335,0.6666666666666666,3.0,3.116270318961085,172.5,6,5.5,948,False
2.238095238095238,1.7142857142857142,3.9523809523809526,6.071466125092307,0.5714285714285714,21,0.38095238095238093,950,False
5.0,0.0,5.0,0.0,196.0,1,6.0,0,False
10.0,1.0,11.0,1.005986320833038,148.5,2,7.5,1,False
0.7777777777777778,0.2222222222222222,1.0,4.9387603321398865,245.13888888888889,36,2.4444444444444446,951,False
4.0,7.5,11.5,1.0013648963777861,2.5,2,5.5,2,False
6.75,12.5,19.25,2.7995809020011513,48.75,4,5.75,97,False
34.0,13.0,47.0,2.7435304159569953,17.75,4,7.75,956,False
8.5,1.0,9.5,1.2944822156393263,145.0,2,1.0,100,False
60.21739130434783,44.04347826086956,104.26086956521739,8.22576660209903,174.56521739130434,46,2.717391304347826,962,False
61.51111111111111,44.44444444444444,105.95555555555555,8.173401084720124,177.06666666666666,45,2.6222222222222222,102,False
1.0,0.0,1.0,0.0,34.0,1,3.0,103,False
9.0,4.0,13.0,3.209735096254607,183.42857142857142,7,3.7142857142857144,965,False
84.0,0.0,84.0,0.0,0.0,1,0.0,966,False
6.714285714285714,14.714285714285714,21.428571428571427,4.008886926535739,65.42857142857143,7,2.4285714285714284,967,False
14.0,3.6666666666666665,17.666666666666668,2.7094929760628026,165.66666666666666,3,6.0,973,False
0.125,0.125,0.25,0.875,1.5,8,1.0,975,False
12.2,15.266666666666667,27.466666666666665,6.088347857921139,312.0,15,2.933333333333333,976,False
0.5,0.5,1.0,0.5,158.5,2,3.0,979,False
23.0,0.25,23.25,2.7572206705390174,77.25,4,2.25,989,True
6.333333333333333,19.666666666666668,26.0,2.5133083749468415,0.3333333333333333,3,2.3333333333333335,990,False
23.0,4.0,27.0,1.6699250014423126,154.5,2,2.0,991,True
5.5,5.25,10.75,3.0739170206676727,143.25,4,3.0,992,True
21.0,18.0,39.0,0.0,0.0,1,2.0,994,False
11.0,0.0,11.0,0.0,14.0,1,6.0,2,False
1.3333333333333333,1.6666666666666667,3.0,1.9008066940897779,0.3333333333333333,3,2.3333333333333335,1008,False
4.666666666666667,5.0,9.666666666666666,1.6940299630176805,148.33333333333334,3,2.6666666666666665,1009,False
3.0,34.0,37.0,0.0,2.0,1,3.0,18,False
11.0,42.0,53.0,0.0,278.0,1,1.0,19,False
14.0,6.0,20.0,0.0,4.0,1,8.0,21,False
5.0,2.0,7.0,0.0,0.0,1,9.0,25,False
1.0,1.0,2.0,0.0,0.0,1,9.0,26,False
8.0,6.0,14.0,0.0,0.0,1,9.0,27,False
9.0,2.5,11.5,1.0701166582527537,0.0,2,4.5,31,False
5.0,0.0,5.0,0.0,0.0,1,0.0,32,False
19.0,16.0,35.0,0.0,0.0,1,1.0,33,False
2.0,2.0,4.0,0.0,0.0,1,1.0,37,False
2.0,1.0,3.0,0.0,0.0,1,1.0,41,False
24.4,1.0,25.4,4.424648894289128,91.6,5,2.4,1020,True
0.6666666666666666,0.6666666666666666,1.3333333333333333,1.3333333333333333,2.0,3,2.0,1021,False
1.0,1.0,2.0,1.207518749639422,103.0,2,6.5,1022,False
8.25,2.5,10.75,2.6439440004658565,58.75,4,4.0,1023,False
14.333333333333334,6.333333333333333,20.666666666666668,2.4879484130741436,139.0,3,5.333333333333333,1026,False
40.0,9.0,49.0,0.0,134.0,1,2.0,56,False
4.0,1.0,5.0,0.0,324.0,1,2.0,1029,False
7.0,5.0,12.0,0.0,0.0,1,2.0,1031,False
32.0,1.0,33.0,1.0557541576084952,31.5,2,5.5,0,False
201.90277777777777,155.59722222222223,357.5,9.861561398111697,208.11111111111111,72,0.8194444444444444,173,False
1003.625,5.8125,1009.4375,9.403040877715739,93.09375,32,1.0,174,False
1.0,0.0,1.0,0.0,46.0,1,6.0,0,False
1.0,1.0,2.0,0.0,0.0,1,7.0,1,False
8.0,0.0,8.0,0.0,16.0,1,15.0,2,False
4.0,4.0,8.0,0.0,0.0,1,16.0,24,False
32.0,0.0,32.0,0.0,0.0,1,9.0,57,False
4.0,0.0,4.0,0.0,0.0,1,9.0,59,False
1.3333333333333333,1.0,2.3333333333333335,1.612367421817219,2.0,3,8.666666666666666,67,False
6.0,1.0,7.0,1.1463908746139229,1.0,2,12.5,75,False
739.6875,1215.46875,1955.15625,10.416968501023803,187.59375,32,0.46875,176,False
288.8421052631579,0.0,288.8421052631579,9.657313518937155,9.763157894736842,38,0.9736842105263158,178,False
2309.6,0.3,2309.9,9.669102591783577,133.1,10,2.1,179,False
1626.6666666666667,0.0,1626.6666666666667,9.110010169036725,141.53333333333333,15,1.7333333333333334,181,False
638.4,420.0,1058.4,3.20417723781303,145.6,5,2.6,0,False
4.0,0.0,4.0,0.0,70.0,1,1.0,62,False
278.0,194.45454545454547,472.45454545454544,5.721558723124697,63.09090909090909,11,2.727272727272727,1,False
35.666666666666664,20.333333333333332,56.0,2.21916676506371,0.0,3,2.0,2,False
67.1,13.2,80.3,5.199104356235198,57.7,10,2.8,3,False
84.5,23.5,108.0,1.018098039733077,1.0,2,2.0,4,False
274.0,0.0,274.0,0.0,0.0,1,0.0,5,False
133.3793103448276,60.51724137931034,193.89655172413794,6.764684285711363,149.58620689655172,29,1.1724137931034482,6,False
4.996666666666667,1105.0533333333333,1110.05,12.106257018314107,212.33333333333334,300,0.7166666666666667,186,False
461.46875,65.375,526.84375,7.830304524007005,271.28125,32,0.6875,187,False
21.333333333333332,9.0,30.333333333333332,2.9261833610321815,153.33333333333334,3,3.3333333333333335,200,False
29.5,9.666666666666666,39.166666666666664,4.523943373323196,183.5,12,1.25,7,False
3.8,0.0,3.8,2.602163775344409,547.6,5,2.4,209,False
8.5,4.0,12.5,3.243547287463312,74.125,8,0.875,8,False
22.4,5.8,28.2,2.6016145335304195,114.4,5,0.8,0,False
69.75,2490.0,2559.75,6.019231721310989,387.75,4,2.75,214,False
25.0,34.125,59.125,4.240614065714942,74.5,8,1.75,1,False
28.6,2.6,31.2,3.6043207344184074,0.8,5,1.8,2,False
48.857142857142854,20.142857142857142,69.0,4.687716502958172,86.85714285714286,7,1.5714285714285714,10,False
19.666666666666668,14.333333333333334,34.0,1.6629794175917023,14.666666666666666,3,2.6666666666666665,11,False
6.333333333333333,4.666666666666667,11.0,2.1679419126652504,1.3333333333333333,3,1.6666666666666667,12,False
14.5,6.0,20.5,1.1360802566937196,279.0,2,2.0,13,False
5.0,5.4,10.4,2.7789736553911704,1.4,5,1.8,6,False
10.0,4.571428571428571,14.571428571428571,3.6844425735663853,7.428571428571429,7,2.2857142857142856,14,False
39.833333333333336,9.666666666666666,49.5,4.623290866314155,50.5,12,1.4166666666666667,7,False
11.5,55.625,67.125,4.259405231708767,79.25,8,2.125,15,False
13.333333333333334,13.166666666666666,26.5,4.0134204942991305,102.5,6,2.6666666666666665,8,False
6.166666666666667,4.166666666666667,10.333333333333334,3.3438999607582107,103.0,6,2.6666666666666665,9,False
6.0,4.0,10.0,0.0,70.0,1,2.0,64,False
1.0,1.0,2.0,0.0,0.0,1,2.0,65,False
80.6,4.8,85.4,5.32923954059071,94.1,10,2.0,227,False
53.357142857142854,11.071428571428571,64.42857142857143,4.751255969624289,49.92857142857143,14,1.6428571428571428,16,False
91.5,8.5,100.0,1.0006495050895516,0.0,2,0.0,91,False
7.5,3.0,10.5,1.0420975637082142,0.0,2,1.0,93,False
7.5,5.0,12.5,1.0011550803436005,0.0,2,1.0,101,False
20.5,1.0,21.5,1.2975708333557718,0.0,2,1.0,102,False
16.666666666666668,18.333333333333332,35.0,2.546303605000872,10.0,3,1.6666666666666667,17,False
20.076923076923077,12.692307692307692,32.76923076923077,4.476965931912603,15.615384615384615,13,1.0769230769230769,18,False
39.8,6.8,46.6,3.871988921422427,5.8,5,1.0,19,False
14.0,0.0,14.0,0.0,0.0,1,1.0,112,False
820.0,817.0,1637.0,0.0,568.0,1,2.0,114,False
232.5,226.5,459.0,3.2001551638308983,54.0,2,4.0,115,False
259.0,255.0,514.0,0.0,4.0,1,5.0,116,False
2.0,235.75,237.75,3.234384509138316,1.0,4,10.0,118,False
255.0,259.0,514.0,0.0,0.0,1,6.0,119,False
226.5,232.5,459.0,3.2001551638308983,54.0,2,4.0,120,False
817.0,820.0,1637.0,0.0,0.0,1,3.0,121,False
10.333333333333334,4.0,14.333333333333334,1.5903332079691992,36.0,3,4.666666666666667,124,False
4.0,4.0,8.0,0.0,0.0,1,0.0,126,False
17.5,0.0,17.5,1.0053192602231737,214.0,2,1.5,131,False
2.0,5.0,7.0,0.0,0.0,1,1.0,133,False
50.75,6.5,57.25,3.475386614690685,150.375,8,1.625,20,False
56.1,15.7,71.8,5.7507682999099305,40.95,20,1.0,21,False
26.41176470588235,7.117647058823529,33.529411764705884,5.8106264509762315,13.058823529411764,17,1.0,10,False
23.8,6.0,29.8,3.170902221167446,9.8,5,1.0,11,False
413.2,355.4,768.6,3.6402745735746764,7.6,5,1.0,13,False
696.0,588.2,1284.2,5.0088501031930175,112.4,5,2.8,15,False
6.0,6.5,12.5,1.8820752117462183,10.0,2,3.0,235,False
3.0,3.0,6.0,1.8365916681089791,658.6666666666666,3,1.0,236,False
66.0,26.666666666666668,92.66666666666667,1.8381576249189049,187.33333333333334,3,4.0,16,False
20.833333333333332,0.6666666666666666,21.5,4.0720920803946346,19.166666666666668,6,3.1666666666666665,242,False
10.2,1.2,11.4,3.0612938151392277,977.6,5,2.0,243,False
7.666666666666667,7.333333333333333,15.0,2.635234560219359,4.0,3,4.0,244,False
3.0,3.0,6.0,0.0,0.0,1,0.0,1044,False
3.6666666666666665,2.8333333333333335,6.5,3.0114261872331274,210.66666666666666,6,2.5,245,False
2.5,1.0,3.5,1.5148736716970261,611.5,2,3.5,250,False
136.14285714285714,126.28571428571429,262.42857142857144,3.622242757912615,89.85714285714286,7,1.4285714285714286,17,False
12.75,1.0,13.75,2.1388958114419228,408.25,4,2.5,0,False
82.75,21.75,104.5,2.2040561337741034,273.5,4,3.5,1,False
30.75,1.25,32.0,2.1686824212566314,100.5,4,2.75,2,False
8.0,2.0,10.0,0.0,597.0,1,2.0,3,False
14.0,3.0,17.0,0.0,1.0,1,1.0,0,False
50.5,11.25,61.75,2.7441986507474145,216.0,4,4.5,1047,False
8.0,5.0,13.0,0.0,7.0,1,21.0,1048,False
4.428571428571429,0.8571428571428571,5.285714285714286,3.0868568926895947,116.85714285714286,7,3.0,1050,False
467.8,459.2,927.0,4.730010546016277,9.0,5,2.0,20,False
21.0,0.0,21.0,0.0,134.0,1,1.0,136,False
2.0,2.0,4.0,0.0,0.0,1,1.0,138,False
1.0,1.0,2.0,0.0,0.0,1,1.0,139,False
2.6,2.6,5.2,2.602069098875157,39.4,5,6.0,1054,False
1.0,1.0,2.0,1.0,10.0,2,7.0,1056,False
4.166666666666667,4.333333333333333,8.5,3.0367951434353224,120.33333333333333,6,2.0,268,False
4.75,1.75,6.5,2.8699576944192513,138.0,4,2.5,1062,False
6.333333333333333,5.5,11.833333333333334,3.1861871672505715,112.5,6,2.5,269,False
162.63636363636363,140.45454545454547,303.09090909090907,5.316104889436265,82.81818181818181,11,1.4545454545454546,27,False
22.8,24.7,47.5,5.075312113634832,28.1,10,1.1,28,False
10.0,9.833333333333334,19.833333333333332,2.9180507553129384,2.5,6,1.0,29,False
239.72727272727272,214.9090909090909,454.6363636363636,5.91979356360649,15.090909090909092,11,2.0,30,False
66.54545454545455,18.272727272727273,84.81818181818181,4.142864312433566,61.54545454545455,11,0.8181818181818182,33,False
1.0,1.0,2.0,0.0,528.0,1,1.0,1063,False
24.333333333333332,3.0,27.333333333333332,2.797725304782935,375.6666666666667,3,8.666666666666666,1070,False
12.555555555555555,6.555555555555555,19.11111111111111,4.391107629557658,148.55555555555554,9,6.0,1071,True
55.333333333333336,29.5,84.83333333333333,3.288980056642446,212.5,6,1.3333333333333333,34,False
40.266666666666666,27.866666666666667,68.13333333333334,4.646183199311353,50.13333333333333,15,0.6666666666666666,35,False
24.0,4.0,28.0,1.0148736716970261,287.5,2,2.5,1074,False
54.0,20.61111111111111,74.61111111111111,5.290237060730405,43.05555555555556,18,0.5555555555555556,36,False
4.0,3.0,7.0,0.0,7.0,1,22.0,1075,False
45.6,3.6,49.2,5.961735055248413,7.45,20,0.45,37,False
86.78787878787878,19.848484848484848,106.63636363636364,6.118487067774467,28.96969696969697,33,0.45454545454545453,38,False
4.0,1.0,5.0,0.0,1.0,1,11.0,1079,False
21.555555555555557,10.0,31.555555555555557,4.607007907602946,134.66666666666666,9,6.222222222222222,1080,False
1.0,1.0,2.0,0.0,33.0,1,5.0,1081,False
3.2857142857142856,0.42857142857142855,3.7142857142857144,3.2475932893636186,93.28571428571429,7,8.142857142857142,1083,False
3.0,0.5,3.5,1.1463908746139229,1.5,2,4.5,1084,False
7.0,3.0,10.0,1.6045937304056792,11.333333333333334,3,11.333333333333334,1089,False
5.416666666666667,4.916666666666667,10.333333333333334,5.59739597037742,58.416666666666664,12,3.75,1091,False
3.0,3.0,6.0,0.0,7.0,1,2.0,1100,False
12.8,9.8,22.6,3.738274256276901,254.8,5,3.2,1104,False
11.833333333333334,13.0,24.833333333333332,3.146255217368912,180.66666666666666,6,4.5,1109,True
4.666666666666667,1.0,5.666666666666667,2.1873162685366423,132.0,3,3.0,1112,True
8.5,1.75,10.25,2.3589636454033696,1.0,4,5.25,1119,False
7.25,5.0,12.25,3.7498519394558842,4.25,4,5.75,1122,False
1.0,1.0,2.0,0.0,1.0,1,11.0,147,False
1.0,1.0,2.0,0.0,0.0,1,11.0,148,False
40.0,22.0,62.0,1.5959178994126786,6.333333333333333,3,3.0,1128,False
81.92,35.26,117.18,7.175181476701215,25.36,50,0.64,39,False
30.0,14.5,44.5,2.7542616830420337,16.5,2,7.5,1130,False
9.0,3.8333333333333335,12.833333333333334,3.2330737235210028,122.33333333333333,6,8.0,1133,False
8.5,1.0,9.5,2.162965012722429,1.0,2,14.0,1134,False
18.235294117647058,13.470588235294118,31.705882352941178,4.965291521251621,147.88235294117646,17,3.823529411764706,1135,False
2.6666666666666665,2.0,4.666666666666667,1.8073549220576044,4.666666666666667,3,4.666666666666667,1139,False
21.0,6.0,27.0,0.0,626.0,1,1.0,1141,False
3.3333333333333335,1.0,4.333333333333333,1.7646547441218907,183.66666666666666,3,3.3333333333333335,1142,False
124.5,56.0,180.5,2.3823484950273253,69.25,4,4.5,2,False
32.0,29.2,61.2,3.3534619357474553,11.0,5,7.4,1146,False
35.833333333333336,21.166666666666668,57.0,3.7472457375813804,214.16666666666666,6,2.0,1149,True
10.5,1.5,12.0,1.8552466914025074,6.0,2,0.5,1156,False
97.11111111111111,57.888888888888886,155.0,5.430230839838659,3.0,9,8.11111111111111,1165,False
0.25,0.25,0.5,0.75,0.75,4,1.5,0,False
8.0,2.0,10.0,0.0,3.0,1,1.0,1174,False
5.333333333333333,6.666666666666667,12.0,3.755745907492544,10.166666666666666,6,5.5,1179,False
39.0,32.0,71.0,0.0,4.0,1,2.0,1183,False
2.0,1.0,3.0,0.0,4.0,1,6.0,1185,False
6.0,1.0,7.0,1.0,115.5,2,3.0,1190,False
9.5,8.5,18.0,1.2662475404135105,3.5,2,6.5,1191,False
1.0,1.0,2.0,0.0,0.0,1,12.0,1194,False
10.0,10.0,20.0,0.0,-29.0,1,8.0,1204,False
15.5,7.0,22.5,1.111077480107435,-13.5,2,9.5,1205,False
7.153846153846154,7.269230769230769,14.423076923076923,5.685859113208282,185.03846153846155,26,2.3076923076923075,1206,False
20.906976744186046,11.44186046511628,32.348837209302324,7.533051537919976,64.53488372093024,43,2.883720930232558,1211,True
12.25,2.25,14.5,2.740697740170174,77.5,4,2.0,24,False
5.0,1.75,6.75,2.586781166670595,76.5,4,5.75,1218,False
3.0,6.5,9.5,1.2944822156393263,11.0,2,8.0,1219,False
2.0,1.5,3.5,2.3306322731554747,6.0,4,6.0,1221,False
27.0,13.2,40.2,3.490632363753133,7.4,5,8.8,1227,False
7.0,3.0,10.0,0.0,17.0,1,3.0,1228,False
16.0,6.0,22.0,0.0,243.0,1,3.0,32,False
11.0,0.5,11.5,1.5701166582527535,9.5,2,3.5,1236,False
4.0,2.1666666666666665,6.166666666666667,2.7891866256749953,160.5,6,3.6666666666666665,1241,False
19.0,1.0,20.0,0.0,20.0,1,3.0,1243,False
9.5,4.0,13.5,1.4931065241349621,0.0,2,5.0,1245,False
10.333333333333334,7.333333333333333,17.666666666666668,1.5854828398515446,7.0,3,2.6666666666666665,1246,False
58.5,42.0,100.5,1.0197106199978463,12.0,2,2.5,1249,False
3.8,1.4,5.2,2.685076598730926,36.0,5,7.4,1250,False
6.5,4.0,10.5,3.8077573562545557,7.25,8,4.125,1251,True
1.0,1.0,2.0,0.0,4.0,1,6.0,1254,False
6.428571428571429,5.142857142857143,11.571428571428571,3.520900798814392,6.0,7,4.142857142857143,1258,True
16.857142857142858,12.428571428571429,29.285714285714285,3.9351990529962686,5.142857142857143,7,4.714285714285714,1261,True
15.285714285714286,3.857142857142857,19.142857142857142,3.951191718660588,8.142857142857142,7,8.142857142857142,1262,True
2.0,2.0,4.0,1.596322538971198,4.0,2,5.0,1264,False
3.5,0.5,4.0,1.207518749639422,46.0,2,3.5,1266,False
10.0,5.0,15.0,2.4534452978042594,1.0,2,3.0,1273,False
21.375,3.75,25.125,4.794650925764931,4.5,8,5.625,1274,False
0.5,0.5,1.0,0.5,1.0,2,2.5,1283,False
2.6666666666666665,1.6666666666666667,4.333333333333333,1.977131384326988,11.333333333333334,3,7.666666666666667,1285,False
8.666666666666666,0.0,8.666666666666666,2.2719723118536757,9.0,3,3.6666666666666665,1286,False
28.785714285714285,5.928571428571429,34.714285714285715,5.077577894999862,0.0,14,0.0,26,False
101.32608695652173,101.78260869565217,203.1086956521739,7.152825636226598,11.782608695652174,46,0.7608695652173914,27,False
145.2,135.2,280.4,6.023687677607583,138.8,5,7.6,1287,False
6.0,1.0,7.0,0.0,0.0,1,0.0,1289,False
1.0,1.0,2.0,0.0,0.0,1,0.0,1294,False
6.75,1.75,8.5,2.338874482035625,18.0,4,5.0,1295,True
37.5,20.5,58.0,4.775391815888087,8.25,4,8.25,1297,True
52.25,0.0,52.25,3.187100116238626,207.25,4,8.5,0,False
28.833333333333332,26.916666666666668,55.75,6.471482908605066,6.083333333333333,12,0.5,40,False
15.0,15.0,30.0,0.0,101.0,1,2.0,1305,False
0.2727272727272727,0.2727272727272727,0.5454545454545454,3.970380683238638,229.36363636363637,33,3.1818181818181817,1314,False
8.5,0.5,9.0,2.1261935808171426,149.5,2,15.0,1,False
17.0,3.25,20.25,2.1077088432679028,44.0,4,11.0,1318,False
4.2,1.0,5.2,2.86645471785263,87.0,5,9.8,1319,False
49.95,51.075,101.025,7.140535950651949,34.8,40,0.85,41,False
64.39285714285714,55.92857142857143,120.32142857142857,7.852616578047183,34.82142857142857,28,0.5357142857142857,42,False
15.4,3.8,19.2,3.0980889803873732,34.0,5,0.4,43,False
23.181818181818183,38.72727272727273,61.90909090909091,4.999615299668383,7.636363636363637,11,0.7272727272727273,46,False
117.63888888888889,235.69444444444446,353.3333333333333,7.353569451655643,89.13888888888889,36,2.4722222222222223,48,False
23.571428571428573,24.285714285714285,47.857142857142854,6.751389014097171,269.2142857142857,14,3.857142857142857,54,False
22.666666666666668,6.0,28.666666666666668,1.8413022539809418,2.0,3,0.6666666666666666,58,False
13.5,6.0,19.5,1.3083040636688108,0.5,2,1.0,59,False
26.75,12.625,39.375,4.486867861359153,43.625,8,0.875,60,False
36.7,1.8,38.5,6.132741078721214,32.3,10,1.7,62,False
93.11111111111111,93.11111111111111,186.22222222222223,7.760377902317491,38.27777777777778,18,1.7777777777777777,1321,False
5.333333333333333,3.7777777777777777,9.11111111111111,4.044909650038414,34.77777777777778,9,1.6666666666666667,28,False
14.5,11.25,25.75,2.6843167803955,48.0,4,4.0,64,False
19.0,12.5,31.5,2.9887081227177927,62.0,4,3.75,65,False
12.84,7.96,20.8,5.826827429633489,25.56,25,0.6,67,False
11.95,12.75,24.7,5.436717880676746,18.3,20,0.8,68,False
260.9,265.3,526.2,6.728781969677574,49.1,10,1.4,1323,False
1.0,1.0,2.0,1.0,806.0,2,2.0,1324,False
335.4,0.0,335.4,3.240779625311587,0.0,5,0.0,0,False
31.0,6.0,37.0,1.4398739600749342,149.0,2,8.0,0,False
6.0,31.0,37.0,1.4398739600749342,0.0,2,9.0,1,False
27.0,2.0,29.0,1.4045356973233127,0.0,2,9.0,2,False
23.0,11.0,34.0,1.8178834356963236,119.5,2,5.5,0,False
4.0,4.0,8.0,0.0,0.0,1,0.0,1,False
73.11111111111111,0.2222222222222222,73.33333333333333,4.229033126587005,28.444444444444443,9,4.222222222222222,0,False
15.666666666666666,19.833333333333332,35.5,3.1421650874480656,0.3333333333333333,6,1.5,6,False
11.666666666666666,0.3333333333333333,12.0,2.436700886496858,56.666666666666664,3,15.333333333333334,0,False
7.6923076923076925,3.5384615384615383,11.23076923076923,4.289061147188361,90.76923076923077,13,2.5384615384615383,69,False
20.0,0.6666666666666666,20.666666666666668,2.6534046055581997,151.0,3,0.6666666666666666,1335,False
55.5,0.0,55.5,2.369802965019317,206.25,4,6.75,0,False
24.5,6.5,31.0,3.0601638086715837,37.5,4,13.5,1,False
10.0,5.0,15.0,0.0,142.0,1,12.0,1345,False
2.0,2.0,4.0,1.0,97.5,2,24.0,7,False
7.0,9.0,16.0,0.0,10.0,1,12.0,9,False
3.0,1.25,4.25,2.239383485555649,251.0,4,13.5,1347,False
14.0,0.25,14.25,3.071791484325128,98.0,4,1.5,0,True
24.0,32.0,56.0,0.0,178.0,1,10.0,2,False
4.0,0.0,4.0,0.0,33.0,1,35.0,1354,False
9.666666666666666,2.0,11.666666666666666,1.5895153651397376,152.0,3,1.6666666666666667,70,False
95.0,18.142857142857142,113.14285714285714,4.039515187592926,443.7142857142857,7,2.7142857142857144,73,False
25.333333333333332,0.0,25.333333333333332,2.8521434890434203,154.0,3,14.333333333333334,0,False
77.85714285714286,0.0,77.85714285714286,4.2074299279955865,374.2857142857143,7,7.714285714285714,1,False
158.69230769230768,0.23076923076923078,158.92307692307693,4.601151365190212,70.76923076923077,13,4.384615384615385,2,False
4.0,4.4,8.4,2.8939468035128257,204.8,5,4.6,4,False
89.33333333333333,0.0,89.33333333333333,1.6705404400145643,0.0,3,0.0,0,False
108.5,0.0,108.5,1.0044407777654147,0.0,2,0.0,2,False
4.0,0.0,4.0,1.207518749639422,308.0,2,7.5,18,False
197.66666666666666,127.0,324.6666666666667,5.482299987160076,526.8333333333334,6,10.333333333333334,0,False
7.666666666666667,2.3333333333333335,10.0,2.673410689561488,156.66666666666666,3,1.3333333333333333,20,False
41.25,0.0,41.25,3.2110381859271557,331.25,4,14.75,0,False
4.0,12.0,16.0,0.0,0.0,1,8.0,1,False
102.66666666666667,22.666666666666668,125.33333333333333,1.9256740307535505,751.0,3,14.666666666666666,0,False
23.0,11.333333333333334,34.333333333333336,2.920097854387459,273.0,3,14.666666666666666,0,False
1.0,4.0,5.0,0.0,304.0,1,4.0,0,False
36.333333333333336,0.0,36.333333333333336,1.793943071484317,39.333333333333336,3,8.333333333333334,1,False
30.75,0.0,30.75,3.4082266902696636,78.75,4,17.75,0,False
14.0,11.0,25.0,0.0,367.0,1,2.0,1,False
28.0,25.0,53.0,0.0,570.0,1,8.0,1366,False
3.0,3.0,6.0,0.0,0.0,1,8.0,1372,False
6.75,3.0,9.75,3.787890351473877,323.75,8,9.625,1380,True
2.4,0.2,2.6,2.6664547178526297,183.0,5,5.0,1383,True
4.4,1.8,6.2,2.3728181912651714,140.4,5,15.2,1392,False
139.33333333333334,0.0,139.33333333333334,1.9009388956546474,317.0,3,4.333333333333333,0,False
123.0,0.0,123.0,1.0609083219320397,371.0,2,10.5,1,False
1.0,0.5,1.5,1.0849625007211563,226.5,2,26.0,1401,False
4.0,2.0,6.0,0.0,829.0,1,1.0,1406,False
4.0,2.0,6.0,0.0,0.0,1,2.0,1409,False
6.0,2.25,8.25,2.628949594915457,78.0,4,14.75,3,False
66.41666666666667,0.42857142857142855,66.8452380952381,7.459088299932382,103.42857142857143,84,1.1547619047619047,0,False
15.666666666666666,2.6666666666666665,18.333333333333332,2.6282158406455607,-0.6666666666666666,3,17.666666666666668,4,False
99.625,2.1875,101.8125,5.2178077094562125,361.5625,16,6.3125,0,False
2.5,3.0,5.5,1.005986320833038,0.0,2,2.0,23,False
20.0,17.0,37.0,0.0,12.0,1,15.0,13,False
42.5,29.0,71.5,1.4707239088224435,518.5,2,9.0,0,False
54.81481481481482,265.8835978835979,320.6984126984127,10.883400785096926,361.48148148148147,189,0.2962962962962963,1412,False
4.666666666666667,0.0,4.666666666666667,2.0333788904284833,35.333333333333336,3,9.0,1,False
113.5,1.0,114.5,2.774562279624461,107.0,2,6.5,3,False
12.0,0.0,12.0,0.0,777.0,1,3.0,1422,False
3.0,12.0,15.0,0.0,0.0,1,1.0,6,False
92.85714285714286,15.428571428571429,108.28571428571429,4.462917349732858,13.428571428571429,7,10.285714285714286,7,False
10.0,0.0,10.0,2.1979643381655696,27.0,2,7.5,153,False
133.71428571428572,1.1428571428571428,134.85714285714286,3.8580426779091943,79.14285714285714,7,13.571428571428571,0,False
9.0,0.0,9.0,0.0,0.0,1,5.0,1,False
2.0,0.0,2.0,0.0,0.0,1,0.0,2,False
146.33333333333334,0.0,146.33333333333334,3.660120305135505,0.3333333333333333,3,18.666666666666668,0,False
91.71428571428571,84.71428571428571,176.42857142857142,3.9520919081465697,62.57142857142857,7,3.2857142857142856,1431,False
20.666666666666668,5.5,26.166666666666668,3.0480494154653823,7.666666666666667,6,14.5,1441,True
183.5,0.0,183.5,4.129136626714476,0.5,6,9.5,10,False
43.0,0.0,43.0,0.0,61.0,1,5.0,0,False
71.4,6.9,78.3,4.761915904275781,174.1,10,11.3,11,False
86.41666666666667,85.41666666666667,171.83333333333334,5.044164484512774,201.58333333333334,12,9.583333333333334,12,False
73.375,8.375,81.75,4.409069370347318,64.75,8,9.0,13,False
5.4,9.4,14.8,4.219196422635556,514.8,5,3.4,1445,False
7.0,11.0,18.0,0.0,121.0,1,11.0,1447,False
18.0,22.0,40.0,0.0,809.0,1,3.0,1449,False
37.333333333333336,37.0,74.33333333333333,2.674350194000293,209.0,3,5.333333333333333,1450,False
38.5,39.5,78.0,1.6124224206601923,341.5,2,8.0,1451,False
60.0,0.25,60.25,2.2593656674948015,1149.75,4,3.0,0,False
41.0,7.8,48.8,2.4537283387747277,1.2,5,3.2,2,False
15.696428571428571,8.410714285714286,24.107142857142858,7.350417132872117,411.67857142857144,56,4.089285714285714,1455,False
14.666666666666666,2.0,16.666666666666668,2.513083715515138,2.6666666666666665,3,3.0,5,False
27.75,7.5,35.25,3.0479281079737968,0.25,4,14.75,2,False
5.5,3.3333333333333335,8.833333333333334,3.132944519841375,140.5,6,2.8333333333333335,1465,True
24.9375,7.8125,32.75,5.462250734548901,293.875,16,6.25,1467,True
15.5,20.5,36.0,1.0089609539986313,354.5,2,8.0,1472,False
7.0,4.0,11.0,2.263272907247917,0.0,2,29.0,1483,False
19.0,14.5,33.5,1.2984515021473708,162.5,2,12.0,1495,False
5.0,4.0,9.0,0.0,1394.0,1,2.0,1498,False
6.777777777777778,1.8888888888888888,8.666666666666666,5.121206855924039,21.11111111111111,9,9.666666666666666,1509,False
4.333333333333333,1.3333333333333333,5.666666666666667,2.030821174102902,0.3333333333333333,3,9.666666666666666,1510,False
22.0,2.5,24.5,1.179527484323506,431.5,2,2.0,1512,False
18.555555555555557,18.555555555555557,37.111111111111114,5.017977686067282,314.6666666666667,9,11.11111111111111,1515,False
40.0,5.0,45.0,0.0,859.0,1,1.0,1516,False
6.75,4.0,10.75,4.078185399007408,314.0,4,2.0,1517,True
3.0,0.0,3.0,1.7799500009615417,286.3333333333333,3,6.666666666666667,0,False
1.3333333333333333,1.3333333333333333,2.6666666666666665,1.6666666666666667,337.0,3,7.333333333333333,1522,False
10.0,0.5,10.5,1.7683536660569674,701.0,2,0.5,1524,False
171.83333333333334,0.16666666666666666,172.0,4.81724412659757,125.33333333333333,6,14.166666666666666,0,False
21.0,7.5,28.5,1.0849625007211563,0.0,2,4.0,1,False
19.0,9.0,28.0,0.0,221.0,1,7.0,8,False
20.0,0.0,20.0,0.0,0.0,1,0.0,10,False
141.5,0.0,141.5,1.0616551813566368,0.0,2,0.0,11,False
46.0,0.0,46.0,3.269664635957665,2.5,2,29.0,12,False
38.0,47.0,85.0,0.0,0.0,1,0.0,13,False
232.0,0.0,232.0,0.0,0.0,1,0.0,0,False
198.75,0.625,199.375,4.095124171623225,367.25,8,9.875,1,False
136.13333333333333,4.866666666666666,141.0,5.000003596856547,427.8,15,8.2,2,False
5.0,1.5,6.5,1.0394756706974109,89.5,2,10.5,1,False
12.0,2.0,14.0,1.207518749639422,125.5,2,9.5,2,False
4.92,4.92,9.84,6.404266351591628,668.26,50,4.86,1541,False
8.0,4.0,12.0,1.8552466914025074,392.5,2,5.0,1544,False
189.5,103.83333333333333,293.3333333333333,4.419738687746259,396.6666666666667,6,17.166666666666668,3,False
164.83333333333334,111.0,275.8333333333333,5.1973682601585764,144.83333333333334,6,17.833333333333332,4,False
10.333333333333334,3.0,13.333333333333334,2.5419780939258207,178.0,3,24.333333333333332,1551,False
23.333333333333332,4.0,27.333333333333332,2.814433131258214,58.666666666666664,3,22.0,1553,False
11.5,0.16666666666666666,11.666666666666666,3.1046693623165535,137.83333333333334,6,18.5,1556,False
36.0,0.0,36.0,0.0,0.0,1,0.0,1562,False
3.5,3.3333333333333335,6.833333333333333,3.1780827384429453,353.0,6,1.5,24,False
9.266666666666667,3.066666666666667,12.333333333333334,5.070734419768608,316.4,15,2.4,25,False
49.666666666666664,4.888888888888889,54.55555555555556,4.071158129312067,26.333333333333332,9,7.888888888888889,17,False
49.5,2.1666666666666665,51.666666666666664,3.545056799613366,403.5,6,17.166666666666668,5,False
20.78787878787879,20.575757575757574,41.36363636363637,6.659287606158031,381.5151515151515,33,5.818181818181818,18,False
38.25,0.0,38.25,3.0841250188434017,402.75,4,15.5,6,False
136.8,0.0,136.8,3.7178867368546507,-0.4,5,12.0,7,False
25.678571428571427,15.607142857142858,41.285714285714285,5.805927486590201,301.7142857142857,28,4.571428571428571,19,False
220.0,61.25,281.25,3.6173575923179335,78.75,4,22.25,8,False
90.28571428571429,18.142857142857142,108.42857142857143,4.208629486770073,110.42857142857143,7,14.285714285714286,9,False
29.647058823529413,26.0,55.64705882352941,8.523768113875704,408.02941176470586,102,4.068627450980392,22,False
29.73972602739726,27.52054794520548,57.26027397260274,7.577362974723494,409.2328767123288,73,2.863013698630137,23,False
154.5,25.75,180.25,3.0932815432849115,838.0,4,3.0,10,False
7.0,0.0,7.0,1.8073549220576044,229.0,3,1.6666666666666667,3,False
1.3333333333333333,0.6666666666666666,2.0,1.723308333814104,0.6666666666666666,3,21.333333333333332,4,False
15.428571428571429,4.142857142857143,19.571428571428573,4.288829296395322,296.7142857142857,7,8.142857142857142,5,True
0.4,0.4,0.8,1.6,370.8,5,3.2,8,False
8.7,2.4,11.1,4.2655941429031765,66.8,10,10.8,1577,True
29.428571428571427,15.571428571428571,45.0,4.557728186698881,454.14285714285717,7,11.0,1,False
43.0,42.0,85.0,1.0015992192121905,0.0,2,0.0,163,False
68.0,67.5,135.5,3.3782555281036943,292.5,4,1.25,4,False
23.8,26.4,50.2,2.917452519646422,126.0,5,2.0,5,False
35.0,10.333333333333334,45.333333333333336,1.995785092757438,84.0,3,3.6666666666666665,6,False
14.541666666666666,23.625,38.166666666666664,5.773874917003112,202.04166666666666,24,4.75,8,False
64.25,43.25,107.5,3.7302257372906196,442.5,8,15.125,27,False
8.0,4.333333333333333,12.333333333333334,2.654341393233891,94.0,3,27.0,29,False
8.625,12.125,20.75,3.7731805686070103,544.0,8,13.75,30,False
16.5,13.0,29.5,2.954028002247835,1040.75,4,17.25,31,False
82.81818181818181,67.0909090909091,149.9090909090909,4.926697806116203,464.09090909090907,11,13.454545454545455,32,False
346.5,321.0,667.5,2.2485175194308,20.0,2,1.5,9,False
73.0,13.75,86.75,4.1262172481016774,179.25,4,1.25,10,False
7.75,16.5,24.25,3.0669486020349295,96.0,4,17.5,12,False
49.4,10.2,59.6,3.7752244435502744,202.4,5,4.4,13,False
187.0,21.5,208.5,4.6593387491241565,272.2,10,2.6,14,False
2.5,2.0,4.5,1.6699250014423126,432.5,2,32.5,15,False
100.14285714285714,13.428571428571429,113.57142857142857,4.383707987742495,46.142857142857146,7,11.0,16,False
11.0,2.0,13.0,1.0172786110181842,265.0,2,3.5,18,False
14.8,0.2,15.0,3.243856189774725,10.2,5,20.2,5,False
30.333333333333332,1.3333333333333333,31.666666666666668,3.0267367349710774,-4.333333333333333,3,24.0,0,False
48.35294117647059,7.573529411764706,55.9264705882353,6.904644847980442,139.6764705882353,68,1.4852941176470589,22,False
9.5,5.75,15.25,2.3783739961556485,492.5,4,8.75,4,False
57.611111111111114,13.333333333333334,70.94444444444444,6.526061202372144,20.72222222222222,18,1.6111111111111112,26,False
61.666666666666664,0.0,61.666666666666664,2.5227709044056366,45.0,3,9.0,35,False
1082.4285714285713,0.0,1082.4285714285713,6.252825910216319,41.142857142857146,7,13.857142857142858,36,False
17.285714285714285,13.357142857142858,30.642857142857142,8.407069603365718,148.5,28,6.25,38,True
19.25,0.5,19.75,2.7894097184773785,70.75,4,26.5,40,False
21.5,0.0,21.5,2.730106043312718,49.0,2,11.5,45,False
10.4,17.8,28.2,3.658842416758391,70.0,5,7.2,49,False
14.0,0.0,14.0,0.0,0.0,1,0.0,57,False
5.5,2.25,7.75,2.356116954692185,82.25,4,5.75,59,False
202.8,0.1,202.9,4.557830689692807,86.5,10,16.0,3,False
99.0,1.25,100.25,2.190392424372712,62.0,4,13.25,5,False
92.66666666666667,0.6666666666666666,93.33333333333333,2.2219117632784795,45.666666666666664,3,11.0,7,False
30.25,23.75,54.0,2.4600803072216832,142.5,4,13.0,12,False
13.333333333333334,23.0,36.333333333333336,2.116664375776982,54.666666666666664,3,14.0,17,False
56.75,0.25,57.0,3.441391374394197,196.75,4,21.5,0,False
35.75,4.0,39.75,2.261167519575074,806.25,4,2.75,95,False
1.0,3.0,4.0,0.0,3.0,1,24.0,0,False
1.5,0.0,1.5,1.0849625007211563,469.0,2,15.0,99,False
4.0,4.0,8.0,1.207518749639422,70.5,2,47.5,102,False
3.3333333333333335,0.3333333333333333,3.6666666666666665,1.995325811044377,102.33333333333333,3,25.666666666666668,111,False
47.0,2.5454545454545454,49.54545454545455,4.917404304724876,276.3636363636364,11,10.545454545454545,122,False
4.0,2.0,6.0,1.0,8.0,2,51.0,127,False
128.8,1.2,130.0,4.155611512902224,142.4,5,22.4,0,False
21.0,20.0,41.0,1.1036546845187356,326.5,2,5.0,177,False
7.0,1.0,8.0,0.0,383.0,1,6.0,189,False
156.25,107.5,263.75,4.539616477539693,293.25,8,13.625,193,False
10.666666666666666,2.3333333333333335,13.0,2.9089745465472596,39.0,3,26.666666666666668,0,False
0.3157894736842105,0.3157894736842105,0.631578947368421,3.3962802638410943,316.36842105263156,19,5.894736842105263,233,False
28.375,13.875,42.25,4.31946265772724,585.5,8,4.0,238,False
37.0,9.0,46.0,0.0,1289.0,1,5.0,239,False
59.5,3.6666666666666665,63.166666666666664,3.7270380018010063,245.66666666666666,6,9.0,245,True
148.5,0.9166666666666666,149.41666666666666,6.039068306838079,447.8333333333333,12,9.583333333333334,0,False
286.125,183.125,469.25,6.340786657531514,30.125,8,4.0,263,False
26.5,2.5,29.0,1.0913161289746551,354.5,2,7.5,267,False
27.0,16.0,43.0,0.0,417.0,1,12.0,0,False
24.75,22.5,47.25,2.832879007466092,297.75,4,6.75,291,False
2.6285714285714286,1.9714285714285715,4.6,6.752177836664013,546.1857142857143,70,5.171428571428572,298,False
48.25,0.0,48.25,3.3993783937876674,442.0,4,13.25,300,False
91.25,0.0,91.25,3.525771978834367,208.0,4,21.0,9,False
138.66666666666666,0.0,138.66666666666666,3.628115332913081,0.0,3,28.0,3,False
6.0,2.5,8.5,1.13401754344608,0.0,2,0.0,4,False
0.43243243243243246,1.3243243243243243,1.7567567567567568,5.329730991881591,474.8378378378378,37,7.054054054054054,309,True
24.666666666666668,7.0,31.666666666666668,3.8722698946909966,2.3333333333333335,3,28.333333333333332,10,False
1.0,1.0,2.0,0.0,32.0,1,6.0,323,False
44.25,0.0,44.25,3.4117276638126257,2.25,4,21.25,12,False
11.0,4.0,15.0,0.0,20.0,1,28.0,331,False
221.33333333333334,10.666666666666666,232.0,3.836499865689555,460.3333333333333,3,38.666666666666664,0,False
257.6,0.0,257.6,3.7420014585497463,67.4,5,19.2,6,False
2.5,2.5,5.0,2.383206219346495,83.25,4,29.75,344,False
28.0,0.75,28.75,3.077917878453955,15.75,4,29.25,9,False
329.54545454545456,179.36363636363637,508.90909090909093,7.883222547189371,346.3636363636364,11,13.090909090909092,382,False
1.3,1.2,2.5,3.443856189774724,700.6,10,16.4,0,False
122.66666666666667,0.4444444444444444,123.11111111111111,4.252401635587942,601.8888888888889,9,16.0,0,False
61.111111111111114,3.0,64.11111111111111,4.624156448064679,632.2222222222222,9,15.222222222222221,411,False
5.777777777777778,2.3333333333333335,8.11111111111111,4.684186027170769,507.44444444444446,9,6.555555555555555,417,False
73.25,1.25,74.5,3.12136077028629,256.25,4,35.25,453,False
3.0,1.0,4.0,0.0,178.0,1,6.0,456,False
27.5,18.0,45.5,4.35088862228113,634.3333333333334,6,23.666666666666668,459,False
0.45454545454545453,0.45454545454545453,0.9090909090909091,3.977157072127311,984.0909090909091,22,9.772727272727273,473,False
68.8,1.0,69.8,3.2873228000785266,996.8,5,23.6,36,False
73.25,1.25,74.5,3.12136077028629,-15.25,4,36.5,514,False
3.0,1.0,4.0,0.0,-256.0,1,9.0,517,False
27.5,18.0,45.5,4.35088862228113,617.8333333333334,6,23.833333333333332,520,False
0.45454545454545453,0.45454545454545453,0.9090909090909091,3.977157072127311,984.0909090909091,22,9.863636363636363,534,False
68.8,1.0,69.8,3.2873228000785266,996.8,5,23.6,59,False
