a09346f129234819bdd3d89b2421c3649b3403e9,07580f0f7e1b7dd78cc6e5c5155e67bab8da21f8
a09346f129234819bdd3d89b2421c3649b3403e9,7ab5eb4cafdea695c4c53ce2a737f6302afd6380
a09346f129234819bdd3d89b2421c3649b3403e9,5abe5843e2b659ed21ca87abfa5b549394a1ca0e
33f82c569c8e17bd097d38f93f8663363999703b,d7f5153cd8d164fda9008c1cda51278a2dcbec9c
33f82c569c8e17bd097d38f93f8663363999703b,d7f5153cd8d164fda9008c1cda51278a2dcbec9c
98b8a176458806172441c55d3754b2e9ad76d981,07580f0f7e1b7dd78cc6e5c5155e67bab8da21f8
98b8a176458806172441c55d3754b2e9ad76d981,5abe5843e2b659ed21ca87abfa5b549394a1ca0e
98b8a176458806172441c55d3754b2e9ad76d981,5abe5843e2b659ed21ca87abfa5b549394a1ca0e
309de462bd73d39f44473d79471e2e6a41c0960c,06ce56815510d85d958938ce62e91bf78911207e
309de462bd73d39f44473d79471e2e6a41c0960c,07580f0f7e1b7dd78cc6e5c5155e67bab8da21f8
2185dd298a788c2b713ea17878fd36e06205b4da,0176ac488e57b77dfa82984c114901d884e90b53
2185dd298a788c2b713ea17878fd36e06205b4da,099be9b35634851b178e990c47358c2129c0dd7d
a09346f129234819bdd3d89b2421c3649b3403e9,07580f0f7e1b7dd78cc6e5c5155e67bab8da21f8
a09346f129234819bdd3d89b2421c3649b3403e9,7ab5eb4cafdea695c4c53ce2a737f6302afd6380
a09346f129234819bdd3d89b2421c3649b3403e9,5abe5843e2b659ed21ca87abfa5b549394a1ca0e
33f82c569c8e17bd097d38f93f8663363999703b,d7f5153cd8d164fda9008c1cda51278a2dcbec9c
33f82c569c8e17bd097d38f93f8663363999703b,d7f5153cd8d164fda9008c1cda51278a2dcbec9c
98b8a176458806172441c55d3754b2e9ad76d981,07580f0f7e1b7dd78cc6e5c5155e67bab8da21f8
98b8a176458806172441c55d3754b2e9ad76d981,5abe5843e2b659ed21ca87abfa5b549394a1ca0e
98b8a176458806172441c55d3754b2e9ad76d981,5abe5843e2b659ed21ca87abfa5b549394a1ca0e
309de462bd73d39f44473d79471e2e6a41c0960c,06ce56815510d85d958938ce62e91bf78911207e
309de462bd73d39f44473d79471e2e6a41c0960c,07580f0f7e1b7dd78cc6e5c5155e67bab8da21f8
2185dd298a788c2b713ea17878fd36e06205b4da,0176ac488e57b77dfa82984c114901d884e90b53
2185dd298a788c2b713ea17878fd36e06205b4da,099be9b35634851b178e990c47358c2129c0dd7d
d0ed21531ae1465389bb11589faecbd4d261f542,d7f5153cd8d164fda9008c1cda51278a2dcbec9c
dff490d140010913d3209a2f3e987914b9c4eee4,099be9b35634851b178e990c47358c2129c0dd7d
1d683faf1dc89e4950e7e1f5c5a67f9a7ca1ee24,16359ec8eeb601f9e9e20a0cc01b6c4e46627d3a
0599af2282ffbf636604bce1cb4c049201fed393,29ff30c539469bf2928fe90bdc31d1c3b2c19356
ae615c33d6b311d8e881e6ad4c647f618fae0590,d7f5153cd8d164fda9008c1cda51278a2dcbec9c
23feaa56cf0762e7407ae896e42e9f921b10c7b0,d7f5153cd8d164fda9008c1cda51278a2dcbec9c
abb4590285bd92bf4e6367a3ccef12137b4a75b6,d7f5153cd8d164fda9008c1cda51278a2dcbec9c
abb4590285bd92bf4e6367a3ccef12137b4a75b6,d7f5153cd8d164fda9008c1cda51278a2dcbec9c
e27610819d646ebad066e433866d437ff5e821c4,61cb2686a2e9b95ce3c6bb98807a671d5dd7240b
e27610819d646ebad066e433866d437ff5e821c4,d7f5153cd8d164fda9008c1cda51278a2dcbec9c
e27610819d646ebad066e433866d437ff5e821c4,d7f5153cd8d164fda9008c1cda51278a2dcbec9c
e27610819d646ebad066e433866d437ff5e821c4,d7f5153cd8d164fda9008c1cda51278a2dcbec9c
e27610819d646ebad066e433866d437ff5e821c4,d7f5153cd8d164fda9008c1cda51278a2dcbec9c
d37baa78f11f36aa5fb84307cc29ebe2bf444a33,4c998fd05d9b7bad9b5db0fb48aba0e4d6f4fa7e
d37baa78f11f36aa5fb84307cc29ebe2bf444a33,4c998fd05d9b7bad9b5db0fb48aba0e4d6f4fa7e
6c3d96647717d0b4356b84cefad4a14e09feed37,d7f5153cd8d164fda9008c1cda51278a2dcbec9c
6c3d96647717d0b4356b84cefad4a14e09feed37,d7f5153cd8d164fda9008c1cda51278a2dcbec9c
9883da167be2d5f4e594daac63baf20cab99b164,b421b5f4bd856f8a79f887c6a9197663316ffdbf
9883da167be2d5f4e594daac63baf20cab99b164,0b266458eacbf0910b7081fcb2a3d657e09a2f02
9883da167be2d5f4e594daac63baf20cab99b164,0b266458eacbf0910b7081fcb2a3d657e09a2f02
9883da167be2d5f4e594daac63baf20cab99b164,b421b5f4bd856f8a79f887c6a9197663316ffdbf
9883da167be2d5f4e594daac63baf20cab99b164,0b266458eacbf0910b7081fcb2a3d657e09a2f02
9883da167be2d5f4e594daac63baf20cab99b164,b421b5f4bd856f8a79f887c6a9197663316ffdbf
9883da167be2d5f4e594daac63baf20cab99b164,0b266458eacbf0910b7081fcb2a3d657e09a2f02
40c588e0dedb339f42f972424a4ca95fb3bc5708,fe3ae9dce81084b9389d755381b9c6e4ce0f0e4c
a3b08048674e324dbe1f0ca816f35607e9e06a2f,d7f5153cd8d164fda9008c1cda51278a2dcbec9c
94ba059679aecb25b5e18266d62aab122b7e283b,bf5e73e46c6e6fd704a3a0d366bcace680296ab2
38678f75b4dde9d238a19acbc28ed344a252a927,a257083d2bfeb6497dd5c2c99f2fe139a32c04e5
34989c88e01e9665c4a91880a03e3c09984b40b5,b421b5f4bd856f8a79f887c6a9197663316ffdbf
34989c88e01e9665c4a91880a03e3c09984b40b5,b421b5f4bd856f8a79f887c6a9197663316ffdbf
34989c88e01e9665c4a91880a03e3c09984b40b5,e34761ff25916c44b03fb370fa6146765e2b2495
a257083d2bfeb6497dd5c2c99f2fe139a32c04e5,4c998fd05d9b7bad9b5db0fb48aba0e4d6f4fa7e
a257083d2bfeb6497dd5c2c99f2fe139a32c04e5,4c998fd05d9b7bad9b5db0fb48aba0e4d6f4fa7e
00266693b38aa4b055dc6f0fdba7d12a08e23d7e,27fca36a9a177c8b232201b9673a933e15844710
93f4bb23e27f1e61592e630a5f350ebadae8b769,3a825c036065783aae6fb734028f986dbead80d7
afd836957f7f23fb4a4b52e9b14ab85f01aa9421,9ad193c35b2c030beff4e364c26700e97539423e
c5321e85147b007dc810a1065b05b48dbe96769f,b421b5f4bd856f8a79f887c6a9197663316ffdbf
94cb4bf90c7c4c26500cdec190d3988b9bdf0092,95c192619372e6b3dfdc55aeafa8f44faf013ecf
229fa32ab6c530d1d7fe8c8d4fe6930a8a8eab7d,d07ab35bfbdfcddd9d26840842335a7d241f77e3
25e4265fc7dcbd3b7f84e7cc36db32c3e2f31992,952076e2bf9c6dc7ead068a2b83fe78af8f92557
7935174d48b698edfaeea14bf8ea690106ee56f4,5c0da011cbaa788c52519f8091157ca6d87d8abb
7935174d48b698edfaeea14bf8ea690106ee56f4,5c0da011cbaa788c52519f8091157ca6d87d8abb
8bc02fdd52124d0a24d96e4a61d7688328ef1660,534bbfac8ffae277a80bae9063b2837382f5f773
8bc02fdd52124d0a24d96e4a61d7688328ef1660,3a825c036065783aae6fb734028f986dbead80d7
f8bf65b8fdd6bc66b45caf15f34a50dc20fb8a8c,b421b5f4bd856f8a79f887c6a9197663316ffdbf
c65267ca6ffdf68e9846c0cf912d23162e671758,e34761ff25916c44b03fb370fa6146765e2b2495
c65267ca6ffdf68e9846c0cf912d23162e671758,e34761ff25916c44b03fb370fa6146765e2b2495
c65267ca6ffdf68e9846c0cf912d23162e671758,e34761ff25916c44b03fb370fa6146765e2b2495
c65267ca6ffdf68e9846c0cf912d23162e671758,06ce56815510d85d958938ce62e91bf78911207e
baa66f63d8af2b772dea8ff8eda50eba264c3faf,1aeac1c62528004d994200664368dc85fba1795d
80857f295c17e5f8966b3d1c1207d3c4570a1b26,14dc219810bb65809ee7be9fd796bda1b63eaee1
a0d87408782fcf191988612198493d9130736c72,d7f5153cd8d164fda9008c1cda51278a2dcbec9c
76ce30fb33daf3b601f1a991f615c28807f6ceec,86af90fac571afbd02948ee944b11b410b6929e5
1dc03f4858029c470dc769a7b49c5cbf75644bd7,efa4d3c2228ac08712f1578c4a1411a1f51e137c
bdb4278523141ad747c3555e0837bdf5ac612a2e,d0dd1aed29efd938dfaf2c741b4d4034d3019772
299c9849645c24c8ceb802893e5cdddd25413f1b,3c1114eea72d4d1766443cc9ff4505d3eefdfa75
299c9849645c24c8ceb802893e5cdddd25413f1b,3c1114eea72d4d1766443cc9ff4505d3eefdfa75
299c9849645c24c8ceb802893e5cdddd25413f1b,3c1114eea72d4d1766443cc9ff4505d3eefdfa75
299c9849645c24c8ceb802893e5cdddd25413f1b,d0dd1aed29efd938dfaf2c741b4d4034d3019772
299c9849645c24c8ceb802893e5cdddd25413f1b,d0dd1aed29efd938dfaf2c741b4d4034d3019772
769d51824e212ed36098a61548470e45eb247f42,44bfc4be447680096f01fd00a1344c2cd398a981
59b96fe9a3e89afc69725408b1bffa776ab9bd1e,06ce56815510d85d958938ce62e91bf78911207e
07fe994e262723b94263c848ca1733071dcd92cc,3c1114eea72d4d1766443cc9ff4505d3eefdfa75
42dcfab2a93da27ab1fdbde9d236bf96039e65b8,bc7c85f1534668cad7b708eb36bacd63aa426412
5e68a98c3dd108b6db858c91e56a864423644b8e,e6f7d69428a4b3344ee5205c11bca58cbb4317fc
81a6b6ed3c54498f6f2148c106846352405949bf,d7f5153cd8d164fda9008c1cda51278a2dcbec9c
94e8ccf9c02318eb407d3ce58e5e14a273967375,5f2edfcca55e34192e34bd73f994a257ccef34d1
94e8ccf9c02318eb407d3ce58e5e14a273967375,5f2edfcca55e34192e34bd73f994a257ccef34d1
7c8e266e390de71ce39233b53a369b2c5e8a1c14,d7f5153cd8d164fda9008c1cda51278a2dcbec9c
46120bc38a79556f32d20a0fb0b9da60f79f3ad0,0b266458eacbf0910b7081fcb2a3d657e09a2f02
3809f2795ab0e044e2063bf53395fd27ae34b43e,bc7c85f1534668cad7b708eb36bacd63aa426412
3809f2795ab0e044e2063bf53395fd27ae34b43e,bc7c85f1534668cad7b708eb36bacd63aa426412
bd8e6cd2e4270981cd93c926cef062f4a302d45a,e6f7d69428a4b3344ee5205c11bca58cbb4317fc
bd8e6cd2e4270981cd93c926cef062f4a302d45a,e6f7d69428a4b3344ee5205c11bca58cbb4317fc
4b59360a59a8eb83bd6878559ef2b7a5392a8b10,27fca36a9a177c8b232201b9673a933e15844710
5789e6776019b2cc25e18709e372aca830bf495f,3a825c036065783aae6fb734028f986dbead80d7
fc9c53d62128ab19b8071859c0414681988fcfdb,bc7c85f1534668cad7b708eb36bacd63aa426412
b8ca677d704fa7976ba3562c3de6341d2456cda1,7f278888782cc82ea4981e08399f60d3b869c4bc
09aefa191b224f856c2a7ac5e4cee16a67f6a7a2,a15e7234760b3007a4cc010b6f821ba7202b13ce
21977f895ad7349a6bff210d805fcabff790d215,bf5e73e46c6e6fd704a3a0d366bcace680296ab2
60e00d9d96d7b186c1d4c1542caddc1b74eeb3da,d7f5153cd8d164fda9008c1cda51278a2dcbec9c
60e00d9d96d7b186c1d4c1542caddc1b74eeb3da,d7f5153cd8d164fda9008c1cda51278a2dcbec9c
15b38958b007977023f7c4424e26fbaf707eb607,b421b5f4bd856f8a79f887c6a9197663316ffdbf
4bda2dbbfc1873b8355811af038e8fe8a2e2605a,4a80dceac7e35b669301c7aa8180dcd0348f4e93
55276a9b104781b49b66938d71aac385bdd236e5,7b35f427fd66cb0f36921b992095fe5b3c14d8b9
55276a9b104781b49b66938d71aac385bdd236e5,7b35f427fd66cb0f36921b992095fe5b3c14d8b9
7b35f427fd66cb0f36921b992095fe5b3c14d8b9,099be9b35634851b178e990c47358c2129c0dd7d
7b35f427fd66cb0f36921b992095fe5b3c14d8b9,1aeac1c62528004d994200664368dc85fba1795d
7b35f427fd66cb0f36921b992095fe5b3c14d8b9,14b4668947789220617d6f54bb2fcdcfae844497
7b35f427fd66cb0f36921b992095fe5b3c14d8b9,1aeac1c62528004d994200664368dc85fba1795d
7b35f427fd66cb0f36921b992095fe5b3c14d8b9,1aeac1c62528004d994200664368dc85fba1795d
7b35f427fd66cb0f36921b992095fe5b3c14d8b9,1aeac1c62528004d994200664368dc85fba1795d
7b35f427fd66cb0f36921b992095fe5b3c14d8b9,099be9b35634851b178e990c47358c2129c0dd7d
7b35f427fd66cb0f36921b992095fe5b3c14d8b9,1aeac1c62528004d994200664368dc85fba1795d
7b35f427fd66cb0f36921b992095fe5b3c14d8b9,14b4668947789220617d6f54bb2fcdcfae844497
7b35f427fd66cb0f36921b992095fe5b3c14d8b9,099be9b35634851b178e990c47358c2129c0dd7d
7b35f427fd66cb0f36921b992095fe5b3c14d8b9,1aeac1c62528004d994200664368dc85fba1795d
7b35f427fd66cb0f36921b992095fe5b3c14d8b9,099be9b35634851b178e990c47358c2129c0dd7d
6c17780a6bf7615d43e00e4e6c8e5fa4ddef0301,5abe5843e2b659ed21ca87abfa5b549394a1ca0e
c80192c2ab6ab642ba64be86071711894f263090,0b266458eacbf0910b7081fcb2a3d657e09a2f02
6a10feacda3c37fc30f6008d3f4833471435d766,b421b5f4bd856f8a79f887c6a9197663316ffdbf
f107d3b78c95ed0313b39e55976cf6b6be36775e,3a825c036065783aae6fb734028f986dbead80d7
db9fab4473519c6dc6803cd8985239902742c4ce,3a825c036065783aae6fb734028f986dbead80d7
b6333f79e1194e2fa59709d6e32e9f080124fac7,0090ab32c2aeffed76ff58931930fe40a45e6ebc
cafbf67d0dc8b3674c82b86c9e9724ee4363890e,84f5ebe4f941e752ba96b4d4a75dc6c6f5faa665
111cb3238216b40d934d3f9031114e76c436e2e8,054d2fc172dd9a8018303969ef1ce08e697e38d4
30c1196d7da14dd91cbeeb1d495e9fec6a19ea19,3a825c036065783aae6fb734028f986dbead80d7
30c1196d7da14dd91cbeeb1d495e9fec6a19ea19,3a825c036065783aae6fb734028f986dbead80d7
30c1196d7da14dd91cbeeb1d495e9fec6a19ea19,3a825c036065783aae6fb734028f986dbead80d7
47afa7c94535a9b64db88b400c1d8aa2a09d4745,e622d51e20ea53160ed534e4d2c2d968d5e5d66d
47afa7c94535a9b64db88b400c1d8aa2a09d4745,e622d51e20ea53160ed534e4d2c2d968d5e5d66d
a60e58126741faa141b7aab1a67e4d483060ad7e,84f5ebe4f941e752ba96b4d4a75dc6c6f5faa665
50fe8119de397794c566e77588e0a2f76b5fa112,099be9b35634851b178e990c47358c2129c0dd7d
50fe8119de397794c566e77588e0a2f76b5fa112,14b4668947789220617d6f54bb2fcdcfae844497
9b0adb5ad132b8ff37e707a4943411d92b4e58dc,d7f5153cd8d164fda9008c1cda51278a2dcbec9c
9b0adb5ad132b8ff37e707a4943411d92b4e58dc,d7f5153cd8d164fda9008c1cda51278a2dcbec9c
9b0adb5ad132b8ff37e707a4943411d92b4e58dc,d7f5153cd8d164fda9008c1cda51278a2dcbec9c
0ccedf3964b1ebff43e4631d1e60b3e733096e56,d7f5153cd8d164fda9008c1cda51278a2dcbec9c
751d0e75b09fca07d518d90ec7fef9a463a51d00,c075a240cd4037e61b83f206d6a43e1f64735f2f
751d0e75b09fca07d518d90ec7fef9a463a51d00,4ec51616859e56edfd9cb2274569aae1b4dcacea
bc7c85f1534668cad7b708eb36bacd63aa426412,6bc0c108ebd87216b327dbafc6f3f7c7d72e1222
bc7c85f1534668cad7b708eb36bacd63aa426412,6bc0c108ebd87216b327dbafc6f3f7c7d72e1222
bc7c85f1534668cad7b708eb36bacd63aa426412,6bc0c108ebd87216b327dbafc6f3f7c7d72e1222
bc7c85f1534668cad7b708eb36bacd63aa426412,6bc0c108ebd87216b327dbafc6f3f7c7d72e1222
bc7c85f1534668cad7b708eb36bacd63aa426412,6bc0c108ebd87216b327dbafc6f3f7c7d72e1222
bc7c85f1534668cad7b708eb36bacd63aa426412,6bc0c108ebd87216b327dbafc6f3f7c7d72e1222
bc7c85f1534668cad7b708eb36bacd63aa426412,6bc0c108ebd87216b327dbafc6f3f7c7d72e1222
2198203ddb4e474e9ae7e8dbd46b19f75bae83fd,3a825c036065783aae6fb734028f986dbead80d7
103ec2f770dbb785ef4bc26f8662c74edded796a,0c49c1f3325f50f9240757843cc1cf17c75a87dd
0a6876374385f50369ffd50eb07cfa04dd8ae20b,84f5ebe4f941e752ba96b4d4a75dc6c6f5faa665
2a8c188701bb67ab1b2e74dffb0110813426dc70,e6f7d69428a4b3344ee5205c11bca58cbb4317fc
2dadb9e2b0ba26223ed83a30af620ce3e62e245f,534bbfac8ffae277a80bae9063b2837382f5f773
40e8a5f685376300aa5365de4557cd395996b9a2,305058178e144d4709606ea42d0edb9d864b33c5
62591ac840840e48b4bb1e700ec58f1f497cf828,b421b5f4bd856f8a79f887c6a9197663316ffdbf
44be1f1516471156a691e0f23e80fe75c712e161,b421b5f4bd856f8a79f887c6a9197663316ffdbf
84f5ebe4f941e752ba96b4d4a75dc6c6f5faa665,4a80dceac7e35b669301c7aa8180dcd0348f4e93
2b9f7bada36c3c35a0fa541e488eebe4f1a158ad,f98880b1a3f8438b051c954b406901224220814e
c8ec2ae60cb69773b95dc556b5253d1a48b4f2ba,b421b5f4bd856f8a79f887c6a9197663316ffdbf
83969c26fbc623d65113a77fd89810dc2f03d6c5,b421b5f4bd856f8a79f887c6a9197663316ffdbf
14b455f69a30d128db384749347f41b03b9a6000,efa4d3c2228ac08712f1578c4a1411a1f51e137c
ff9323a0b0474033cac01d235dec59b9b17e2c80,e6f7d69428a4b3344ee5205c11bca58cbb4317fc
6e7ce9c0823d0c9966511fd47586d29393c7a934,e6f7d69428a4b3344ee5205c11bca58cbb4317fc
06ce56815510d85d958938ce62e91bf78911207e,959fdf60495b59bf2ccf40cbfd554f3c24564e17
06ce56815510d85d958938ce62e91bf78911207e,9ad193c35b2c030beff4e364c26700e97539423e
a679f592cd1803e8f3b847c858bb7117a1e1b1f2,1aeac1c62528004d994200664368dc85fba1795d
a679f592cd1803e8f3b847c858bb7117a1e1b1f2,099be9b35634851b178e990c47358c2129c0dd7d
01d0cd540c90a229429f443cbaa6cbbd7d0aa542,5c0da011cbaa788c52519f8091157ca6d87d8abb
42e35b3b56141892c6218cbc018dc914a678bc67,1de206f36f5fa19ca0033ed5e3edea1d7fe546dc
a15eecf6bd9f1930f682c2ef0b369d54c5dfde0d,3a8b988cb2a0ae30365b5901c82ce819792d4155
a15eecf6bd9f1930f682c2ef0b369d54c5dfde0d,3a8b988cb2a0ae30365b5901c82ce819792d4155
a15eecf6bd9f1930f682c2ef0b369d54c5dfde0d,3a8b988cb2a0ae30365b5901c82ce819792d4155
a15eecf6bd9f1930f682c2ef0b369d54c5dfde0d,3a8b988cb2a0ae30365b5901c82ce819792d4155
a15eecf6bd9f1930f682c2ef0b369d54c5dfde0d,3a8b988cb2a0ae30365b5901c82ce819792d4155
a15eecf6bd9f1930f682c2ef0b369d54c5dfde0d,3a8b988cb2a0ae30365b5901c82ce819792d4155
a15eecf6bd9f1930f682c2ef0b369d54c5dfde0d,3a8b988cb2a0ae30365b5901c82ce819792d4155
a15eecf6bd9f1930f682c2ef0b369d54c5dfde0d,3a8b988cb2a0ae30365b5901c82ce819792d4155
a15eecf6bd9f1930f682c2ef0b369d54c5dfde0d,3a8b988cb2a0ae30365b5901c82ce819792d4155
a15eecf6bd9f1930f682c2ef0b369d54c5dfde0d,3a8b988cb2a0ae30365b5901c82ce819792d4155
a15eecf6bd9f1930f682c2ef0b369d54c5dfde0d,3a8b988cb2a0ae30365b5901c82ce819792d4155
3a8b988cb2a0ae30365b5901c82ce819792d4155,7cf939b0ad1ffb2a2dd87a4d4f5cf3f0c0c2dacf
88e9098a64827f78b6cfa0be39d4286b6e0a7daf,534bbfac8ffae277a80bae9063b2837382f5f773
0d971f97d5a724bd5eac9d3ea43da646bd8cef5b,1de206f36f5fa19ca0033ed5e3edea1d7fe546dc
4a5060f4cbcb54b261dfa86b387ecccacb876039,7f278888782cc82ea4981e08399f60d3b869c4bc
4a5060f4cbcb54b261dfa86b387ecccacb876039,b421b5f4bd856f8a79f887c6a9197663316ffdbf
4a5060f4cbcb54b261dfa86b387ecccacb876039,651ca3bc9fc7710a79d1209334d4bd4dad452fbf
4a5060f4cbcb54b261dfa86b387ecccacb876039,f98880b1a3f8438b051c954b406901224220814e
4a5060f4cbcb54b261dfa86b387ecccacb876039,298f59c5d38424836381faae93a2a782450e2ad4
4a5060f4cbcb54b261dfa86b387ecccacb876039,1de206f36f5fa19ca0033ed5e3edea1d7fe546dc
4a5060f4cbcb54b261dfa86b387ecccacb876039,e34761ff25916c44b03fb370fa6146765e2b2495
ce80a670bd0f93ec42da9ccdabba3a7e10395815,7f790dc0de1ecc9f232e304abcc5e38b9fae98f0
1de206f36f5fa19ca0033ed5e3edea1d7fe546dc,298f59c5d38424836381faae93a2a782450e2ad4
1de206f36f5fa19ca0033ed5e3edea1d7fe546dc,b421b5f4bd856f8a79f887c6a9197663316ffdbf
205de0538cd16943bfe1cb8c35bb8005310e1600,b421b5f4bd856f8a79f887c6a9197663316ffdbf
205de0538cd16943bfe1cb8c35bb8005310e1600,3c1114eea72d4d1766443cc9ff4505d3eefdfa75
664646055a3eee2a6ad031294eac4b2ec18a2cf4,749b18dbc944945532fc11dea41821010dcff5e4
7cf939b0ad1ffb2a2dd87a4d4f5cf3f0c0c2dacf,a4f7e17a4f06ee713fecbfa1fbb1e632a9d3bf89
7cf939b0ad1ffb2a2dd87a4d4f5cf3f0c0c2dacf,a4f7e17a4f06ee713fecbfa1fbb1e632a9d3bf89
7cf939b0ad1ffb2a2dd87a4d4f5cf3f0c0c2dacf,a4f7e17a4f06ee713fecbfa1fbb1e632a9d3bf89
7cf939b0ad1ffb2a2dd87a4d4f5cf3f0c0c2dacf,a4f7e17a4f06ee713fecbfa1fbb1e632a9d3bf89
7cf939b0ad1ffb2a2dd87a4d4f5cf3f0c0c2dacf,a4f7e17a4f06ee713fecbfa1fbb1e632a9d3bf89
7cf939b0ad1ffb2a2dd87a4d4f5cf3f0c0c2dacf,a4f7e17a4f06ee713fecbfa1fbb1e632a9d3bf89
7cf939b0ad1ffb2a2dd87a4d4f5cf3f0c0c2dacf,a4f7e17a4f06ee713fecbfa1fbb1e632a9d3bf89
7cf939b0ad1ffb2a2dd87a4d4f5cf3f0c0c2dacf,a4f7e17a4f06ee713fecbfa1fbb1e632a9d3bf89
7cf939b0ad1ffb2a2dd87a4d4f5cf3f0c0c2dacf,a4f7e17a4f06ee713fecbfa1fbb1e632a9d3bf89
7cf939b0ad1ffb2a2dd87a4d4f5cf3f0c0c2dacf,a4f7e17a4f06ee713fecbfa1fbb1e632a9d3bf89
7cf939b0ad1ffb2a2dd87a4d4f5cf3f0c0c2dacf,a4f7e17a4f06ee713fecbfa1fbb1e632a9d3bf89
060a3ea3bf7bb1f77dbb29a6fe23e2e823fbc52b,9468c5a733174fc4a956ede4824e41cb6149c393
7fb02bd90884f0a717e8151d4d30767fe38392c1,14b4668947789220617d6f54bb2fcdcfae844497
7fb02bd90884f0a717e8151d4d30767fe38392c1,14b4668947789220617d6f54bb2fcdcfae844497
171cc0edb703e8e502d423b3eed9eb914c74e021,b181b7797f67a4b0e227ca7138fad121105bcb74
92f8fd22e2c45f6b8e714a8c50819fc1c7f8568b,b421b5f4bd856f8a79f887c6a9197663316ffdbf
92f8fd22e2c45f6b8e714a8c50819fc1c7f8568b,e34761ff25916c44b03fb370fa6146765e2b2495
01abcf0e83fe58757661dcf6cfc0c2843fed570d,14b4668947789220617d6f54bb2fcdcfae844497
01abcf0e83fe58757661dcf6cfc0c2843fed570d,1aeac1c62528004d994200664368dc85fba1795d
a7a7970e543959e9db5281914d5f132beb01db8d,14b4668947789220617d6f54bb2fcdcfae844497
19a88d7f4addcd9f95fd4908d50db37b3604b5b1,90f582ffb9f230e228cf6d1f019ed946a13b409b
a2a03bc68ba062a96a6971d3791d291f49794dfd,4a80dceac7e35b669301c7aa8180dcd0348f4e93
f2618fd81bbbc4200741704777ecca9fd9042aee,ef4955fefe3483d299b01a7ce1abdc9b7fa9ee54
0ee5f68929610106ee6864baa04ea90be0fc5160,8d397b4cbc05ad801cfafb421cee39bcfe89711d
0ee5f68929610106ee6864baa04ea90be0fc5160,534bbfac8ffae277a80bae9063b2837382f5f773
0ee5f68929610106ee6864baa04ea90be0fc5160,fd744dd56ca183933a67e8398e1d20da14a31aab
0ee5f68929610106ee6864baa04ea90be0fc5160,534bbfac8ffae277a80bae9063b2837382f5f773
0ee5f68929610106ee6864baa04ea90be0fc5160,534bbfac8ffae277a80bae9063b2837382f5f773
0ee5f68929610106ee6864baa04ea90be0fc5160,95c192619372e6b3dfdc55aeafa8f44faf013ecf
0ee5f68929610106ee6864baa04ea90be0fc5160,0c49c1f3325f50f9240757843cc1cf17c75a87dd
70e2ab2ec9a1df60b39987946af18cac8621b3b0,1aeac1c62528004d994200664368dc85fba1795d
e94b116d7675399af719ac58e36d3274a23feea4,4a80dceac7e35b669301c7aa8180dcd0348f4e93
0f2a09d1f6e2adf35a3406622b3417bda8dd0c9c,f98880b1a3f8438b051c954b406901224220814e
0f2a09d1f6e2adf35a3406622b3417bda8dd0c9c,7f278888782cc82ea4981e08399f60d3b869c4bc
d77adcadbea41f77abeb2a08a31da7b284cea417,cba205b82c11cfbff03a728db9aa9654bee95c01
d77adcadbea41f77abeb2a08a31da7b284cea417,ef4955fefe3483d299b01a7ce1abdc9b7fa9ee54
d77adcadbea41f77abeb2a08a31da7b284cea417,bd5051adeb50dbb02f2fa02e5f5550fa0709018b
d77adcadbea41f77abeb2a08a31da7b284cea417,ef4955fefe3483d299b01a7ce1abdc9b7fa9ee54
d77adcadbea41f77abeb2a08a31da7b284cea417,cba205b82c11cfbff03a728db9aa9654bee95c01
d77adcadbea41f77abeb2a08a31da7b284cea417,ef4955fefe3483d299b01a7ce1abdc9b7fa9ee54
ef4955fefe3483d299b01a7ce1abdc9b7fa9ee54,e6f7d69428a4b3344ee5205c11bca58cbb4317fc
ef4955fefe3483d299b01a7ce1abdc9b7fa9ee54,e6f7d69428a4b3344ee5205c11bca58cbb4317fc
ef4955fefe3483d299b01a7ce1abdc9b7fa9ee54,e6f7d69428a4b3344ee5205c11bca58cbb4317fc
ef4955fefe3483d299b01a7ce1abdc9b7fa9ee54,e6f7d69428a4b3344ee5205c11bca58cbb4317fc
ef4955fefe3483d299b01a7ce1abdc9b7fa9ee54,e6f7d69428a4b3344ee5205c11bca58cbb4317fc
ef4955fefe3483d299b01a7ce1abdc9b7fa9ee54,53fa8130f59b14034070286dd6cfb11bb3653a51
a9650709e3de5f7d8e698499c872745ffecd9093,e6f7d69428a4b3344ee5205c11bca58cbb4317fc
b3a07685f25c6d40a7177a1e40f899d407db4a4b,aa69e51096e84f0b09ec5d3d76f9d52a5eaa6e11
b3a07685f25c6d40a7177a1e40f899d407db4a4b,b421b5f4bd856f8a79f887c6a9197663316ffdbf
b3a07685f25c6d40a7177a1e40f899d407db4a4b,861e406097db3f055b7cff1ebb7b764fd49a1c9e
b3a07685f25c6d40a7177a1e40f899d407db4a4b,e34761ff25916c44b03fb370fa6146765e2b2495
61d2f1e6beb4f5b5f4b57c16b20081fbfe0bb264,f98880b1a3f8438b051c954b406901224220814e
f98880b1a3f8438b051c954b406901224220814e,70447775f7b688553fe3fc30c28ab6d5a24c5eb0
d1c35aaa84c18257c0a13ac67763efef0409ca2f,e6f7d69428a4b3344ee5205c11bca58cbb4317fc
184cfd55944053e0dfdeb1b4b2d648d40c1910bd,70447775f7b688553fe3fc30c28ab6d5a24c5eb0
184cfd55944053e0dfdeb1b4b2d648d40c1910bd,3c1114eea72d4d1766443cc9ff4505d3eefdfa75
184cfd55944053e0dfdeb1b4b2d648d40c1910bd,3c1114eea72d4d1766443cc9ff4505d3eefdfa75
184cfd55944053e0dfdeb1b4b2d648d40c1910bd,5c0da011cbaa788c52519f8091157ca6d87d8abb
184cfd55944053e0dfdeb1b4b2d648d40c1910bd,5c0da011cbaa788c52519f8091157ca6d87d8abb
184cfd55944053e0dfdeb1b4b2d648d40c1910bd,b421b5f4bd856f8a79f887c6a9197663316ffdbf
184cfd55944053e0dfdeb1b4b2d648d40c1910bd,b421b5f4bd856f8a79f887c6a9197663316ffdbf
184cfd55944053e0dfdeb1b4b2d648d40c1910bd,b421b5f4bd856f8a79f887c6a9197663316ffdbf
261cda92de1cf813156444aebc60f28217ae6745,daccb54353166ddceef2bfb079dc319870ae8268
ebbc4f6cc467faca4d77e4f72da32003d490d4b9,70447775f7b688553fe3fc30c28ab6d5a24c5eb0
ebbc4f6cc467faca4d77e4f72da32003d490d4b9,b421b5f4bd856f8a79f887c6a9197663316ffdbf
0f909e3318a4ee393e0c9036a5dc5abbb19263bf,a477aec10d29b4651944cb4292daf06dfa953ea3
8443487ad5fca1607fa975af252362572915068d,4a80dceac7e35b669301c7aa8180dcd0348f4e93
17dbf988845bb7815dbb6182218c8c28d027fb91,4a80dceac7e35b669301c7aa8180dcd0348f4e93
a47746b851f38cf01bb8b6effe960a461f977376,e6f7d69428a4b3344ee5205c11bca58cbb4317fc
5d0d50cc44cfbbafc219aee07cc3faec61b7f36f,861e406097db3f055b7cff1ebb7b764fd49a1c9e
0c17992485da541d1ef5657479c4fb1e52882280,b421b5f4bd856f8a79f887c6a9197663316ffdbf
0c17992485da541d1ef5657479c4fb1e52882280,861e406097db3f055b7cff1ebb7b764fd49a1c9e
a46fba5dd366144d76a56a6e780c5183a14d18cb,886a558f75dfa5871b9efe40df91d330df6c0792
a46fba5dd366144d76a56a6e780c5183a14d18cb,7891805d22e3fdc821961ff0ccc5c450c3d625c8
672a101ee3471e0a6b1e1215368e3afadeafc8b2,16359ec8eeb601f9e9e20a0cc01b6c4e46627d3a
cef6bb1f7210324de59ff7779466062dd61c6307,992e37c8bcdb13c89cb680e385a0fb344137d0fa
cef6bb1f7210324de59ff7779466062dd61c6307,bdd9aed909842af05ea4dde30488427c4c484ff7
cef6bb1f7210324de59ff7779466062dd61c6307,5f2edfcca55e34192e34bd73f994a257ccef34d1
cef6bb1f7210324de59ff7779466062dd61c6307,321b107685e8f5d3bd36f673d81041ec3876b34e
cef6bb1f7210324de59ff7779466062dd61c6307,bdd9aed909842af05ea4dde30488427c4c484ff7
cef6bb1f7210324de59ff7779466062dd61c6307,321b107685e8f5d3bd36f673d81041ec3876b34e
68825f9ca5a6c8c70390e8499d9663c5be475639,0176ac488e57b77dfa82984c114901d884e90b53
205171cab05bb61c410c42799af54086d4df5173,70447775f7b688553fe3fc30c28ab6d5a24c5eb0
d2153fc58d825006076a3fce12e0f7eb84479132,959fdf60495b59bf2ccf40cbfd554f3c24564e17
d2153fc58d825006076a3fce12e0f7eb84479132,5c0da011cbaa788c52519f8091157ca6d87d8abb
70447775f7b688553fe3fc30c28ab6d5a24c5eb0,7f278888782cc82ea4981e08399f60d3b869c4bc
70447775f7b688553fe3fc30c28ab6d5a24c5eb0,b3790d283fbf850f9f7fef19b86085878b3d6c1d
70447775f7b688553fe3fc30c28ab6d5a24c5eb0,7b5277bb75100777bfd6eb686b1e895df1020c02
70447775f7b688553fe3fc30c28ab6d5a24c5eb0,b421b5f4bd856f8a79f887c6a9197663316ffdbf
70447775f7b688553fe3fc30c28ab6d5a24c5eb0,7f278888782cc82ea4981e08399f60d3b869c4bc
70447775f7b688553fe3fc30c28ab6d5a24c5eb0,f6ba52bf1e7118e3cc7e9c274a78c7db19cb3658
70447775f7b688553fe3fc30c28ab6d5a24c5eb0,aa69e51096e84f0b09ec5d3d76f9d52a5eaa6e11
70447775f7b688553fe3fc30c28ab6d5a24c5eb0,b421b5f4bd856f8a79f887c6a9197663316ffdbf
70447775f7b688553fe3fc30c28ab6d5a24c5eb0,aa69e51096e84f0b09ec5d3d76f9d52a5eaa6e11
70447775f7b688553fe3fc30c28ab6d5a24c5eb0,b421b5f4bd856f8a79f887c6a9197663316ffdbf
70447775f7b688553fe3fc30c28ab6d5a24c5eb0,aa69e51096e84f0b09ec5d3d76f9d52a5eaa6e11
3080265bb005154c1b3948fdc45e1a2d45feda9b,29ff30c539469bf2928fe90bdc31d1c3b2c19356
802534e611529a96079d082566b466de2ad27e09,b421b5f4bd856f8a79f887c6a9197663316ffdbf
802534e611529a96079d082566b466de2ad27e09,b421b5f4bd856f8a79f887c6a9197663316ffdbf
14d9b2d68de77821bd6366bb2b3767f201c6cb4a,4a80dceac7e35b669301c7aa8180dcd0348f4e93
14d9b2d68de77821bd6366bb2b3767f201c6cb4a,4a80dceac7e35b669301c7aa8180dcd0348f4e93
0b4f74176c9a2d21d0bcf9c497b7ce7440f6a920,9ad193c35b2c030beff4e364c26700e97539423e
892835810827f367a3d3488f38f7599181db311b,b421b5f4bd856f8a79f887c6a9197663316ffdbf
81860c59c3453429bb4e70da2c372c92e66e134c,83faa4b608293e5a8f653f34fa5b831b9e9090b3
81860c59c3453429bb4e70da2c372c92e66e134c,749b18dbc944945532fc11dea41821010dcff5e4
dc7dce130beef647b3c3d5d25d067c3557b84214,aff5a75d8ee1e1ffe12406c1c0d741832455a6a3
dc7dce130beef647b3c3d5d25d067c3557b84214,29ff30c539469bf2928fe90bdc31d1c3b2c19356
dc7dce130beef647b3c3d5d25d067c3557b84214,5f2edfcca55e34192e34bd73f994a257ccef34d1
96de12ab483cd5ed8993ca4ae84ab9e15474443f,749b18dbc944945532fc11dea41821010dcff5e4
19866aee3d31c38600ccf03ceb6b416f8337a5a2,fd744dd56ca183933a67e8398e1d20da14a31aab
42d5517c7a42526f903a0b41e6b95df2ff601df9,5be4ff026162e342a4457d1df9750216ce84ac3c
77104b05be9c0c9bb4a73374c32d097dbd7da74a,5f2edfcca55e34192e34bd73f994a257ccef34d1
d2fc19f4aa94888b7c3d3f4a5fb621bf96a1aff9,fd744dd56ca183933a67e8398e1d20da14a31aab
8ccc55fbd3683ba65500e879a6643f15f5b47942,d344963123142a08de9d64d0c2d1294f8fcad8a6
8ccc55fbd3683ba65500e879a6643f15f5b47942,7f790dc0de1ecc9f232e304abcc5e38b9fae98f0
b640b6faf77f7af955e64bd03ae630ce2fb09627,a5c693dd53cd4b406a0de841cdb20dac104012e0
b640b6faf77f7af955e64bd03ae630ce2fb09627,5649aed6d3223ec49c42416f242249eb0c4fd890
b640b6faf77f7af955e64bd03ae630ce2fb09627,7891805d22e3fdc821961ff0ccc5c450c3d625c8
b640b6faf77f7af955e64bd03ae630ce2fb09627,a5c693dd53cd4b406a0de841cdb20dac104012e0
b640b6faf77f7af955e64bd03ae630ce2fb09627,6c3fb77f30a50317df2c9ca79b0b9b959ae65732
b640b6faf77f7af955e64bd03ae630ce2fb09627,6c3fb77f30a50317df2c9ca79b0b9b959ae65732
dda2b82a0a49da52b43b50db5a2bda50a216c09b,4a80dceac7e35b669301c7aa8180dcd0348f4e93
32cb9ec49c801fcebe61486149134ab542d9364b,fd744dd56ca183933a67e8398e1d20da14a31aab
36916ee99d60a744f6249ed1347cd2a071521a65,513da6fcf24081a5db91bd64abc27f9c0bbce3a5
b905548a3b43b2130c35360c3602eda722f82e7f,b421b5f4bd856f8a79f887c6a9197663316ffdbf
3a33e75183bf196d61b46e662b4c3f84a5f570bd,5c0da011cbaa788c52519f8091157ca6d87d8abb
f4def0062cc2f1e07c5f16c1b9af6c15a2fca050,5be4ff026162e342a4457d1df9750216ce84ac3c
f4def0062cc2f1e07c5f16c1b9af6c15a2fca050,5be4ff026162e342a4457d1df9750216ce84ac3c
f4def0062cc2f1e07c5f16c1b9af6c15a2fca050,5be4ff026162e342a4457d1df9750216ce84ac3c
f4def0062cc2f1e07c5f16c1b9af6c15a2fca050,5be4ff026162e342a4457d1df9750216ce84ac3c
a746f3b6c4bca9b3065ffb3ff56689d47ed1cc2a,b421b5f4bd856f8a79f887c6a9197663316ffdbf
a3620799ec55b0da9afeec13b40e15942cb7a1ca,b421b5f4bd856f8a79f887c6a9197663316ffdbf
1f912b9f31308b0e959ab54ee611f22ae2d3ca59,5c0da011cbaa788c52519f8091157ca6d87d8abb
68b0d4d510a0e3a4a7708be3b22a993ce2a83d6b,a477aec10d29b4651944cb4292daf06dfa953ea3
5a58ca41444f30d42eb0fda57dea688a92be7f32,7b5277bb75100777bfd6eb686b1e895df1020c02
9380ec0d23cc491f10bbabf75488559a6ee4a9bb,10ce6c3e110a2bcbabe28b58c00f53014907c809
9380ec0d23cc491f10bbabf75488559a6ee4a9bb,8367fa9644b0f58ce192a1bb56648a1e9da34044
bd32234e6ec0006ede180d09b464f1277737e789,4a80dceac7e35b669301c7aa8180dcd0348f4e93
bd32234e6ec0006ede180d09b464f1277737e789,4a80dceac7e35b669301c7aa8180dcd0348f4e93
bd32234e6ec0006ede180d09b464f1277737e789,4a80dceac7e35b669301c7aa8180dcd0348f4e93
bd32234e6ec0006ede180d09b464f1277737e789,4a80dceac7e35b669301c7aa8180dcd0348f4e93
bd32234e6ec0006ede180d09b464f1277737e789,4a80dceac7e35b669301c7aa8180dcd0348f4e93
bd32234e6ec0006ede180d09b464f1277737e789,4a80dceac7e35b669301c7aa8180dcd0348f4e93
4d9f02f56842389adee89fd9711822cc16d174e8,0c49c1f3325f50f9240757843cc1cf17c75a87dd
b5c66a3fbe869daf56b1b29d0a69efa2d83e30ce,90f582ffb9f230e228cf6d1f019ed946a13b409b
b5c66a3fbe869daf56b1b29d0a69efa2d83e30ce,90f582ffb9f230e228cf6d1f019ed946a13b409b
b5c66a3fbe869daf56b1b29d0a69efa2d83e30ce,6f70d4c0ac07cf1e51a1783c0f72460c0bfe95c7
b5c66a3fbe869daf56b1b29d0a69efa2d83e30ce,90f582ffb9f230e228cf6d1f019ed946a13b409b
33fb70f6b60cb3c332698a1c00ca1883caf576ba,4a80dceac7e35b669301c7aa8180dcd0348f4e93
33fb70f6b60cb3c332698a1c00ca1883caf576ba,4a80dceac7e35b669301c7aa8180dcd0348f4e93
90f582ffb9f230e228cf6d1f019ed946a13b409b,57a38263bfd106528712c3ecc175ff218b139737
90f582ffb9f230e228cf6d1f019ed946a13b409b,57a38263bfd106528712c3ecc175ff218b139737
90f582ffb9f230e228cf6d1f019ed946a13b409b,57a38263bfd106528712c3ecc175ff218b139737
c37826a9333b58c1503ef5a9f3aabe33a6695ff5,16359ec8eeb601f9e9e20a0cc01b6c4e46627d3a
c37826a9333b58c1503ef5a9f3aabe33a6695ff5,57a38263bfd106528712c3ecc175ff218b139737
844e11967d9292bd5cfe423d0fd57e34388f2337,e42c6d4446dd1b5b9f68b1dfd2822c79036c2c3c
7197aa026b6d262faa8f4dc6bb3e591f860cdc95,397573ffed22930c04384c46024a8e59dbb5b197
5be17c01a113d1342f75ad45b8778479579f839f,5c0da011cbaa788c52519f8091157ca6d87d8abb
4514041b44c23c6721e6cb270e4ce1879ec5bd88,bd5051adeb50dbb02f2fa02e5f5550fa0709018b
7b2030bceaa67789f330b3838c07505263169821,779508c0ba9de62c6d8c858eef6f0d9777a95621
7b2030bceaa67789f330b3838c07505263169821,5c0da011cbaa788c52519f8091157ca6d87d8abb
7b2030bceaa67789f330b3838c07505263169821,5c0da011cbaa788c52519f8091157ca6d87d8abb
b971c5beb8c7f90543ea037194790142f4f57c80,fd744dd56ca183933a67e8398e1d20da14a31aab
7b3c91ef163eb6172da44b8c2c340adef0d5a44b,0176ac488e57b77dfa82984c114901d884e90b53
fe7eb619892f0a3774cf5dbf324215e7320f55b5,35e7a266db1927d6b3efd5e8b43394518ec86f59
ae8ec39397cefa66f11432b50ad0632966943f31,a477aec10d29b4651944cb4292daf06dfa953ea3
ae8ec39397cefa66f11432b50ad0632966943f31,a477aec10d29b4651944cb4292daf06dfa953ea3
6b0e9249152e548fa123f536e01fdf560f5127b7,749b18dbc944945532fc11dea41821010dcff5e4
09d35de50d401917971a69c0a744356e0b18abdb,4a80dceac7e35b669301c7aa8180dcd0348f4e93
6370b86c1f37278fc02b9282dca6eb1e45bc0e3c,bd5051adeb50dbb02f2fa02e5f5550fa0709018b
ee4e2ae48932859f02acb8eb338d118d32c1716b,397573ffed22930c04384c46024a8e59dbb5b197
6eeff75849c9b8bf91592c1b7906b4dab8fba518,fd744dd56ca183933a67e8398e1d20da14a31aab
6eeff75849c9b8bf91592c1b7906b4dab8fba518,fd744dd56ca183933a67e8398e1d20da14a31aab
397573ffed22930c04384c46024a8e59dbb5b197,5c0da011cbaa788c52519f8091157ca6d87d8abb
bb9b9a8b9d5868c7ab5034117b785943496f6405,f8c72f544162e1a9dfffae20d17b8f37c59af95b
4ac500a337572996c4a822c3433da3e4297cf138,5649aed6d3223ec49c42416f242249eb0c4fd890
4ac500a337572996c4a822c3433da3e4297cf138,7891805d22e3fdc821961ff0ccc5c450c3d625c8
b6b0fc1f27051aae540f0955196dd0d9701749c9,3f49e743bea730907066677c7cbfbb1260677d11
b6b0fc1f27051aae540f0955196dd0d9701749c9,5850165795c54b8d5de7bef9f69f6fe6b1b4763d
b6b0fc1f27051aae540f0955196dd0d9701749c9,31f848a5fa56e17fbc6dbbba7d319a3b30083ac8
b6b0fc1f27051aae540f0955196dd0d9701749c9,899adf5343c2faa43e1f6b4b75c75b3a170112a0
e3b61f53bd0bfa425420e0dca0c4a78010117b6c,9ad193c35b2c030beff4e364c26700e97539423e
a5f1d79adf5ce47d2ae622591e41a114dbb8b255,7e7040b7bd4352083e4418e098aa262a16b2035b
a5f1d79adf5ce47d2ae622591e41a114dbb8b255,7e7040b7bd4352083e4418e098aa262a16b2035b
e0170a944501bb487e899b92363bf5aa64b29299,fd744dd56ca183933a67e8398e1d20da14a31aab
e0170a944501bb487e899b92363bf5aa64b29299,5f48d281190db9b71dbad5ca9209fd4ae4e1b124
e0170a944501bb487e899b92363bf5aa64b29299,fd744dd56ca183933a67e8398e1d20da14a31aab
e0170a944501bb487e899b92363bf5aa64b29299,5f48d281190db9b71dbad5ca9209fd4ae4e1b124
0cd3994f1a4ec1172af840cf5de3dddb1ae9e9c4,5c5410459e042c24db555db3e40fc761daba465e
52dd7dbbcf1d6bbcb11b27d7a9f160addce26b61,a477aec10d29b4651944cb4292daf06dfa953ea3
c25d5948a56d68b7626463b00e86ac780f3038ce,5d9326be29be8688f2238c72c18a9037f983c77d
c25d5948a56d68b7626463b00e86ac780f3038ce,5d9326be29be8688f2238c72c18a9037f983c77d
c25d5948a56d68b7626463b00e86ac780f3038ce,5d9326be29be8688f2238c72c18a9037f983c77d
c25d5948a56d68b7626463b00e86ac780f3038ce,5d9326be29be8688f2238c72c18a9037f983c77d
09c78fe968e1bb71108c4058e76ebf70178e5a8b,5649aed6d3223ec49c42416f242249eb0c4fd890
d85226f53937e09522869cc8b122bb30f1f3768f,d174ab8a7af1ca75dd6538b96a0a1f6529612917
3770165f72e4fc35927c51d3d5873d9397b3ccd3,17604ec6fe03bd449335b8e087edc07ec7132bbc
3770165f72e4fc35927c51d3d5873d9397b3ccd3,779508c0ba9de62c6d8c858eef6f0d9777a95621
3770165f72e4fc35927c51d3d5873d9397b3ccd3,7cfb7b8d0f205b29184888e4837509e1da50ec60
3072d599c91290f8bafe7519306aaad512974df1,d174ab8a7af1ca75dd6538b96a0a1f6529612917
3072d599c91290f8bafe7519306aaad512974df1,29ff30c539469bf2928fe90bdc31d1c3b2c19356
35bd17f1d6a99368ecf6a7f94902bd550827d0d3,a477aec10d29b4651944cb4292daf06dfa953ea3
201ba8c69d2defc284a04acadcd13df001028ada,34bc6bd2aec77f730c43403c0625c74cec945e57
ce4c2de3a315028fa72a8ed8fb425111856b7b81,29ff30c539469bf2928fe90bdc31d1c3b2c19356
ce4c2de3a315028fa72a8ed8fb425111856b7b81,bdd9aed909842af05ea4dde30488427c4c484ff7
ce4c2de3a315028fa72a8ed8fb425111856b7b81,5f2edfcca55e34192e34bd73f994a257ccef34d1
ce4c2de3a315028fa72a8ed8fb425111856b7b81,779508c0ba9de62c6d8c858eef6f0d9777a95621
ce4c2de3a315028fa72a8ed8fb425111856b7b81,16359ec8eeb601f9e9e20a0cc01b6c4e46627d3a
ce4c2de3a315028fa72a8ed8fb425111856b7b81,aff5a75d8ee1e1ffe12406c1c0d741832455a6a3
ce4c2de3a315028fa72a8ed8fb425111856b7b81,dbaa687518507d735684e397a55a28b6f45359c7
ce4c2de3a315028fa72a8ed8fb425111856b7b81,aff5a75d8ee1e1ffe12406c1c0d741832455a6a3
ce4c2de3a315028fa72a8ed8fb425111856b7b81,16359ec8eeb601f9e9e20a0cc01b6c4e46627d3a
ce4c2de3a315028fa72a8ed8fb425111856b7b81,dbaa687518507d735684e397a55a28b6f45359c7
ce4c2de3a315028fa72a8ed8fb425111856b7b81,bdd9aed909842af05ea4dde30488427c4c484ff7
ce4c2de3a315028fa72a8ed8fb425111856b7b81,29ff30c539469bf2928fe90bdc31d1c3b2c19356
ce4c2de3a315028fa72a8ed8fb425111856b7b81,5f2edfcca55e34192e34bd73f994a257ccef34d1
ce4c2de3a315028fa72a8ed8fb425111856b7b81,7cfb7b8d0f205b29184888e4837509e1da50ec60
a09c464585e7141bf631a988e25464c86c93a192,5d9326be29be8688f2238c72c18a9037f983c77d
2f3f1b02cdea6a8ec55ec467d0336ce60f4b7feb,f19c36116c8ef61c043fd77c599906f59585da6c
a373bf705df46f31c660e25fd965868a56fee98d,3f49e743bea730907066677c7cbfbb1260677d11
a373bf705df46f31c660e25fd965868a56fee98d,67f6b32409f78cb1d5bb6a4dc5cf35a27692b08d
a373bf705df46f31c660e25fd965868a56fee98d,3f49e743bea730907066677c7cbfbb1260677d11
a373bf705df46f31c660e25fd965868a56fee98d,67f6b32409f78cb1d5bb6a4dc5cf35a27692b08d
a373bf705df46f31c660e25fd965868a56fee98d,3f49e743bea730907066677c7cbfbb1260677d11
a373bf705df46f31c660e25fd965868a56fee98d,67f6b32409f78cb1d5bb6a4dc5cf35a27692b08d
0644785ad3d467478aaf94d45429d7d17fddd679,0c49c1f3325f50f9240757843cc1cf17c75a87dd
e315ec9891eb0bcb51afb0e797dbd49aa8f9ac71,4a80dceac7e35b669301c7aa8180dcd0348f4e93
e315ec9891eb0bcb51afb0e797dbd49aa8f9ac71,4a80dceac7e35b669301c7aa8180dcd0348f4e93
e5aa5b7c508c5e0e51f7abfcee350e27bef24ba2,8d397b4cbc05ad801cfafb421cee39bcfe89711d
30d06b42862fc5e8704e109db652d62f86f8eabc,7891805d22e3fdc821961ff0ccc5c450c3d625c8
e4f88c66e300505d3c86329dacd84d84e8109837,efa4d3c2228ac08712f1578c4a1411a1f51e137c
8102e35271ab68e0525a9c60d86a855bbeef9c1a,aff5a75d8ee1e1ffe12406c1c0d741832455a6a3
7500b3ec839ada6d8e1f7a88d30743dfb0ad7e70,efa4d3c2228ac08712f1578c4a1411a1f51e137c
bf7601fde102114eda1144b48d2cfbc8dd7c95c1,29ff30c539469bf2928fe90bdc31d1c3b2c19356
24f574032aae903a5bffd0033d45dc9fb5907ea0,aff5a75d8ee1e1ffe12406c1c0d741832455a6a3
24f574032aae903a5bffd0033d45dc9fb5907ea0,16359ec8eeb601f9e9e20a0cc01b6c4e46627d3a
24f574032aae903a5bffd0033d45dc9fb5907ea0,dbaa687518507d735684e397a55a28b6f45359c7
24f574032aae903a5bffd0033d45dc9fb5907ea0,bdd9aed909842af05ea4dde30488427c4c484ff7
24f574032aae903a5bffd0033d45dc9fb5907ea0,5f2edfcca55e34192e34bd73f994a257ccef34d1
fe3a9d4013009fe499cf58313643172694a91040,16359ec8eeb601f9e9e20a0cc01b6c4e46627d3a
fe3a9d4013009fe499cf58313643172694a91040,29ff30c539469bf2928fe90bdc31d1c3b2c19356
e5a4d59244caaae64a08575b0f928033edcd661f,dbaa687518507d735684e397a55a28b6f45359c7
15fa2250fdd0865ce1d0c6ac13b817e7b2c7757a,7891805d22e3fdc821961ff0ccc5c450c3d625c8
040642dba3a64c7ab650e4968feeca03a0c01639,16359ec8eeb601f9e9e20a0cc01b6c4e46627d3a
c9d756285ac536af978ad150ff12fe3f16a8af28,b181b7797f67a4b0e227ca7138fad121105bcb74
816d41718998868f276d83b0c21e17d11ad392a2,4a80dceac7e35b669301c7aa8180dcd0348f4e93
816d41718998868f276d83b0c21e17d11ad392a2,4a80dceac7e35b669301c7aa8180dcd0348f4e93
816d41718998868f276d83b0c21e17d11ad392a2,4a80dceac7e35b669301c7aa8180dcd0348f4e93
816d41718998868f276d83b0c21e17d11ad392a2,4a80dceac7e35b669301c7aa8180dcd0348f4e93
816d41718998868f276d83b0c21e17d11ad392a2,8d397b4cbc05ad801cfafb421cee39bcfe89711d
816d41718998868f276d83b0c21e17d11ad392a2,e42c6d4446dd1b5b9f68b1dfd2822c79036c2c3c
816d41718998868f276d83b0c21e17d11ad392a2,8d397b4cbc05ad801cfafb421cee39bcfe89711d
816d41718998868f276d83b0c21e17d11ad392a2,e5ba46c30d5db1e660911ea2aee0daead89cf181
816d41718998868f276d83b0c21e17d11ad392a2,c67225818dbe47245630f7818e846604c5d57d67
816d41718998868f276d83b0c21e17d11ad392a2,99e0267c258937ad78aebc490005d5a5b0dd7a8c
816d41718998868f276d83b0c21e17d11ad392a2,c67225818dbe47245630f7818e846604c5d57d67
816d41718998868f276d83b0c21e17d11ad392a2,8d397b4cbc05ad801cfafb421cee39bcfe89711d
816d41718998868f276d83b0c21e17d11ad392a2,e5ba46c30d5db1e660911ea2aee0daead89cf181
e3ff3cf6cbc137e315eff6ac8aed43954b3668eb,67f6b32409f78cb1d5bb6a4dc5cf35a27692b08d
2716f53220f947c690d5f627286aad51313256a0,779508c0ba9de62c6d8c858eef6f0d9777a95621
2716f53220f947c690d5f627286aad51313256a0,16359ec8eeb601f9e9e20a0cc01b6c4e46627d3a
2716f53220f947c690d5f627286aad51313256a0,779508c0ba9de62c6d8c858eef6f0d9777a95621
d7a9ca2893fb240c25d1cd1e0778f6b93b1e3ded,a477aec10d29b4651944cb4292daf06dfa953ea3
434f432d5d5ea2756c1adac8b1c36e82e60a2b13,534bbfac8ffae277a80bae9063b2837382f5f773
4fdaf2de989c039a62681cc1f7a8407ec32b593e,16359ec8eeb601f9e9e20a0cc01b6c4e46627d3a
1050e0b47611602b758f73d99f51a1dd5ceabade,779508c0ba9de62c6d8c858eef6f0d9777a95621
41da6e31284d46bb1dd2053c3c3100c075ace019,16359ec8eeb601f9e9e20a0cc01b6c4e46627d3a
41da6e31284d46bb1dd2053c3c3100c075ace019,67f6b32409f78cb1d5bb6a4dc5cf35a27692b08d
41da6e31284d46bb1dd2053c3c3100c075ace019,dbaa687518507d735684e397a55a28b6f45359c7
41da6e31284d46bb1dd2053c3c3100c075ace019,5f2edfcca55e34192e34bd73f994a257ccef34d1
a383b8ca0545ba3704a51a78972107119f5683c0,ae4fa4b012fca8ad62b75fc9a3de232066215a28
f5becebc0710d5bb875bb9c0a2d3809a00f62605,16359ec8eeb601f9e9e20a0cc01b6c4e46627d3a
5aa1fb3ff326a429e33a443576da866f2a63c20c,779508c0ba9de62c6d8c858eef6f0d9777a95621
45185947ee5f1672fb00765a8b32a7100fd0c1bd,4a80dceac7e35b669301c7aa8180dcd0348f4e93
dd016f334cef26f393b1a3c1e052e89a69502a56,5b6b5a64d195d03bf407f5e460915d50268370ce
de313f6fddfa0e98c42053d451c4d2a749a7e4e1,779508c0ba9de62c6d8c858eef6f0d9777a95621
d980632233d93d6f713eec68ea6f08edc590c389,a477aec10d29b4651944cb4292daf06dfa953ea3
0cd69e8a02d254577fac9ccd3ff8a1727a024cc8,a477aec10d29b4651944cb4292daf06dfa953ea3
e7765a32f7bf1f7ca17aa285b107358a768cbf4c,da14fad829732b638373464b55a79d3b143116a9
33f4779ed8cbab765e9a3a4f864c23133d3c754e,95c192619372e6b3dfdc55aeafa8f44faf013ecf
6b11259c46f3133ee48a21561fe0dab58cee6847,779508c0ba9de62c6d8c858eef6f0d9777a95621
b11656a727f48edd0c056e859a4e4a983570c7c7,a477aec10d29b4651944cb4292daf06dfa953ea3
67c160cc6ce592b5821abaf27ad80a38482a6b1c,16359ec8eeb601f9e9e20a0cc01b6c4e46627d3a
67c160cc6ce592b5821abaf27ad80a38482a6b1c,779508c0ba9de62c6d8c858eef6f0d9777a95621
ed903099b42259958d8a6eb3af1a6460c1bc8b2c,4a80dceac7e35b669301c7aa8180dcd0348f4e93
8548ca09f14c237913e00a328409231a727b8572,8d397b4cbc05ad801cfafb421cee39bcfe89711d
4566f01fbd6e101de09c5b82fa99890fe7d7e748,5c5410459e042c24db555db3e40fc761daba465e
112e3767ceae83e9034c25a0358949a20b379358,95c192619372e6b3dfdc55aeafa8f44faf013ecf
c25f356675de512f76168c93b85504062ca061bf,c67225818dbe47245630f7818e846604c5d57d67
53d5504f4077bf7fb7cbf7c1edac7e2cbde5c964,0e7d0ebd9a6bcfda4cd04eab71903fdfc99cd1be
53d5504f4077bf7fb7cbf7c1edac7e2cbde5c964,041185edfdeac67e4476c6d4ea1a07e413d1f83f
53d5504f4077bf7fb7cbf7c1edac7e2cbde5c964,0934470676fe1bc16c4f7cac71a96d0e91a1f35a
53d5504f4077bf7fb7cbf7c1edac7e2cbde5c964,041185edfdeac67e4476c6d4ea1a07e413d1f83f
53d5504f4077bf7fb7cbf7c1edac7e2cbde5c964,34bc6bd2aec77f730c43403c0625c74cec945e57
53d5504f4077bf7fb7cbf7c1edac7e2cbde5c964,bd95b22844e9facd2c6f34c644f4b33fd116c2d7
53d5504f4077bf7fb7cbf7c1edac7e2cbde5c964,95401aba7250159b22c7ba952a56a7063c1f10a7
2e4284215c5482f3e0f4b9fba0046661aa9cd992,8d397b4cbc05ad801cfafb421cee39bcfe89711d
c639a1f802d8da58405ac5132ed75b8a0e9ac032,8b53a2b29bc14cb5b74c1c29a7adc9a62f9cae97
964c3a1b7a465535c79840baa8f6d4585fb54beb,bd5051adeb50dbb02f2fa02e5f5550fa0709018b
79500f81a9156bd9e3a795f1647dec4d81a60e76,9468c5a733174fc4a956ede4824e41cb6149c393
79500f81a9156bd9e3a795f1647dec4d81a60e76,bd5051adeb50dbb02f2fa02e5f5550fa0709018b
220ff2321a104584849cf7fbf8c937d63bc0a4fc,a893d0bb231189d5330a28e9256a6ff5e56e5dab
220ff2321a104584849cf7fbf8c937d63bc0a4fc,bd5051adeb50dbb02f2fa02e5f5550fa0709018b
b302bec531c14fe5f3e7a403140e8c5641101d0d,4a80dceac7e35b669301c7aa8180dcd0348f4e93
414da08a8079e9829e9829937e1797b649d8d397,a477aec10d29b4651944cb4292daf06dfa953ea3
35b888dc1194eafabb6646abcdd2614339b5dd26,f46eaa30cfe987cfa61d4580335bd4364d5b5707
130a82101c03b29890213f146261ca11e812eea8,16359ec8eeb601f9e9e20a0cc01b6c4e46627d3a
cf5535b86f82f01cb51f8c370d730e48f8cc154f,5f2edfcca55e34192e34bd73f994a257ccef34d1
54548894d010409d1ff32eaf34395faabd6328b8,5f2edfcca55e34192e34bd73f994a257ccef34d1
54548894d010409d1ff32eaf34395faabd6328b8,ae4fa4b012fca8ad62b75fc9a3de232066215a28
54548894d010409d1ff32eaf34395faabd6328b8,16359ec8eeb601f9e9e20a0cc01b6c4e46627d3a
54548894d010409d1ff32eaf34395faabd6328b8,779508c0ba9de62c6d8c858eef6f0d9777a95621
54548894d010409d1ff32eaf34395faabd6328b8,5f2edfcca55e34192e34bd73f994a257ccef34d1
6e2c07534e3fb8381c87c567650ce5184c5511f5,9468c5a733174fc4a956ede4824e41cb6149c393
7876ffec5e976063eb4fddf2cb00eb158920f08a,5f2edfcca55e34192e34bd73f994a257ccef34d1
5f2edfcca55e34192e34bd73f994a257ccef34d1,779508c0ba9de62c6d8c858eef6f0d9777a95621
5f2edfcca55e34192e34bd73f994a257ccef34d1,992e37c8bcdb13c89cb680e385a0fb344137d0fa
5f2edfcca55e34192e34bd73f994a257ccef34d1,bdd9aed909842af05ea4dde30488427c4c484ff7
5f2edfcca55e34192e34bd73f994a257ccef34d1,1209b3949212cfa1b1ff25468eab7757a3d6f74d
5f2edfcca55e34192e34bd73f994a257ccef34d1,992e37c8bcdb13c89cb680e385a0fb344137d0fa
5f2edfcca55e34192e34bd73f994a257ccef34d1,bdd9aed909842af05ea4dde30488427c4c484ff7
5f2edfcca55e34192e34bd73f994a257ccef34d1,7f8c2985a8e447fd18f8b9331d4f35abeadaeb0e
5f2edfcca55e34192e34bd73f994a257ccef34d1,779508c0ba9de62c6d8c858eef6f0d9777a95621
5f2edfcca55e34192e34bd73f994a257ccef34d1,7cfb7b8d0f205b29184888e4837509e1da50ec60
5f2edfcca55e34192e34bd73f994a257ccef34d1,16359ec8eeb601f9e9e20a0cc01b6c4e46627d3a
5f2edfcca55e34192e34bd73f994a257ccef34d1,67f6b32409f78cb1d5bb6a4dc5cf35a27692b08d
5f2edfcca55e34192e34bd73f994a257ccef34d1,ae4fa4b012fca8ad62b75fc9a3de232066215a28
5f2edfcca55e34192e34bd73f994a257ccef34d1,992e37c8bcdb13c89cb680e385a0fb344137d0fa
d199d1d65af224f6c4607864526439308ddd6568,992e37c8bcdb13c89cb680e385a0fb344137d0fa
992e37c8bcdb13c89cb680e385a0fb344137d0fa,1a72d91cb29d24851bf8b8cf36e683740d3945d0
992e37c8bcdb13c89cb680e385a0fb344137d0fa,1209b3949212cfa1b1ff25468eab7757a3d6f74d
c8bb42288292e9c08ed208aae4a700fb4d05c464,3f49e743bea730907066677c7cbfbb1260677d11
62360e898120836da521e41b0547d199ec0db3d4,16359ec8eeb601f9e9e20a0cc01b6c4e46627d3a
831ad4adc6b917aff335863aa4b6e04235d03ad1,1209b3949212cfa1b1ff25468eab7757a3d6f74d
a82de9509f67f69cb4f4ea4dbf442da990125ae2,16359ec8eeb601f9e9e20a0cc01b6c4e46627d3a
f26a99764a1cbac557a2c844c2f2b8daf30941a7,16359ec8eeb601f9e9e20a0cc01b6c4e46627d3a
403f3560826a2c121d225a527c1cdc07c90a571f,a477aec10d29b4651944cb4292daf06dfa953ea3
0ec984e69a60ee98e18cb6081bd97ba7cc9b377a,16359ec8eeb601f9e9e20a0cc01b6c4e46627d3a
0ec984e69a60ee98e18cb6081bd97ba7cc9b377a,67f6b32409f78cb1d5bb6a4dc5cf35a27692b08d
0ec984e69a60ee98e18cb6081bd97ba7cc9b377a,779508c0ba9de62c6d8c858eef6f0d9777a95621
696b49e3b875ad9349b42bb9a354c8dfe4beb382,8d397b4cbc05ad801cfafb421cee39bcfe89711d
9d377e98a0ebf54f30225b0d6359e953997ea96b,7f8c2985a8e447fd18f8b9331d4f35abeadaeb0e
18c239ee22adf55f9698c03066c033d7992bfaa0,779508c0ba9de62c6d8c858eef6f0d9777a95621
18c239ee22adf55f9698c03066c033d7992bfaa0,dbaa687518507d735684e397a55a28b6f45359c7
68695bdb26ffd056e10aeaf54bd7fb20253f58eb,a477aec10d29b4651944cb4292daf06dfa953ea3
751addcb734905235bb23e7c8b160f4602be07bb,16359ec8eeb601f9e9e20a0cc01b6c4e46627d3a
1a8d2164580192a4aad1bf77801cff19fd73417e,8d397b4cbc05ad801cfafb421cee39bcfe89711d
dd5798b57b7ed6d162e2f6805ec74f4759a98e6a,16359ec8eeb601f9e9e20a0cc01b6c4e46627d3a
d5a381f4933e90b3c1bdf0f97faf9eb4c3d61b93,dbaa687518507d735684e397a55a28b6f45359c7
6ac6bf007af05a378783f8d41c2ad6b38b12296c,779508c0ba9de62c6d8c858eef6f0d9777a95621
6ac6bf007af05a378783f8d41c2ad6b38b12296c,16359ec8eeb601f9e9e20a0cc01b6c4e46627d3a
3148cc09ae3683b1acf7b2664994f87e97a34c51,3c0f428f05b248b9ea5f1d640abd6aee8afe49ed
1b5eb36e2f00d1473247698b3e43e70d616ab3b1,dbaa687518507d735684e397a55a28b6f45359c7
1b5eb36e2f00d1473247698b3e43e70d616ab3b1,16359ec8eeb601f9e9e20a0cc01b6c4e46627d3a
1b5eb36e2f00d1473247698b3e43e70d616ab3b1,67f6b32409f78cb1d5bb6a4dc5cf35a27692b08d
1b5eb36e2f00d1473247698b3e43e70d616ab3b1,dbaa687518507d735684e397a55a28b6f45359c7
1b5eb36e2f00d1473247698b3e43e70d616ab3b1,dbaa687518507d735684e397a55a28b6f45359c7
30f8380095110f936be8083ac2e8971a1b825504,ccc56bba8f2ea3ee34d91b4e6ea695230130cd81
30f8380095110f936be8083ac2e8971a1b825504,779508c0ba9de62c6d8c858eef6f0d9777a95621
30f8380095110f936be8083ac2e8971a1b825504,7cfb7b8d0f205b29184888e4837509e1da50ec60
0ea47424ff6b5d93577b149695dc9ce04027b1af,779508c0ba9de62c6d8c858eef6f0d9777a95621
f288368cef80fd7eac25d1ced33515262f77a98b,16359ec8eeb601f9e9e20a0cc01b6c4e46627d3a
f288368cef80fd7eac25d1ced33515262f77a98b,7cfb7b8d0f205b29184888e4837509e1da50ec60
8d695e11478cbed0282c75ed36c6a54eded60922,16359ec8eeb601f9e9e20a0cc01b6c4e46627d3a
17604ec6fe03bd449335b8e087edc07ec7132bbc,7cfb7b8d0f205b29184888e4837509e1da50ec60
aac7b19a7cfe9cb74c5aea824357cce99f7070db,779508c0ba9de62c6d8c858eef6f0d9777a95621
aac7b19a7cfe9cb74c5aea824357cce99f7070db,16359ec8eeb601f9e9e20a0cc01b6c4e46627d3a
aac7b19a7cfe9cb74c5aea824357cce99f7070db,779508c0ba9de62c6d8c858eef6f0d9777a95621
9d7f2498f66c12b4fc1fe19d8fe52971c6c7f3b9,4ec51616859e56edfd9cb2274569aae1b4dcacea
031cb2045de0ed430d539eb3d5c44baa2fe3bc8b,7f8c2985a8e447fd18f8b9331d4f35abeadaeb0e
d963e3dd7f95d1b51f5d04c817decfcd27de72a4,16359ec8eeb601f9e9e20a0cc01b6c4e46627d3a
61848ea2f36a2a9ae254a5ea5a6d2136791eb215,779508c0ba9de62c6d8c858eef6f0d9777a95621
61848ea2f36a2a9ae254a5ea5a6d2136791eb215,16359ec8eeb601f9e9e20a0cc01b6c4e46627d3a
81fe1a3618642bab5166b000725dfb6d4cf9ed8c,16359ec8eeb601f9e9e20a0cc01b6c4e46627d3a
81fe1a3618642bab5166b000725dfb6d4cf9ed8c,779508c0ba9de62c6d8c858eef6f0d9777a95621
3a476a83215c60cf1b7c203558fa1e3c3259057a,ae4fa4b012fca8ad62b75fc9a3de232066215a28
3a476a83215c60cf1b7c203558fa1e3c3259057a,7cfb7b8d0f205b29184888e4837509e1da50ec60
3a476a83215c60cf1b7c203558fa1e3c3259057a,ae4fa4b012fca8ad62b75fc9a3de232066215a28
43dedbbd63ca4a8eb0ea0aedb5b93325e3ef122c,16359ec8eeb601f9e9e20a0cc01b6c4e46627d3a
e93ccfd57aacb4a72356607098aec04dc71ec29c,16359ec8eeb601f9e9e20a0cc01b6c4e46627d3a
8d2a034f9c18988a6a63726767bddecd0d02424d,779508c0ba9de62c6d8c858eef6f0d9777a95621
8d2a034f9c18988a6a63726767bddecd0d02424d,7cfb7b8d0f205b29184888e4837509e1da50ec60
89d72c99be8954976c0681b780bf32d4583a754f,f3fab5184ea5e2a366e016e7b34479779f59a9b1
440ad3b647092316c8d4e63da410ef721ef26bdb,a477aec10d29b4651944cb4292daf06dfa953ea3
b8e79d171a0449afc3814611a6683b4e8e4744b9,779508c0ba9de62c6d8c858eef6f0d9777a95621
8c7f36021acb393bab11beaebfb2070ce4ef1b92,a477aec10d29b4651944cb4292daf06dfa953ea3
46f3ff68b649f5d7f9cc74601eca3ddb4a5cae5a,7f8c2985a8e447fd18f8b9331d4f35abeadaeb0e
4a6f2ec44a0cee0fde7e31105a3da9ef91e27f69,8d397b4cbc05ad801cfafb421cee39bcfe89711d
76cd2f7bf26c98e828da18c551ccd1c41e74a21b,a477aec10d29b4651944cb4292daf06dfa953ea3
1ed114e5490d937bd4c25f308d76d29bec208c04,779508c0ba9de62c6d8c858eef6f0d9777a95621
20e99f5b9313c0f8c429b02787a0f9e691b68a19,38db6fa4658e8074a91f2c541bee3d00fe3ea50a
065af66deb7ff6b53910d3540995a3790deb8876,5850165795c54b8d5de7bef9f69f6fe6b1b4763d
c858420b2d4eb989f2411a7dc6a884a660d15f85,b49e7afe47856202d5871a5b341768c57f92c2c9
6fef0142955dfa779afd71d340d8c8f45f200640,8d397b4cbc05ad801cfafb421cee39bcfe89711d
9712d335e2efcf9d95bef8a9bd879d031f223cbb,a477aec10d29b4651944cb4292daf06dfa953ea3
8dbb025959a560302761e02bad807a3991f9a271,a477aec10d29b4651944cb4292daf06dfa953ea3
8dbb025959a560302761e02bad807a3991f9a271,a477aec10d29b4651944cb4292daf06dfa953ea3
b74da13a75baa1345f72aebceee226f23b8ba9fe,a477aec10d29b4651944cb4292daf06dfa953ea3
b74da13a75baa1345f72aebceee226f23b8ba9fe,a477aec10d29b4651944cb4292daf06dfa953ea3
b74da13a75baa1345f72aebceee226f23b8ba9fe,a477aec10d29b4651944cb4292daf06dfa953ea3
79fa6d41a155e8e5bb0c5a71c65baaedd806b4f7,3c0f428f05b248b9ea5f1d640abd6aee8afe49ed
79fa6d41a155e8e5bb0c5a71c65baaedd806b4f7,5d06918d0748df522ec9444d5742377095df609b
79fa6d41a155e8e5bb0c5a71c65baaedd806b4f7,3c0f428f05b248b9ea5f1d640abd6aee8afe49ed
79fa6d41a155e8e5bb0c5a71c65baaedd806b4f7,3c0f428f05b248b9ea5f1d640abd6aee8afe49ed
89d81b34db2a6cdff4d4986e8360aedda7b4e9ab,3c0f428f05b248b9ea5f1d640abd6aee8afe49ed
c2a55baf80c99df84c3a3d99ec58696ab2141e27,0176ac488e57b77dfa82984c114901d884e90b53
39c18186e1a5bcc4cc5c5f42a9193c1a8b86cd30,0a9b6bedb312eba22c5bc11498b1cc41363e5f27
72b517049aa91b0e9a1ce2914fb3f6e1f3c09a8f,150c522be9919d0c65415adca968972cf131d10b
68aeffe01f442a67a53dd0eff43e9357b0ac3b22,971cda8794fc7b3ee5bac6c37581c444e88a62ad
8b653cde56c132e3f32a6dd4a79ac7be65b121cd,8d397b4cbc05ad801cfafb421cee39bcfe89711d
71676809d61f862325587f180e96a8467c3db2b3,7f790dc0de1ecc9f232e304abcc5e38b9fae98f0
404b7cc069471cc8e0277d398751305665f0d3e1,2bb1c263dbdce8f92ed5af41a729470238157799
cfae3e376d96653e5ad48e0d0398674a954d3637,0a9b6bedb312eba22c5bc11498b1cc41363e5f27
588f0b83e15df0a8ef3930c4a02f4fe4087ab147,a7d032b7071d7477a624836ec36cf23603774c3f
4afaf5e538f2952021f7bb99565974803cbbfafa,8d397b4cbc05ad801cfafb421cee39bcfe89711d
63e0e6c7e4f190591a3255636258c6c4311ab593,8d397b4cbc05ad801cfafb421cee39bcfe89711d
3c0f428f05b248b9ea5f1d640abd6aee8afe49ed,df0121500693ad18e664c2c2781a2d399066b95b
3c0f428f05b248b9ea5f1d640abd6aee8afe49ed,df0121500693ad18e664c2c2781a2d399066b95b
3c0f428f05b248b9ea5f1d640abd6aee8afe49ed,1331e20db5c3ba890a6b94a369b2554782f8dac2
3c0f428f05b248b9ea5f1d640abd6aee8afe49ed,df0121500693ad18e664c2c2781a2d399066b95b
3c0f428f05b248b9ea5f1d640abd6aee8afe49ed,df0121500693ad18e664c2c2781a2d399066b95b
3c0f428f05b248b9ea5f1d640abd6aee8afe49ed,df0121500693ad18e664c2c2781a2d399066b95b
3c0f428f05b248b9ea5f1d640abd6aee8afe49ed,df0121500693ad18e664c2c2781a2d399066b95b
3c0f428f05b248b9ea5f1d640abd6aee8afe49ed,df0121500693ad18e664c2c2781a2d399066b95b
3c0f428f05b248b9ea5f1d640abd6aee8afe49ed,5d06918d0748df522ec9444d5742377095df609b
3c0f428f05b248b9ea5f1d640abd6aee8afe49ed,df0121500693ad18e664c2c2781a2d399066b95b
6d3c7b8a4c1d1a0552a21cfabe03a8d1f344d1ed,8d397b4cbc05ad801cfafb421cee39bcfe89711d
6d3c7b8a4c1d1a0552a21cfabe03a8d1f344d1ed,bd95b22844e9facd2c6f34c644f4b33fd116c2d7
a7d032b7071d7477a624836ec36cf23603774c3f,88bd5e4d909b0cb2819d05b4e5cb94273a9dffe4
89a9ca66887244f09dfdefb5a361ad1f5c44bf77,8d397b4cbc05ad801cfafb421cee39bcfe89711d
167654248bdc19cb49b0588a1d7880f706221aa7,2bb1c263dbdce8f92ed5af41a729470238157799
5aa0e098b48e521f6ffe799143b1a4254b0dd4a3,d032cc967dcd077a2dce3fd5ea6bcf083a798616
5aa0e098b48e521f6ffe799143b1a4254b0dd4a3,d032cc967dcd077a2dce3fd5ea6bcf083a798616
9a6e61426d85462ef8b18630ec5e72fb3d86304d,886a558f75dfa5871b9efe40df91d330df6c0792
9a6e61426d85462ef8b18630ec5e72fb3d86304d,886a558f75dfa5871b9efe40df91d330df6c0792
f7c4ed8926bb883fdb245bd73a77804dd974a14f,0de8860a46960a66af21eb78e7652abf9d871e50
81998935749f8bc8aa5c679fcf90c596e725909f,0de8860a46960a66af21eb78e7652abf9d871e50
81998935749f8bc8aa5c679fcf90c596e725909f,0de8860a46960a66af21eb78e7652abf9d871e50
516bf7bd94d14600920a3d78fdcf51ea7fe48495,8d397b4cbc05ad801cfafb421cee39bcfe89711d
85d208632164e5c4491ea716a79423fb8a456259,90c7ad112f9e53dc6c71c8f47ea2a31b41d06141
9ee1f37bade91d7db490cb3cb702104f268654ae,8d397b4cbc05ad801cfafb421cee39bcfe89711d
a1ba0918ab2f03504066790922cbec841799de09,bd95b22844e9facd2c6f34c644f4b33fd116c2d7
e195bf9495c5f2cb4d35b2b9f777dcd2464ec5b9,e5ba46c30d5db1e660911ea2aee0daead89cf181
5cdfe0f4b1dadbb8c081ad1c2fb7c60c675c12ad,8d397b4cbc05ad801cfafb421cee39bcfe89711d
a3ef44b4ba26fee06ee48508433f870937360c9c,bd95b22844e9facd2c6f34c644f4b33fd116c2d7
c24fae9544bb3f6a6313e9583c875591607bcefc,8d397b4cbc05ad801cfafb421cee39bcfe89711d
a80dd9a92a8d7c201972d1a8b2392e9f893147c8,90c7ad112f9e53dc6c71c8f47ea2a31b41d06141
e27a27b51785c723a72a467cdf620534def69087,bd95b22844e9facd2c6f34c644f4b33fd116c2d7
c0108a269d402d6aea8a3f0d14b5ef32951a4e84,58f86b2d91f5e0cde43166c3bb6b0d02bd5e918f
c0108a269d402d6aea8a3f0d14b5ef32951a4e84,7176c5291e57ccbcbeab962359bb2063ee43dace
0cb7d16ab461c64e8fa6f81a0cc16c2ee7bbc117,8d397b4cbc05ad801cfafb421cee39bcfe89711d
0cb7d16ab461c64e8fa6f81a0cc16c2ee7bbc117,bd95b22844e9facd2c6f34c644f4b33fd116c2d7
0cb7d16ab461c64e8fa6f81a0cc16c2ee7bbc117,58f86b2d91f5e0cde43166c3bb6b0d02bd5e918f
0cb7d16ab461c64e8fa6f81a0cc16c2ee7bbc117,7176c5291e57ccbcbeab962359bb2063ee43dace
9199c721deed602cafe99c1d0356b922c5106500,f420f811c5d74148c495ab0d4f7c8f253fec5f67
e64987d7807e5b0a54429bc969cc60d60e86fc32,febb1fbe13173d8a800843200d6dbd420c86f008
e64987d7807e5b0a54429bc969cc60d60e86fc32,6d5f9ddfffbdcc9abbb73341ba467622b1b17aef
e64987d7807e5b0a54429bc969cc60d60e86fc32,7176c5291e57ccbcbeab962359bb2063ee43dace
dc13115445681c1e04079f6a47668e1f12e6020a,8d397b4cbc05ad801cfafb421cee39bcfe89711d
58f86b2d91f5e0cde43166c3bb6b0d02bd5e918f,f420f811c5d74148c495ab0d4f7c8f253fec5f67
f99579adaa1d312ba0ee4a71badba84e57f197e6,f420f811c5d74148c495ab0d4f7c8f253fec5f67
f2a60a202fd3dd737a968820c7941686ed1d9ddb,3a743ef228a14e07c77c5488b080413643ec9c4b
f2a60a202fd3dd737a968820c7941686ed1d9ddb,1b55e4657cdde870a77a8360b5017f9282ffd33e
7cda49d516c7868341daf12564864cfca8c2d520,9647c5a25724ddd259a4febe7e7f26c058ce3fac
7cda49d516c7868341daf12564864cfca8c2d520,e42c6d4446dd1b5b9f68b1dfd2822c79036c2c3c
9d0242fdc3e9728f6afef5d49c712d24a9c8f49f,38db6fa4658e8074a91f2c541bee3d00fe3ea50a
c8a0a3eff6e18b21feb89cfdd3a375adab6a68e2,6c3fb77f30a50317df2c9ca79b0b9b959ae65732
15f806957f88baa7b530d8dfcf8f045c35f5ddec,90c7ad112f9e53dc6c71c8f47ea2a31b41d06141
15f806957f88baa7b530d8dfcf8f045c35f5ddec,90c7ad112f9e53dc6c71c8f47ea2a31b41d06141
15f806957f88baa7b530d8dfcf8f045c35f5ddec,90c7ad112f9e53dc6c71c8f47ea2a31b41d06141
15f806957f88baa7b530d8dfcf8f045c35f5ddec,90c7ad112f9e53dc6c71c8f47ea2a31b41d06141
648364594c5b289a895ab5479fe83e8ba8308f82,3a743ef228a14e07c77c5488b080413643ec9c4b
57f6cbb3dc12d2dcc3eedd9712c36bb3d39149a5,a5c693dd53cd4b406a0de841cdb20dac104012e0
57f6cbb3dc12d2dcc3eedd9712c36bb3d39149a5,a5c693dd53cd4b406a0de841cdb20dac104012e0
e730a9fdd08e63eabf75963ed9cdc17564cf0bfb,3a743ef228a14e07c77c5488b080413643ec9c4b
6d9096fb3f915117703c19c8cee7acd9d11bc378,5b6b5a64d195d03bf407f5e460915d50268370ce
6d9096fb3f915117703c19c8cee7acd9d11bc378,5b6b5a64d195d03bf407f5e460915d50268370ce
6d9096fb3f915117703c19c8cee7acd9d11bc378,5b6b5a64d195d03bf407f5e460915d50268370ce
1c1d7006c2df3509aaef871cfcfeb5c77fd58884,8d397b4cbc05ad801cfafb421cee39bcfe89711d
3d4889b5cf2c97bdef55912ba9bb8ac5eb9c2976,3a743ef228a14e07c77c5488b080413643ec9c4b
cf94a9ea9599ff1325fb31ba34c3ab913f2bf964,1b55e4657cdde870a77a8360b5017f9282ffd33e
8d397b4cbc05ad801cfafb421cee39bcfe89711d,5b6b5a64d195d03bf407f5e460915d50268370ce
8d397b4cbc05ad801cfafb421cee39bcfe89711d,1b55e4657cdde870a77a8360b5017f9282ffd33e
9647c5a25724ddd259a4febe7e7f26c058ce3fac,1b55e4657cdde870a77a8360b5017f9282ffd33e
